key,lastname
leapheart,1
kerne,1
melgarejo,1
kadner,1
baridon,1
muhl,1
muhn,1
jeannette,1
muha,1
thomaston,1
schierenbeck,1
autobee,1
schrantz,1
verble,1
capata,1
czerniak,1
kerns,1
holstad,1
mcelhenney,1
fasheh,1
muhs,1
muhr,1
reutzel,1
koerper,1
zmolek,1
helfritz,1
griebel,1
mugg,1
dittbrenner,1
serapion,1
bohmker,1
pezley,1
dewulf,1
ibarra,1
keros,1
kimminau,1
ledoux,1
burmeister,1
kovalik,1
kuroda,1
lothrop,1
huesman,1
marohnic,1
wilging,1
kantis,1
araque,1
helie,1
derington,1
jalomo,1
eppes,1
hadden,1
boklund,1
thierauf,1
stoutamire,1
hadder,1
brittin,1
semmler,1
lastrapes,1
furness,1
teaford,1
times,1
swords,1
verbit,1
lashbrook,1
couvillion,1
cipolone,1
beaton,1
cerino,1
helin,1
saager,1
heenan,1
killmon,1
gleisner,1
berlanga,1
bloeser,1
trumbull,1
fashaw,1
takaki,1
folkman,1
scsarpisnato,1
vagt,1
grindstaff,1
whitheld,1
takala,1
slater,1
hersberger,1
isam,1
panora,1
slates,1
slaten,1
stanert,1
flucas,1
muir,1
laeger,1
treutel,1
fentress,1
holster,1
britton,1
ferkel,1
mansel,1
mudd,1
everly,1
blakelock,1
helke,1
manser,1
rusche,1
michaels,1
fabula,1
pinkham,1
slaboda,1
ronson,1
swinson,1
mccarney,1
mimozo,1
kerry,1
mellendorf,1
holsten,1
treuter,1
raffield,1
whipple,1
prevot,1
michaeli,1
ruscio,1
sepulbeda,1
kersh,1
pietrok,1
much,1
halstead,1
muck,1
garren,1
fridman,1
ecoffey,1
takara,1
garret,1
kerst,1
tourville,1
kerss,1
swanzy,1
badillo,1
kanter,1
liebskind,1
haddan,1
glickman,1
guterrez,1
garreh,1
grayson,1
aspinall,1
kerth,1
edelstein,1
muff,1
speegle,1
yacoub,1
trezise,1
tsutsumi,1
delcourt,1
helms,1
neidhardt,1
elmore,1
hegedus,1
haskamp,1
helmy,1
boberg,1
heeney,1
kertz,1
starkes,1
moroles,1
sendejo,1
goodemote,1
hibner,1
shindler,1
akimseu,1
starken,1
timko,1
capati,1
duchesney,1
cangiano,1
tudruj,1
tokita,1
neithercutt,1
dearson,1
starkey,1
helle,1
brittle,1
stambach,1
vaci,1
frascone,1
racanelli,1
badilla,1
courtenay,1
jakubov,1
vaca,1
vijayan,1
beatty,1
ashbrook,1
haddad,1
racanello,1
vane,1
demman,1
oakeson,1
taffe,1
restrepo,1
vang,1
cracraft,1
schoffstall,1
vann,1
garafola,1
stephensen,1
starkie,1
mansir,1
hertzberg,1
glade,1
vant,1
helom,1
manolakis,1
tafel,1
gladu,1
vellekamp,1
brittan,1
wiersteiner,1
manske,1
bedward,1
jakubik,1
atanacio,1
lalanne,1
saldano,1
garris,1
dinnendahl,1
risse,1
peroutka,1
betschart,1
nordling,1
risso,1
kiecker,1
scholzen,1
vasilauskas,1
glady,1
kiger,1
korona,1
saldana,1
diperna,1
musi,1
muse,1
reichmann,1
musa,1
boshears,1
lyons,1
biccum,1
yilma,1
wilkoff,1
kantah,1
homchick,1
murr,1
ferencz,1
abetrani,1
muro,1
hinojosa,1
isip,1
schlotter,1
sivilay,1
muri,1
gafanha,1
piccola,1
mure,1
whippie,1
retort,1
mura,1
neslusan,1
takacs,1
takach,1
bonamico,1
rumps,1
soulia,1
piccolo,1
ference,1
rumph,1
skowyra,1
redfox,1
novack,1
rumpf,1
swainey,1
tacneau,1
aresco,1
mustache,1
piccoli,1
danahy,1
steeples,1
hinckle,1
dolfay,1
bleiweiss,1
frisina,1
pancoast,1
garrod,1
muma,1
hattaway,1
desroches,1
mule,1
fleharty,1
kolakowski,1
potters,1
desrocher,1
masenten,1
gilani,1
scarpino,1
epple,1
kight,1
kokesh,1
garron,1
mull,1
frisino,1
phyfe,1
manson,1
airola,1
capano,1
harpool,1
vail,1
konruff,1
barswell,1
jakubek,1
britten,1
letscher,1
mula,1
bahnsen,1
vaid,1
piccone,1
seivert,1
isch,1
glaab,1
lumas,1
alyea,1
isby,1
vair,1
vais,1
cotnoir,1
luman,1
fialkowski,1
timar,1
manglona,1
timas,1
rimson,1
munz,1
sayyed,1
vall,1
berlandy,1
weisenfels,1
valk,1
holston,1
berentson,1
saeturn,1
lumba,1
vale,1
bobadilla,1
trometter,1
beidleman,1
mguyen,1
vala,1
allaman,1
munl,1
dobkins,1
munk,1
muni,1
kautzman,1
ferryman,1
banfield,1
ijames,1
risto,1
munt,1
muns,1
delabarre,1
supernault,1
muno,1
munn,1
schleicher,1
timbs,1
deterline,1
panone,1
burlette,1
gregoreski,1
kooken,1
mund,1
yacono,1
vaka,1
kooker,1
muna,1
iser,1
prevet,1
ortmann,1
fought,1
takagi,1
mokiao,1
everet,1
pottle,1
tackette,1
gleber,1
martowski,1
rasche,1
mumm,1
tressler,1
jaquess,1
tambasco,1
hartrum,1
schwartzenbur,1
moochler,1
willmore,1
eickhoff,1
landberg,1
potter,1
thoroughgood,1
vaux,1
helvy,1
puterbaugh,1
vandergriend,1
piepenburg,1
helfrich,1
chimeno,1
loader,1
helfrick,1
warren,1
gendusa,1
walkins,1
kubicek,1
munteanu,1
vazguez,1
steitzer,1
nadolny,1
steigerwalt,1
tilus,1
willmott,1
delcampo,1
warrilow,1
steigerwald,1
daisley,1
janisch,1
iron,1
ascenzo,1
pietsch,1
newstead,1
glanz,1
gluszek,1
yarberry,1
pippin,1
sewell,1
torress,1
parinas,1
kiraly,1
brannin,1
prindle,1
cuffia,1
walpole,1
cuffie,1
brumble,1
jackowiak,1
delisle,1
obhof,1
brasfield,1
kuepfer,1
piggott,1
ayyad,1
soderlund,1
harpole,1
thomley,1
harpold,1
stpierrie,1
caparoula,1
vara,1
kerbo,1
finkley,1
pawluch,1
delisio,1
kerbs,1
kerby,1
must,1
slaton,1
czajka,1
irie,1
muss,1
ferentz,1
glahn,1
muta,1
streeper,1
cozza,1
ovdenk,1
kerce,1
cranfield,1
muth,1
granderson,1
marshal,1
marshak,1
cozzi,1
oeltjen,1
finklea,1
fogler,1
warran,1
pielow,1
demedeiros,1
muto,1
couvillier,1
zeminski,1
hougas,1
shapskinsky,1
mutz,1
amavisca,1
vars,1
verdone,1
finkler,1
mcwright,1
demmel,1
varn,1
demmer,1
vari,1
walking,1
vath,1
bobeck,1
lakey,1
lakes,1
bendzans,1
felicione,1
chandsawangbh,1
reckers,1
laker,1
vass,1
kirklin,1
derenthal,1
torreon,1
soulek,1
vasi,1
mansur,1
rascoe,1
soules,1
lulic,1
sturghill,1
sooter,1
helper,1
conway,1
pipper,1
cozzy,1
kimler,1
kercy,1
gillespi,1
stephenson,1
rascon,1
shaben,1
kenworthy,1
pippen,1
torrent,1
shabel,1
sivills,1
irle,1
liptak,1
relacion,1
torrens,1
tricarico,1
giancaspro,1
swancey,1
zoebisch,1
tinley,1
kuzemchak,1
mcglamery,1
crocco,1
killmer,1
gangestad,1
banchero,1
haddon,1
bergner,1
galluzzo,1
glaue,1
albarazi,1
beaule,1
glatz,1
boursiquot,1
mckasson,1
rumbo,1
dolese,1
soukup,1
glaus,1
gasaway,1
schierbrock,1
galluzzi,1
leidig,1
midgette,1
stanczyk,1
liptok,1
fongvongsa,1
tubertini,1
kurnik,1
fonesca,1
lipton,1
ritch,1
foglia,1
heman,1
torrell,1
growden,1
lakin,1
liptow,1
falack,1
hesselbach,1
ikuta,1
brannon,1
foglio,1
glatt,1
shabot,1
mordecai,1
savely,1
haddow,1
haddox,1
hladik,1
harbough,1
naasz,1
goepfarth,1
kerin,1
shehan,1
machacek,1
tilly,1
savela,1
takeshita,1
korpal,1
glawe,1
savell,1
kirklen,1
takata,1
angleberger,1
rametta,1
donahue,1
ganong,1
venzeio,1
tinlin,1
rosengarten,1
glave,1
freudenstein,1
kuether,1
hallmark,1
ruman,1
leider,1
demmon,1
rybowiak,1
bowland,1
claffey,1
tille,1
pilley,1
hemby,1
deacon,1
shehab,1
kirkley,1
piller,1
lulow,1
rockwell,1
burgdorfer,1
siderman,1
busuttil,1
fineout,1
bettenhausen,1
killman,1
marroquin,1
yelverton,1
sciara,1
tilow,1
annibale,1
novara,1
eurbin,1
christenberry,1
wanta,1
pritchet,1
cavezon,1
strandberg,1
wanty,1
wantz,1
raymore,1
langshaw,1
hladek,1
carmody,1
chamnanphony,1
warrix,1
horsman,1
nesti,1
slatin,1
valintine,1
gungor,1
scontras,1
mccarvill,1
lapsley,1
cerise,1
madkin,1
norals,1
wiedeman,1
raymond,1
laughary,1
hoecker,1
glass,1
difrancesco,1
riter,1
cuffee,1
rumer,1
donahoe,1
robnett,1
taualii,1
goodnoe,1
traficante,1
stetler,1
brannum,1
preuss,1
donahoo,1
wheary,1
gutterman,1
standerwick,1
gajica,1
michalicek,1
thomasson,1
wigginton,1
maciejczyk,1
pillai,1
rohaley,1
kansky,1
bonesteel,1
pillar,1
goodnow,1
vittorio,1
gustison,1
haddix,1
neyhart,1
eckmeyer,1
urueta,1
mcmina,1
beasly,1
bohanan,1
lunemann,1
savery,1
uselman,1
vignola,1
corneluis,1
merendino,1
menches,1
orzel,1
mcminn,1
mooneyhan,1
uerkwitz,1
ungerleider,1
ensing,1
menchen,1
neisler,1
demendonca,1
sheffo,1
slaugh,1
eagin,1
coyt,1
deniken,1
mounts,1
timothy,1
swickheimer,1
broughton,1
elfenbein,1
pillow,1
hightree,1
garsee,1
timothe,1
deerman,1
niedzwiecki,1
kirkman,1
beason,1
thackaberry,1
hoffis,1
halton,1
lefrancois,1
stmary,1
katheder,1
flasher,1
trillana,1
klipfel,1
vallentine,1
froschheiser,1
thorade,1
afflick,1
audet,1
schwimmer,1
griebling,1
schoeneck,1
haltom,1
vidulich,1
beesley,1
pillon,1
madill,1
espada,1
coombes,1
plock,1
pillot,1
coomber,1
ploch,1
hammerlund,1
gillstrap,1
carducci,1
haggard,1
manter,1
goodwater,1
mantel,1
hemon,1
tadgerson,1
snively,1
mantey,1
pliska,1
santerre,1
maritn,1
meginnes,1
jannett,1
bellanger,1
deblanc,1
slominski,1
swinton,1
leifer,1
maritt,1
legrand,1
wrench,1
madina,1
rotermund,1
heimbaugh,1
coup,1
eagen,1
tirpak,1
westmark,1
starrett,1
eager,1
haggart,1
ruddell,1
cova,1
mcalary,1
cove,1
marius,1
porcaro,1
madine,1
mcbrady,1
ferrigno,1
tinucci,1
hemme,1
goodner,1
liffick,1
garsia,1
sunkel,1
poletski,1
moscrip,1
alvarenga,1
fasick,1
dobison,1
manthe,1
parramore,1
deegan,1
tiley,1
neuby,1
coye,1
obleton,1
bennerman,1
dallison,1
alvarengo,1
schlender,1
lindamood,1
touchet,1
largin,1
eskind,1
tague,1
larimer,1
sylvian,1
ehigiator,1
legrant,1
popichak,1
mantia,1
barclay,1
techau,1
kippley,1
eskins,1
pulford,1
debruler,1
savers,1
hartsch,1
audia,1
hanusey,1
whistlehunt,1
coxe,1
mantik,1
audie,1
rothfuss,1
hayton,1
hechinger,1
garsjo,1
malhotra,1
halter,1
manganaro,1
camacho,1
garske,1
eviston,1
mizutani,1
moccia,1
rulon,1
insley,1
ficklin,1
wanous,1
mantis,1
garski,1
madise,1
coltrin,1
shader,1
selover,1
hemry,1
alwine,1
moccio,1
mizell,1
eagan,1
kifer,1
eagar,1
sicheneder,1
beneuento,1
mcfatridge,1
jurkiewicz,1
mclafferty,1
gladysiewski,1
lehnhoff,1
bronder,1
brandstetter,1
bustad,1
nikaido,1
parayuelos,1
kobylarz,1
mantle,1
mcghinnis,1
sheridan,1
lopiccalo,1
pilkinton,1
ritts,1
frohock,1
burleson,1
naber,1
irey,1
gianino,1
crounse,1
largen,1
dowgiallo,1
abramson,1
larger,1
guffanti,1
redenz,1
siembida,1
gehrett,1
maditz,1
barcley,1
langarica,1
hempe,1
nierman,1
cobbett,1
jannell,1
loyack,1
kukielka,1
jaiyesimi,1
lybarger,1
oberbeck,1
guertin,1
gather,1
issacs,1
garson,1
echter,1
britsch,1
rhinebolt,1
aguallo,1
curbelo,1
lamay,1
frossard,1
lambe,1
eddinger,1
manton,1
wichterman,1
irby,1
pearlstein,1
virrey,1
fosburg,1
danforth,1
lulas,1
mesecher,1
baranovic,1
laman,1
mclauglin,1
sienicki,1
lamas,1
schramel,1
schramek,1
lamar,1
lamax,1
cozby,1
audas,1
gibson,1
cauley,1
bendana,1
gruiger,1
bringard,1
chimera,1
kimberling,1
zoelle,1
nickson,1
kiffe,1
kamrath,1
tagle,1
hoffer,1
orender,1
hardage,1
vallerand,1
colbenson,1
coenen,1
redell,1
wrenne,1
largay,1
jennison,1
curnow,1
verano,1
hoffee,1
derfler,1
beamesderfer,1
kirbie,1
whitrock,1
malinchalk,1
verant,1
scheidler,1
kettlewell,1
daurizio,1
cozad,1
bendall,1
loosen,1
offerdahl,1
buster,1
rothenbach,1
dilucca,1
schowalter,1
runner,1
mooneyham,1
bakemeier,1
marjan,1
loosey,1
willrich,1
heggestad,1
castanado,1
honokaupu,1
hayter,1
marian,1
stanger,1
oligee,1
berthold,1
vannatta,1
stangel,1
bustle,1
roesler,1
bertholf,1
ermita,1
garrow,1
zukowski,1
sanfiorenzo,1
zellefrow,1
wildridge,1
dancel,1
sarwinski,1
dancer,1
devenny,1
zukowsky,1
villacrusis,1
dancey,1
morrisroe,1
gustitus,1
piekos,1
hopple,1
taetzsch,1
mounce,1
mirafuentes,1
marangoni,1
gordis,1
loosli,1
demler,1
oliger,1
klakowicz,1
maslakowski,1
loosle,1
dolgas,1
wurst,1
marschel,1
mcgurie,1
fleischer,1
rarogal,1
wurth,1
shehorn,1
gordin,1
lietzke,1
nette,1
marich,1
ploss,1
chapmond,1
loehrs,1
netti,1
wurtz,1
fenger,1
pontin,1
pocklington,1
coaker,1
induddi,1
pennebaker,1
shefte,1
lukin,1
wurts,1
ganner,1
mondejar,1
netto,1
terepka,1
charland,1
benadom,1
boblett,1
terherst,1
blatter,1
plott,1
gahring,1
bohanon,1
natoli,1
plotz,1
penberthy,1
schrandt,1
goodmon,1
bustin,1
bargerstock,1
overbough,1
newmark,1
vandegrift,1
marien,1
fairhurst,1
schildknecht,1
jarrett,1
clinard,1
waltersdorf,1
haushalter,1
ichinotsubo,1
marier,1
dondlinger,1
villagrana,1
solomons,1
tagge,1
holsapple,1
palifka,1
bachorski,1
nodurft,1
surprenant,1
hogrefe,1
wildeman,1
ficklen,1
esannason,1
longhenry,1
koroma,1
equils,1
bustos,1
gorder,1
henao,1
gorden,1
helaire,1
bilous,1
gordey,1
prizio,1
marschke,1
lalin,1
lalim,1
shartrand,1
liccketto,1
ploof,1
lukes,1
werremeyer,1
mcgaughy,1
rullo,1
ponter,1
stanganelli,1
pontes,1
nuetzman,1
desatnik,1
rulli,1
warmbrod,1
strumpf,1
varella,1
gathje,1
rosasco,1
triplette,1
smaldone,1
zanderigo,1
koenigs,1
paseur,1
luken,1
sailer,1
bergold,1
luker,1
bumgarner,1
giandelone,1
caplener,1
deserio,1
kelstrom,1
lussier,1
gillette,1
tirone,1
aceves,1
scharrer,1
lampke,1
vandegriff,1
billiter,1
sugerak,1
castanada,1
tokich,1
tirona,1
soorus,1
lallo,1
aguila,1
beathe,1
cullity,1
lalli,1
hoppes,1
sailor,1
longfield,1
riemann,1
hopper,1
bolduan,1
butkovich,1
montembeau,1
lockett,1
lalla,1
hoppel,1
tibbit,1
meisenburg,1
lamoine,1
wegmann,1
kotterna,1
higdon,1
kerkman,1
metayer,1
curbeam,1
meginnis,1
cutshaw,1
quituqua,1
gordan,1
dorcelus,1
moerman,1
mantuano,1
hendy,1
plona,1
sinistore,1
alimento,1
crispell,1
ramariz,1
lally,1
britson,1
luksa,1
allegrini,1
dissinger,1
whitling,1
mccumber,1
stangle,1
hartson,1
naraine,1
tinker,1
patzner,1
aguino,1
lampey,1
tankersley,1
hartsoe,1
turbacuski,1
schepers,1
valliere,1
hemenway,1
lamper,1
scheppe,1
beatie,1
ingham,1
hence,1
gasbarro,1
barbadillo,1
hembree,1
hench,1
laframboise,1
fillinger,1
tinkey,1
yamakawa,1
potsander,1
santmyer,1
gastineau,1
goldtrap,1
swander,1
hembrey,1
gannon,1
purtell,1
deveney,1
viard,1
dollahite,1
vibert,1
lalka,1
ensign,1
gannoe,1
franpton,1
henby,1
brainerd,1
khaleck,1
viars,1
kamradt,1
schepis,1
sliter,1
kszaszcz,1
koroch,1
lukow,1
dotolo,1
majmundar,1
kantor,1
koening,1
deblauw,1
rotenberry,1
granroth,1
danielle,1
redican,1
tanniehill,1
blattel,1
marina,1
shockey,1
hoppin,1
storjohann,1
petersdorf,1
eagle,1
lampel,1
tinkle,1
timoteo,1
daniello,1
devinney,1
hinrichs,1
crickmore,1
khaleel,1
henig,1
jeanquart,1
mccumbee,1
viall,1
pampusch,1
raghunandan,1
viale,1
mway,1
mizzell,1
przygocki,1
nabor,1
deblasi,1
wennersten,1
growell,1
schlussel,1
lietzow,1
deblase,1
depriest,1
cullins,1
lachino,1
aguire,1
marion,1
eagon,1
pretty,1
constantineau,1
nordahl,1
faubion,1
utzig,1
pieczynski,1
schepens,1
heney,1
pretti,1
marine,1
therres,1
fillingim,1
ruley,1
marini,1
drumheiser,1
maring,1
lockery,1
plohr,1
lalor,1
hengl,1
quihuiz,1
marino,1
chovanec,1
manual,1
dufner,1
gertner,1
terpening,1
toolson,1
korfhage,1
inghem,1
coffinberger,1
viano,1
viana,1
drorbaugh,1
coyne,1
koerner,1
wanner,1
marsell,1
westberry,1
soratos,1
nadile,1
coutre,1
leviner,1
breidenthal,1
fermin,1
glendenning,1
fassett,1
donaghe,1
shatzer,1
stanhope,1
buganski,1
pascal,1
bursley,1
geanopulos,1
snedegar,1
steppello,1
morrissey,1
kintigh,1
caligiuri,1
donaghy,1
pooyouma,1
pastore,1
czekaj,1
bednarczyk,1
sander,1
sissell,1
heelan,1
rival,1
figueredo,1
angermeier,1
starich,1
levings,1
sandez,1
zwingman,1
wubbena,1
dolhon,1
glanzer,1
willrett,1
sandel,1
knknown,1
rivas,1
pastora,1
curran,1
christina,1
sanden,1
haithcock,1
slaven,1
hauptman,1
swopes,1
manuia,1
swailes,1
hemmelgarn,1
auces,1
strahan,1
baranoski,1
barchus,1
lamus,1
huyser,1
marciniak,1
sechrist,1
musigdilok,1
hapgood,1
mccarley,1
cazel,1
bleicher,1
scutt,1
manuel,1
steggeman,1
naumann,1
eaddy,1
manues,1
kuperman,1
lyman,1
elumbaugh,1
eades,1
geeding,1
eader,1
coutts,1
pavlicek,1
walkley,1
haggstrom,1
angelotti,1
stancle,1
helmly,1
lapoint,1
helmle,1
duteau,1
drumgo,1
kettl,1
bandemer,1
klammer,1
bartosik,1
einwalter,1
rodricks,1
sandin,1
liebrecht,1
sheikh,1
parillo,1
idris,1
gurnett,1
dajani,1
druvenga,1
meikle,1
calame,1
stovell,1
tubeszewski,1
snowden,1
cavallero,1
malmberg,1
lukehart,1
snowder,1
slavis,1
drawbaugh,1
knellinger,1
sandhu,1
keltner,1
helmke,1
beesmer,1
slavik,1
slavin,1
neveu,1
sheild,1
never,1
engard,1
lardin,1
neves,1
bongers,1
coxwell,1
hibler,1
nevel,1
drennon,1
lumbreras,1
keppers,1
hibley,1
carmley,1
sandor,1
govern,1
govero,1
verhaeghe,1
tadeo,1
fairley,1
scaife,1
sandow,1
govert,1
guerinot,1
sandoz,1
sandos,1
licciardi,1
peretz,1
gaffke,1
uglum,1
lance,1
reddix,1
strahin,1
nordby,1
lesieur,1
vanderstappen,1
willenbring,1
reddin,1
bennefield,1
delsoin,1
ptaschinski,1
bellmore,1
vangundy,1
reddig,1
bugler,1
bossley,1
willenbrink,1
cisney,1
ferman,1
bossler,1
reddic,1
tinius,1
helmig,1
houdek,1
hejny,1
sandoe,1
lauzon,1
ezernack,1
cianciulli,1
lands,1
landt,1
landu,1
kieft,1
agumga,1
fromdahl,1
landy,1
dimick,1
remsberg,1
devalle,1
rowlands,1
lando,1
rombult,1
hielscher,1
kieff,1
calais,1
dunning,1
drennan,1
mintzer,1
ownby,1
fedrick,1
nevin,1
lamore,1
mancillas,1
goldbach,1
nevil,1
wallerich,1
rouselle,1
jurasek,1
nevis,1
mchugh,1
karpinen,1
lamora,1
guedesse,1
lande,1
nordan,1
arizzi,1
etheredge,1
perera,1
esenwein,1
cser,1
desruisseaux,1
kormos,1
landi,1
stawicki,1
gilomen,1
stazenski,1
sunstrom,1
lancz,1
landa,1
bearup,1
saines,1
scull,1
helmen,1
kundanani,1
iulo,1
helmer,1
helmes,1
hysell,1
lamour,1
chesher,1
rocheleau,1
laplaunt,1
steptore,1
astolfi,1
whooper,1
haliburton,1
lindman,1
gaffey,1
susanin,1
bunting,1
lukas,1
sandry,1
gaffer,1
moronta,1
milfort,1
owney,1
fairweather,1
margison,1
havermale,1
lamott,1
vacanti,1
fogerson,1
vacante,1
lukan,1
werderman,1
milford,1
sibley,1
banyas,1
strahle,1
ownes,1
conzales,1
christian,1
spenser,1
norden,1
conzalez,1
hasfjord,1
nadine,1
bearse,1
menard,1
letteer,1
sandri,1
gipson,1
nading,1
degrave,1
kindrick,1
igbinosun,1
keliipio,1
drennen,1
sandra,1
drenner,1
jurasin,1
kirshman,1
pirieda,1
lehtomaki,1
francisco,1
reliford,1
angevine,1
mcleland,1
kieck,1
ennaco,1
foppiano,1
runkel,1
norder,1
nordes,1
arabian,1
ponton,1
hootman,1
cestone,1
havermann,1
bercier,1
sheive,1
aubut,1
minarcin,1
minarcik,1
harborth,1
hogelin,1
grabowski,1
rosavio,1
rebik,1
klonoski,1
recidivi,1
bibiloni,1
richesin,1
destro,1
sheridon,1
dimino,1
degrass,1
lazaroff,1
mattingley,1
neuse,1
kimbrel,1
tennyson,1
pridgett,1
catanese,1
kellett,1
janning,1
lamia,1
higson,1
norcia,1
lamie,1
degrate,1
kiely,1
sthill,1
pienta,1
grabowsky,1
chananie,1
elsmore,1
majano,1
azzarito,1
nevers,1
vizzini,1
espana,1
lohrmann,1
shadix,1
harrigton,1
przepiora,1
garone,1
ulabarro,1
coarsey,1
dressen,1
dresser,1
lavinder,1
branstutter,1
backlund,1
standen,1
windmeyer,1
lamke,1
jourdan,1
incera,1
dressel,1
shadid,1
pantosa,1
sandus,1
tereska,1
alcaide,1
lymon,1
svedine,1
conyer,1
demont,1
pridgeon,1
bennafield,1
criscillis,1
ketch,1
sterback,1
yockers,1
potvin,1
drewniak,1
jannise,1
reber,1
soricelli,1
neveux,1
redden,1
rebel,1
shadle,1
taggart,1
erding,1
kiehn,1
kiehm,1
sheumaker,1
boomershine,1
ayscue,1
codeluppi,1
redder,1
lanciotti,1
fantroy,1
kiehl,1
rasely,1
delbosque,1
whitefield,1
kimbril,1
economy,1
bawden,1
ketay,1
aubry,1
itri,1
demond,1
coutee,1
minutillo,1
minkins,1
lominack,1
marinkovic,1
swoope,1
weitze,1
korner,1
kieke,1
lamons,1
buehring,1
lamont,1
swartzmiller,1
kropidlowski,1
lamer,1
leszczynski,1
richeson,1
acocella,1
lamey,1
lamond,1
kaigle,1
rehfeld,1
pedralba,1
spiegler,1
peeling,1
siptak,1
shakoor,1
spitzer,1
ennals,1
coutch,1
sawtelle,1
rebar,1
imholte,1
degrand,1
harville,1
bucknell,1
rytuba,1
briggerman,1
cyler,1
fairman,1
swayzer,1
mehserle,1
rainford,1
mahnken,1
harvilla,1
schoettle,1
kellems,1
lardydell,1
lampe,1
redifer,1
gazzara,1
swavely,1
rademaker,1
kirakosyan,1
oehler,1
gately,1
parilla,1
sampedro,1
lampp,1
marfil,1
shadow,1
fornaro,1
demory,1
zerangue,1
lampi,1
windell,1
bronstein,1
lampo,1
eadie,1
cardell,1
lampl,1
pereda,1
demora,1
halward,1
porowski,1
demore,1
janczunski,1
stoebner,1
maready,1
niemeier,1
peredo,1
peredz,1
brungard,1
standke,1
ferriera,1
soltren,1
levinthal,1
bednarowicz,1
costain,1
cardena,1
dimitt,1
tibbals,1
rackley,1
kaighn,1
hoepfner,1
carpenter,1
chinnery,1
pavlides,1
currin,1
digiorgio,1
hickmon,1
hnyda,1
goldbaum,1
bonfield,1
eggleston,1
miskelly,1
bockskopf,1
currie,1
warton,1
leverentz,1
middlebrook,1
auble,1
coyier,1
sarjent,1
stander,1
leibel,1
leiber,1
aubin,1
leibee,1
lemmons,1
sharbono,1
affleck,1
rivie,1
jendrick,1
feyen,1
minalga,1
siddiqi,1
falchi,1
hopman,1
resnick,1
helmus,1
christine,1
lemmond,1
perego,1
wintjen,1
cornelson,1
surman,1
nevens,1
hochman,1
fuerbringer,1
lamme,1
christion,1
lammi,1
tatsuhara,1
tezak,1
matczak,1
frohwein,1
mulich,1
brancati,1
lammy,1
presto,1
chhoun,1
brancato,1
hufana,1
parlier,1
morones,1
chhour,1
presti,1
sanderford,1
tokley,1
radomski,1
haggans,1
kiest,1
fahnestock,1
bulkley,1
kiesz,1
beddingfield,1
currey,1
demott,1
zimmerebner,1
durough,1
degraff,1
geralds,1
hodkinson,1
curren,1
mikulecky,1
geraldo,1
nevels,1
auckley,1
yaskiewicz,1
rohanna,1
herkert,1
presta,1
lamon,1
rivel,1
moroney,1
mazzella,1
falwell,1
nonaka,1
lamos,1
mohmand,1
abina,1
troller,1
kimbrow,1
rivet,1
demichele,1
demoss,1
rives,1
river,1
spruell,1
swarat,1
lindley,1
agilar,1
dufort,1
lindler,1
reath,1
glaza,1
rampley,1
theroux,1
glaze,1
picchetti,1
stellpflug,1
mcmenamin,1
scarberry,1
luisi,1
duford,1
fu,1
shehee,1
luiso,1
lynam,1
malouff,1
iacovino,1
lynah,1
aulbach,1
aadland,1
erazmus,1
rofkahr,1
he,1
hovanesian,1
wernsman,1
finneran,1
presho,1
ha,1
hokanson,1
presha,1
cayce,1
tumlinson,1
adjutant,1
caylor,1
clippard,1
degraaf,1
gu,1
reaux,1
bottella,1
whedon,1
go,1
laidler,1
du,1
greenhill,1
dy,1
schlensker,1
twinam,1
trimino,1
servant,1
gorenberg,1
kahahane,1
sances,1
skorupski,1
abila,1
bridgman,1
testani,1
sancen,1
servano,1
dk,1
rydeen,1
gorans,1
elijah,1
do,1
veleta,1
menapace,1
ouimette,1
campolo,1
connolly,1
mckerrow,1
roesing,1
newey,1
lanze,1
kassabian,1
lubinsky,1
campoli,1
degrace,1
abild,1
ee,1
lanza,1
el,1
newes,1
ek,1
leidel,1
newer,1
aubel,1
auber,1
lanzo,1
em,1
warth,1
lanzi,1
farwick,1
standre,1
bidlack,1
lynde,1
gaffigan,1
buntjer,1
cayer,1
lubinski,1
tesauro,1
bo,1
kammler,1
lynds,1
gatesy,1
engelstad,1
bi,1
manvel,1
aningalan,1
gullion,1
be,1
frock,1
pollett,1
lesane,1
benston,1
gaters,1
cardero,1
fullwiler,1
lynes,1
winders,1
ambeau,1
brenhaug,1
califano,1
phoeuk,1
holiday,1
co,1
rollison,1
tinin,1
fambrough,1
nurthen,1
skilton,1
pritcher,1
cardera,1
neiswonger,1
schempp,1
twiner,1
buntrock,1
cuffman,1
merkwan,1
boast,1
saadat,1
prondzinski,1
tines,1
piirto,1
tiner,1
colligan,1
lighter,1
tineo,1
campora,1
nydick,1
mcglauflin,1
stanczak,1
sigers,1
mcwilson,1
reary,1
marinelli,1
laidlaw,1
hillery,1
craw,1
cray,1
hillers,1
atmore,1
marinello,1
ledlow,1
stutsman,1
mcmurry,1
sanchz,1
cassavaugh,1
margot,1
cran,1
reash,1
ba,1
hilliker,1
cram,1
borsari,1
rease,1
lynch,1
dituri,1
olecki,1
ar,1
marinella,1
dorshimer,1
ax,1
aw,1
marsden,1
buland,1
au,1
iserman,1
ao,1
dauzart,1
cayea,1
gulling,1
an,1
biddinger,1
lustberg,1
muckenthaler,1
seanger,1
sancho,1
hellen,1
pantojz,1
kiddy,1
ohaver,1
no,1
ledlie,1
brannen,1
mossbarger,1
ny,1
branner,1
froid,1
heller,1
reali,1
epson,1
letalien,1
cousey,1
helley,1
kilmartin,1
on,1
ok,1
couser,1
hassenger,1
bularz,1
reale,1
oh,1
paterniti,1
ou,1
reamy,1
or,1
pantoja,1
winslette,1
madewell,1
biersack,1
echemendia,1
board,1
ow,1
reams,1
oz,1
pa,1
ballantyne,1
weiter,1
shafer,1
lapointe,1
po,1
pi,1
lo,1
noreen,1
pruessner,1
lynge,1
nygaard,1
jacobitz,1
upchurch,1
crew,1
lu,1
ly,1
niebaum,1
shimura,1
civitello,1
drungo,1
burchfield,1
guccione,1
reano,1
kanwar,1
totter,1
salvaggio,1
mc,1
ma,1
sandblom,1
orlich,1
mcnight,1
me,1
burlando,1
totten,1
brangers,1
wittekind,1
lesage,1
mo,1
falkenberg,1
lenahan,1
schwertfeger,1
youngblood,1
mt,1
boldrin,1
tinch,1
mu,1
abide,1
cree,1
presas,1
bankert,1
crea,1
saadeh,1
sotello,1
mohring,1
hruska,1
na,1
guisti,1
ng,1
purfeerst,1
semonick,1
bengochia,1
ni,1
bernadette,1
herford,1
hellar,1
alattar,1
trueblood,1
brannan,1
ju,1
presby,1
brannam,1
jn,1
cousin,1
jo,1
magpali,1
cadwallader,1
perdue,1
figueira,1
warns,1
drummond,1
guardino,1
laredo,1
ke,1
fortgang,1
lightle,1
swarey,1
ka,1
artmann,1
yslava,1
meiler,1
warne,1
ky,1
whigum,1
ku,1
boane,1
ko,1
ledley,1
carkhuff,1
pantone,1
agamao,1
lynne,1
gennaro,1
agular,1
li,1
pantoni,1
le,1
lujan,1
townsand,1
reaid,1
la,1
dandoy,1
danford,1
heyduck,1
sandstede,1
donaher,1
ackerson,1
hu,1
sunier,1
rawicki,1
rhoades,1
donahey,1
ho,1
hadges,1
bueckers,1
ryerson,1
lubell,1
sandstedt,1
tunnell,1
feijoo,1
hy,1
pascua,1
etzler,1
migneault,1
kimbral,1
cirigliano,1
hickman,1
slingluff,1
broadhead,1
altrogge,1
guichard,1
hiltner,1
nosworthy,1
izzard,1
tafiti,1
kirshner,1
im,1
in,1
weyandt,1
hornyak,1
caseres,1
ip,1
macnamara,1
bercher,1
suniga,1
nowinski,1
oblak,1
ji,1
froio,1
klemencic,1
neisius,1
shapero,1
lareau,1
champlain,1
boals,1
clakley,1
jeffries,1
dufour,1
crim,1
pulfrey,1
capels,1
richmann,1
yasurek,1
gullick,1
meyering,1
capelo,1
creggett,1
capell,1
luick,1
henretta,1
ready,1
hardcastle,1
pushaw,1
bertucci,1
xu,1
margan,1
ultseh,1
bustamante,1
malotte,1
slack,1
mazariego,1
clinebell,1
hickley,1
reade,1
slade,1
bienvenu,1
allaire,1
landenberger,1
youngren,1
fouche,1
wu,1
foucha,1
indelicato,1
kesey,1
vy,1
reado,1
nordin,1
vilello,1
frishkorn,1
underberg,1
bernardino,1
kudrna,1
pascoe,1
keser,1
bernardini,1
anello,1
zielonko,1
dijulio,1
kudron,1
fromm,1
robles,1
boahn,1
kesek,1
reagh,1
penhall,1
anelli,1
gandrud,1
vu,1
martinie,1
nabozny,1
roblez,1
sommerfeldt,1
robley,1
isla,1
ganley,1
socorro,1
warsaw,1
vo,1
vandover,1
roblee,1
miville,1
zielonka,1
uy,1
moznett,1
ultsch,1
madler,1
kalkwarf,1
coelho,1
ve,1
madlem,1
chesick,1
va,1
bertolasio,1
slaff,1
kniphfer,1
bagwill,1
uk,1
fronk,1
ur,1
us,1
crofts,1
vezina,1
um,1
warde,1
shepperdson,1
swartz,1
ty,1
martiniz,1
nevue,1
isle,1
tu,1
martinis,1
shimabukuro,1
uc,1
prvitt,1
lanka,1
helman,1
mantano,1
kurdyla,1
swarts,1
to,1
calisto,1
thenhaus,1
mcmurdo,1
kesby,1
trongone,1
croy,1
frost,1
amberg,1
alpizar,1
burkart,1
crow,1
te,1
svennungsen,1
messenger,1
fross,1
schroll,1
cron,1
crom,1
caliguire,1
malkani,1
domangue,1
danehy,1
kowalchick,1
ta,1
waren,1
su,1
burkard,1
kirsten,1
ambert,1
lango,1
sy,1
fredricks,1
ambers,1
vanetta,1
wares,1
policastri,1
oatridge,1
felberbaum,1
tresca,1
redcay,1
issa,1
so,1
taglieri,1
gorbet,1
cousar,1
policastro,1
lanie,1
se,1
fellenbaum,1
si,1
hicklin,1
lurvey,1
sa,1
weigert,1
tresch,1
newhook,1
waterworth,1
lynum,1
rzasa,1
boady,1
martinea,1
rochenstire,1
rineheart,1
ro,1
mardirosian,1
rm,1
housemate,1
korman,1
alverson,1
gozman,1
re,1
klenovich,1
flannagan,1
warga,1
valakas,1
schenck,1
reach,1
ra,1
jardell,1
isom,1
roblin,1
coello,1
ison,1
laney,1
uglow,1
edster,1
lanen,1
locantore,1
gorbea,1
legallo,1
zumpfe,1
wargo,1
runkle,1
timus,1
lanes,1
langi,1
slivka,1
martinez,1
weddington,1
zumstein,1
finstad,1
alisauskas,1
lange,1
wentzel,1
nordon,1
uriostejue,1
py,1
vasconcelos,1
martinek,1
martinel,1
hobson,1
batesole,1
kummerow,1
schroot,1
pu,1
martinex,1
martines,1
martinet,1
slaby,1
schwulst,1
lubeck,1
pasche,1
dewyer,1
keliipaakaua,1
margis,1
desautelle,1
guardian,1
weissenborn,1
bruckmeier,1
roblow,1
course,1
myer,1
myes,1
martinon,1
gilcoine,1
heldt,1
weigelt,1
schrope,1
lantz,1
rotramel,1
helde,1
benevento,1
servais,1
schlissel,1
schweiner,1
leicht,1
ghoston,1
krauser,1
soderquist,1
barrington,1
adolphe,1
martinov,1
surles,1
botwin,1
oehmke,1
lanum,1
helen,1
dicampli,1
warsme,1
helem,1
froyd,1
weisse,1
crossfield,1
whitenton,1
gathers,1
higbee,1
courts,1
tacopino,1
crum,1
lettinga,1
stricker,1
ochwat,1
koogle,1
niedermaier,1
seawood,1
dimascio,1
cruz,1
vandenberghe,1
hechmer,1
woollard,1
willitzer,1
finster,1
sefcik,1
medalion,1
wetherington,1
stanely,1
kizior,1
dolhun,1
boisselle,1
footer,1
hartung,1
glazner,1
auala,1
dattilio,1
solmonson,1
beherns,1
bertagnolli,1
oehmig,1
rippeon,1
timpe,1
wolters,1
schrott,1
mondella,1
kearbey,1
waggoner,1
auletta,1
averhart,1
timon,1
mondelli,1
margel,1
cudney,1
dittrick,1
pinkins,1
mahajan,1
tilghman,1
dittrich,1
keske,1
smouse,1
iacobellis,1
bergman,1
schroth,1
yoakum,1
chittester,1
cayne,1
brozyna,1
reinartz,1
esselman,1
ferlic,1
kerksiek,1
guiski,1
macguire,1
sainte,1
bearce,1
mirabal,1
vanheusen,1
crye,1
sanday,1
sandau,1
bogdanovich,1
luing,1
snedeger,1
timms,1
duffield,1
lanna,1
lemings,1
timme,1
georgl,1
allensworth,1
culpepper,1
higbie,1
georgi,1
melbert,1
lanno,1
cunliffe,1
boggess,1
gleave,1
hornberger,1
melberg,1
perdew,1
lanni,1
beards,1
heinbach,1
tancredi,1
ye,1
ya,1
krigbaum,1
smitley,1
newby,1
myhr,1
george,1
peirson,1
yu,1
foringer,1
mondello,1
mccarraher,1
buckbee,1
capece,1
yo,1
warson,1
kudrle,1
yi,1
chhuon,1
president,1
rhodus,1
kilcher,1
magliolo,1
perler,1
lykes,1
jumonville,1
lambright,1
lyken,1
catchpole,1
schroer,1
salmons,1
lochridge,1
furnari,1
kenon,1
finely,1
schuller,1
danesi,1
danesh,1
frazell,1
krausse,1
zinsmeister,1
nishio,1
lapar,1
lajara,1
dellajacono,1
schroff,1
hadnott,1
danese,1
lapan,1
gurrero,1
kenny,1
fancher,1
ussery,1
marmas,1
abler,1
ables,1
freemantle,1
shinabarger,1
beutnagel,1
dautremont,1
ingber,1
tatman,1
kenne,1
gionfriddo,1
coltman,1
perley,1
maglioli,1
kenna,1
faldyn,1
prinkleton,1
fesko,1
arledge,1
wesemann,1
eland,1
lipschutz,1
pankau,1
glenn,1
bolter,1
kanoza,1
riesgraf,1
mcillwain,1
crowthers,1
teagarden,1
didato,1
kofahl,1
rivali,1
stanard,1
savich,1
bedenbaugh,1
sexauer,1
minardo,1
altum,1
gallerani,1
minardi,1
brazzel,1
talbert,1
kociolek,1
eisenman,1
frisell,1
schrodt,1
hehir,1
scaggs,1
ankrapp,1
detamore,1
finell,1
clewis,1
wickland,1
schroen,1
spiece,1
ahrenholtz,1
moscone,1
maglione,1
helson,1
eligio,1
blancarte,1
salmond,1
plackett,1
mosconi,1
novell,1
kartes,1
karter,1
ermert,1
libutti,1
garner,1
hoffstetter,1
dimarzio,1
garnes,1
garnet,1
cannavo,1
garney,1
lyvers,1
lykam,1
rosseter,1
feser,1
leonardis,1
rivara,1
strejcek,1
millwee,1
clarson,1
kanosh,1
scheuer,1
rivard,1
laper,1
delcarlo,1
poyneer,1
szubinski,1
gibney,1
lapek,1
cochron,1
favazza,1
deering,1
cervantes,1
kitchell,1
halbritter,1
ablin,1
suszynski,1
amorello,1
aytes,1
millraney,1
nyland,1
wessner,1
stargel,1
deninno,1
clevenger,1
perlas,1
quellette,1
dornbusch,1
clodfelter,1
schrock,1
cervantez,1
blonigan,1
martinat,1
martinas,1
devaughn,1
lamonda,1
wannarka,1
vanderroest,1
christoph,1
zipperer,1
verbridge,1
strathman,1
pankey,1
cannata,1
humpherys,1
backstrom,1
reckart,1
egelston,1
herskovits,1
boback,1
welschmeyer,1
cintra,1
kitchens,1
raycraft,1
riola,1
gleim,1
heagle,1
watlington,1
wharton,1
minkler,1
bobst,1
reckard,1
yackel,1
torrano,1
stfleur,1
lapid,1
gidwani,1
fiddler,1
knoblauch,1
riolo,1
wasmund,1
elahi,1
heholt,1
retter,1
guilbe,1
heitkamp,1
clum,1
mackstutis,1
mounkes,1
palmiotto,1
gianotti,1
weiser,1
bugett,1
cannard,1
wakin,1
niccum,1
kassabaum,1
zolezzi,1
maupredi,1
gojmerac,1
dasalia,1
didamo,1
wahlman,1
kaiama,1
villaplana,1
bacchus,1
urbanek,1
keney,1
perencevich,1
horiuchi,1
olinghouse,1
weisel,1
dolbee,1
hershelman,1
ohlmacher,1
ghosten,1
luhrs,1
pacquette,1
ciskowski,1
dimond,1
kuboushek,1
mccarrol,1
alejandrez,1
reidler,1
mccarron,1
zamacona,1
colanero,1
odgers,1
pastick,1
meshell,1
gitlewski,1
mullan,1
kukucka,1
wollard,1
kenik,1
bechthold,1
taketa,1
mortland,1
brierton,1
hesselrode,1
dewyse,1
bauernfeind,1
nickelson,1
pankiw,1
pastian,1
cindrich,1
bolton,1
fullwood,1
guiles,1
gleen,1
yellock,1
tolosky,1
ikzda,1
samberg,1
woltjer,1
ferone,1
walkner,1
spittle,1
sibrel,1
whispell,1
waker,1
concilio,1
urbanik,1
prabhakar,1
anecelle,1
arentz,1
valladores,1
pankow,1
letarte,1
vanandel,1
handcock,1
siegmund,1
spurlock,1
nodland,1
piermarini,1
waltemeyer,1
weichel,1
petrouits,1
swasey,1
urbanic,1
barefield,1
mcandrew,1
westwood,1
trueman,1
rioux,1
aldous,1
clos,1
khalife,1
pilcher,1
trouser,1
mullee,1
semasko,1
proscia,1
muller,1
mullet,1
mullen,1
wickenhauser,1
luevanos,1
clow,1
shisler,1
crunkleton,1
clewes,1
backman,1
penceal,1
houlahan,1
enslow,1
trenary,1
cochrum,1
bissonnette,1
warburg,1
shabazz,1
clizbe,1
rattanachane,1
kanoff,1
zamborano,1
koontz,1
inoa,1
sjogren,1
wichman,1
yafei,1
steelmon,1
hagedorn,1
rowand,1
tipre,1
collings,1
dibrell,1
odonal,1
wycuff,1
freeberg,1
torrado,1
savitz,1
hillary,1
yaffe,1
soulliere,1
humphrys,1
attaway,1
marrapese,1
betesh,1
crockwell,1
flugum,1
brincefield,1
tibwell,1
nadler,1
blecker,1
norenberg,1
mulkey,1
mchone,1
corriveau,1
stranahan,1
dicarlo,1
nerbonne,1
rhodes,1
gharing,1
lumantas,1
beteta,1
feilds,1
rhoden,1
smathers,1
saldeen,1
gunnells,1
flansburg,1
swagerty,1
chowansky,1
garmoe,1
opsahl,1
feagins,1
pelikan,1
doland,1
lipper,1
zelinsky,1
hesselbein,1
feiler,1
machowski,1
buchinsky,1
hartney,1
curtis,1
wrightsman,1
snoddy,1
curtin,1
sewall,1
furnace,1
pfeifle,1
trexel,1
gelinas,1
cleverley,1
garmon,1
bridges,1
bridget,1
zelinski,1
sewald,1
bridger,1
kalgren,1
dennert,1
pedaci,1
altew,1
areola,1
buchinski,1
kucharski,1
heckford,1
caserta,1
hutcheson,1
tomaino,1
heineck,1
fahrenthold,1
dauenhauer,1
lubawy,1
alter,1
altes,1
scargall,1
marlow,1
marlor,1
angelozzi,1
holihan,1
haberman,1
stolcals,1
cochran,1
demopoulos,1
calcote,1
kozicki,1
cobbins,1
dimpfl,1
yafai,1
demiel,1
cannady,1
decicco,1
demien,1
seward,1
dunneback,1
guterman,1
donadio,1
wojdak,1
lyndaker,1
bobak,1
bascas,1
rossetto,1
kenan,1
fundenberger,1
rossetti,1
guldemond,1
lindorf,1
hendricksen,1
bedwell,1
cannada,1
winther,1
marlborough,1
sajovic,1
mccalmont,1
naeve,1
ferouz,1
rhodie,1
rydell,1
schorsch,1
cartwright,1
steeley,1
crumwell,1
stellings,1
ochsenbein,1
lattimer,1
capehart,1
northwood,1
albriton,1
kretzschmar,1
weekley,1
hickory,1
schoenhut,1
fafinski,1
mulkin,1
mccarren,1
jusko,1
mccarrel,1
reitzes,1
demick,1
puertas,1
clemments,1
rowald,1
kanode,1
bloomquist,1
favolise,1
demich,1
reitzel,1
kendi,1
gathman,1
marecki,1
pecinovsky,1
bobbs,1
puccia,1
kornreich,1
bobby,1
singhisen,1
pladson,1
savino,1
hansberger,1
masupha,1
rashad,1
thornberg,1
ferri,1
ferre,1
hillard,1
echols,1
ferra,1
rodberg,1
inks,1
hellgren,1
hopson,1
altic,1
ferry,1
dewaratanawan,1
altig,1
decristoforo,1
shillingford,1
lamonte,1
ferro,1
hadian,1
enslen,1
stallion,1
gertsch,1
schwenneker,1
petriccione,1
vredeveld,1
palmitessa,1
viger,1
foriest,1
larkey,1
demian,1
bobek,1
antoniewicz,1
lansford,1
boben,1
mccrumb,1
shabala,1
ensley,1
billus,1
inga,1
marlin,1
carabine,1
stallins,1
hagopian,1
altop,1
cushenberry,1
dennehy,1
alton,1
stalling,1
altom,1
bober,1
bobet,1
billue,1
iner,1
kanoon,1
ines,1
schoppert,1
bossick,1
gumphrey,1
cabarcas,1
savina,1
caquias,1
savine,1
steidley,1
puccio,1
njoku,1
savini,1
robida,1
hendrickson,1
leonette,1
leonetti,1
feron,1
sewade,1
huyler,1
feroz,1
gestes,1
bonsell,1
gershman,1
woyahn,1
unterman,1
marley,1
culberson,1
divenere,1
brazzle,1
weigman,1
dimopoulos,1
pizano,1
barcroft,1
eskola,1
inge,1
pizani,1
shellabarger,1
ginanni,1
ferns,1
geisinsky,1
hardell,1
pizana,1
vigen,1
pfeifer,1
petralia,1
kipping,1
longmore,1
dunleavy,1
perkin,1
bossier,1
arispe,1
adolfson,1
leopard,1
roggensack,1
medearis,1
helton,1
bobic,1
doakes,1
gonazlez,1
bolten,1
fermo,1
orwin,1
coonfield,1
farwell,1
scheule,1
ablao,1
orwig,1
borneman,1
opichka,1
kannard,1
mirarchi,1
lamirand,1
moscoso,1
berschauer,1
smethers,1
akhavan,1
kartye,1
zablocki,1
figarsky,1
hanzlik,1
dunnagan,1
litteral,1
coonradt,1
torrain,1
vanabel,1
steinbruckner,1
risberg,1
speciale,1
larkan,1
nesbitt,1
rodnguez,1
tekippe,1
perkey,1
uriostegui,1
kemnitz,1
pastiva,1
altro,1
gertsen,1
ferko,1
lykke,1
minarik,1
inda,1
pamintuan,1
runyons,1
stoyanov,1
billon,1
blurton,1
prechtl,1
grundmeier,1
folkins,1
bridgmon,1
billow,1
billot,1
bobko,1
sodergren,1
lazott,1
felcher,1
inch,1
cochren,1
gessford,1
ince,1
lubben,1
bilinski,1
stucky,1
beckner,1
arista,1
wickersheim,1
straughter,1
kirkham,1
cazzell,1
stoltzfus,1
stucke,1
stucki,1
kicks,1
perkes,1
duensing,1
ripka,1
nilles,1
oberg,1
flanegan,1
depaula,1
huddelston,1
goldammer,1
isebrand,1
obert,1
constable,1
madeja,1
obery,1
walat,1
eakin,1
stuber,1
ripke,1
gdovin,1
zemlicka,1
choudhary,1
signorino,1
preyor,1
lamountain,1
quidley,1
heafey,1
lindner,1
amstein,1
scaffe,1
shimsky,1
campion,1
agans,1
kemna,1
goldthwaite,1
novelly,1
walby,1
guntharp,1
gasperini,1
darbro,1
berlove,1
cygan,1
walck,1
novelli,1
goodine,1
mokler,1
novello,1
gooding,1
chamblin,1
stubby,1
bolser,1
wesselman,1
lapolla,1
weisberger,1
tudman,1
walch,1
marner,1
weigleb,1
stidman,1
vanhoozier,1
harders,1
saglimbeni,1
agard,1
litterer,1
kemme,1
viejo,1
hamiltan,1
girvin,1
kepner,1
waldo,1
shebby,1
kuckens,1
petralba,1
whiteside,1
romanchuk,1
walde,1
obeso,1
glanton,1
szymula,1
wendler,1
underdue,1
kannady,1
echeverria,1
hoblit,1
weisholz,1
clever,1
buckham,1
wootan,1
hohensee,1
veller,1
etkin,1
cleven,1
steinworth,1
obeng,1
heinz,1
lyles,1
heins,1
limberg,1
letellier,1
heiny,1
hawkings,1
indovina,1
heinl,1
balladares,1
benders,1
heino,1
starritt,1
limbert,1
madena,1
mcshane,1
heine,1
eakes,1
benckendorf,1
eaker,1
tinoco,1
steelman,1
marney,1
finder,1
lopilato,1
youkers,1
paprocki,1
slappy,1
chamblee,1
stubbs,1
rinaldi,1
vanbenthuyse,1
rauhuff,1
rinaldo,1
befort,1
bawcum,1
stubbe,1
hickock,1
chambley,1
rippy,1
strazzullo,1
turkowski,1
neyra,1
shindorf,1
larkin,1
mastella,1
konopski,1
scrim,1
brillon,1
yadon,1
halbach,1
drinkwine,1
bevacqua,1
eickmeyer,1
zipfel,1
desautels,1
dicapua,1
tugwell,1
signorile,1
naecker,1
gorence,1
martincic,1
kemps,1
kempt,1
billig,1
rippe,1
heims,1
goodpasture,1
billie,1
ezekiel,1
surridge,1
kemph,1
kempf,1
kempe,1
meidlinger,1
tambunga,1
kempa,1
bobbit,1
acerra,1
lachney,1
imus,1
verdugo,1
spadaccini,1
lachner,1
madeau,1
yeargain,1
margreiter,1
schulman,1
mcmeen,1
zacarias,1
mcmeel,1
uphaus,1
pottier,1
gladding,1
ferner,1
fernet,1
chamberland,1
walin,1
tarduno,1
screen,1
fetch,1
walke,1
brugnoli,1
oseguera,1
bernardoni,1
walka,1
cangemi,1
bascle,1
espejo,1
gorham,1
ghazi,1
heick,1
baskerville,1
delegado,1
uknown,1
segerson,1
gorrill,1
pantuso,1
beechum,1
hardinson,1
foggie,1
uzzo,1
larabell,1
ruvalcava,1
walle,1
walbert,1
swatek,1
gutterrez,1
bascom,1
tipka,1
walla,1
mcninch,1
hieronymus,1
walks,1
hesterman,1
saintignon,1
mraw,1
mraz,1
mahalko,1
ronsini,1
muramoto,1
walko,1
billet,1
kanahele,1
biller,1
vitagliano,1
viera,1
billen,1
billey,1
vierk,1
crouser,1
kurrie,1
walls,1
pasaya,1
wally,1
viers,1
natter,1
protasewich,1
falcon,1
walberg,1
wallo,1
pasaye,1
waley,1
wales,1
ganino,1
dietert,1
zaiser,1
laursen,1
alvey,1
warrenfeltz,1
seedorf,1
skyes,1
tippy,1
alves,1
pascorell,1
strimling,1
alven,1
waler,1
shuptrine,1
walen,1
fineran,1
viele,1
verela,1
hasychak,1
wilkins,1
heigh,1
kamphoefner,1
schoening,1
miquelon,1
tipps,1
alvez,1
jarzynka,1
mcgeady,1
blakeway,1
matalavage,1
chinnici,1
eakle,1
smyers,1
heigl,1
wojcik,1
stavinoha,1
bendell,1
heide,1
straker,1
upson,1
bendele,1
larribeau,1
higuchi,1
trenchard,1
heidt,1
humphrey,1
wythe,1
vormwald,1
czerno,1
heidi,1
mcmutry,1
folkerts,1
eichelberger,1
cerdan,1
acerno,1
standard,1
bomkamp,1
setzler,1
hilpert,1
robins,1
trembath,1
huaman,1
edling,1
heier,1
vient,1
eichberg,1
yaden,1
mainord,1
viens,1
garland,1
horesco,1
marmolejos,1
jarrard,1
perzanowski,1
hovanec,1
standage,1
anzora,1
brankovich,1
shepardson,1
keaveny,1
curpupoz,1
takai,1
danger,1
dimock,1
spiess,1
wytch,1
dolbow,1
maglaya,1
mullis,1
brockmeier,1
kalandek,1
kevwitch,1
perruzza,1
taecker,1
gallenstein,1
araneo,1
straley,1
lageman,1
friou,1
friot,1
perruzzi,1
arnzen,1
spieth,1
dangel,1
fripp,1
shostak,1
hovanes,1
stancey,1
natsis,1
atteberry,1
agueda,1
rediger,1
pregler,1
mahaley,1
lecoultre,1
stancer,1
mullin,1
cloe,1
imme,1
dunnahoo,1
backmon,1
khalili,1
frint,1
ghaor,1
hodermarsky,1
goeckel,1
hunstad,1
runion,1
chamberlain,1
gurvine,1
loxtercamp,1
steckelberg,1
fernow,1
nordell,1
krzeminski,1
tanigawa,1
masciantonio,1
postlethwait,1
jurez,1
lockamy,1
aranda,1
frink,1
darbonne,1
lapre,1
hopton,1
scadlock,1
mevers,1
mourad,1
ayuso,1
neyer,1
edwards,1
tweedle,1
jurek,1
spiers,1
bocek,1
inhulsen,1
valliant,1
aranjo,1
martillo,1
schmitke,1
jennelle,1
etcitty,1
viets,1
takes,1
goodier,1
ghane,1
fesus,1
taker,1
vegter,1
goodiel,1
vieth,1
rupke,1
halwick,1
mottram,1
reigstad,1
ghant,1
kirkendoll,1
festa,1
vieux,1
rosendorf,1
heindel,1
imig,1
garnto,1
aceret,1
jellerson,1
nozick,1
jarratt,1
shuffstall,1
bocci,1
helser,1
tevada,1
cooperider,1
vereen,1
stancil,1
helsey,1
favaloro,1
vroom,1
woester,1
mcgalliard,1
sadahiro,1
tweedie,1
swirsky,1
vojtko,1
helsel,1
dolbin,1
bartosch,1
zilahi,1
winkelmann,1
deffenbaugh,1
hermanowicz,1
standahl,1
basden,1
arango,1
friis,1
pittinger,1
stanuszek,1
luger,1
juris,1
vernazza,1
beeckman,1
shappen,1
mcbreen,1
favalora,1
cocozza,1
jurik,1
lapuz,1
jurin,1
frija,1
sortore,1
manzella,1
hamilton,1
mouret,1
ruple,1
schearer,1
mourer,1
nefzger,1
curson,1
kallstrom,1
heist,1
heiss,1
hundertmark,1
kettinger,1
kelty,1
fereira,1
iuchs,1
keltt,1
surrey,1
obeid,1
mruk,1
gockerell,1
keltz,1
pomfret,1
imel,1
madera,1
madere,1
heiro,1
bulgarella,1
joneson,1
rudzik,1
madero,1
grashot,1
marmie,1
aguele,1
hochstetter,1
gerhard,1
frigo,1
heise,1
kibel,1
congrove,1
imes,1
gerhart,1
baillio,1
wigelsworth,1
meiers,1
hartong,1
takeda,1
haeuser,1
girvan,1
kibby,1
malakowsky,1
gessel,1
stuble,1
roundabush,1
kibbe,1
gummersheimer,1
baillie,1
heird,1
shingleur,1
burkham,1
ruppe,1
nadolski,1
gibbings,1
lapin,1
kelso,1
koperski,1
brainard,1
tafoya,1
fries,1
boche,1
frier,1
mctee,1
dinwiddie,1
zoquier,1
lugar,1
mulloy,1
yorkman,1
bassolino,1
clem,1
cler,1
friel,1
nolette,1
siderine,1
banvelos,1
locascio,1
prestwood,1
petrakis,1
collingwood,1
rossmiller,1
fried,1
marciante,1
vanausdal,1
burdzel,1
freelove,1
stapleton,1
rabenold,1
bregman,1
orvis,1
orvin,1
llano,1
hanbury,1
killette,1
aranas,1
sonnenberg,1
luchsinger,1
faubert,1
brotemarkle,1
campusano,1
lappa,1
imai,1
lappi,1
campise,1
frick,1
hankison,1
campisi,1
lappe,1
delamora,1
iman,1
imam,1
llams,1
ambrister,1
koonce,1
mroz,1
atcitty,1
clay,1
baillet,1
garnow,1
brumett,1
bailleu,1
gaisford,1
devaney,1
portlock,1
mandujano,1
kovarik,1
casacchia,1
pringle,1
branker,1
prasser,1
camilleri,1
garoutte,1
laninga,1
finerty,1
girven,1
combest,1
ruddick,1
osegueda,1
cranson,1
utvik,1
camastro,1
croasmun,1
misercola,1
bartoldus,1
aguero,1
acheampong,1
pasana,1
christoff,1
preyer,1
trautmann,1
delauter,1
lockart,1
perricone,1
dozier,1
ruvalcaba,1
juras,1
clan,1
juray,1
ashbach,1
cockett,1
clam,1
clar,1
screws,1
heitz,1
clas,1
clap,1
claw,1
marmon,1
friar,1
drahota,1
marmol,1
lockard,1
frias,1
juran,1
mustafa,1
tauares,1
verdun,1
pinkett,1
plowe,1
laris,1
tauarez,1
farquharson,1
larin,1
scarduzio,1
fincel,1
darcus,1
degravelle,1
aguiar,1
hoiseth,1
wengreen,1
nacar,1
quon,1
sottosanti,1
alwan,1
vides,1
tahon,1
marshalsea,1
klusmeyer,1
iqbal,1
nacci,1
panico,1
rizzuto,1
schmunk,1
tatevosian,1
alway,1
lauver,1
demichiel,1
rizzuti,1
lenhardt,1
panich,1
hartory,1
baynham,1
sheedy,1
gfroerer,1
larke,1
miscovich,1
virula,1
gordon,1
bussey,1
busser,1
martiarena,1
tison,1
jarrell,1
saathoff,1
larko,1
burkeen,1
kirkeby,1
siragusa,1
miyoshi,1
calender,1
lozinski,1
guinle,1
mcentyre,1
becklin,1
cantwell,1
coggeshall,1
pinkert,1
panias,1
vidas,1
felsted,1
csuhta,1
surran,1
broermann,1
finfrock,1
renault,1
flueck,1
seekford,1
yearsley,1
genrich,1
nickoley,1
ratledge,1
stavrides,1
isgrigg,1
detlefs,1
sostre,1
bussen,1
crookshanks,1
michocki,1
feagley,1
coby,1
feagler,1
larew,1
yudell,1
sweetser,1
lares,1
coca,1
yourshaw,1
talmadge,1
mikolon,1
coch,1
larez,1
larey,1
quenneville,1
coco,1
walawender,1
marchesi,1
mustain,1
laforest,1
dinsdale,1
mleczynski,1
tahir,1
codd,1
moussa,1
code,1
marchese,1
tabisola,1
coda,1
sheehy,1
keithan,1
orton,1
devincentis,1
scouller,1
rullman,1
large,1
dunnell,1
brillhart,1
shuttleworth,1
boldman,1
largo,1
beckley,1
ericks,1
estacion,1
asbury,1
crofoot,1
coad,1
upton,1
neverson,1
dielman,1
coak,1
coan,1
bukowinski,1
mcquilliams,1
odenheimer,1
coar,1
beckles,1
buddemeyer,1
beckler,1
gallaugher,1
lumsden,1
jennings,1
hineline,1
sheeks,1
cobb,1
karvis,1
bongard,1
solazar,1
geitgey,1
klugman,1
strombeck,1
vollman,1
ennels,1
hefel,1
cobo,1
shreves,1
ginyard,1
vollmar,1
maldenado,1
skidmore,1
alwin,1
marsack,1
tisue,1
eliades,1
rothwell,1
bernieri,1
panila,1
kunkler,1
keithly,1
lanagan,1
guinan,1
hausmann,1
nicolson,1
nordberg,1
perish,1
sansbury,1
pyscher,1
krausmann,1
sansburn,1
feindt,1
delille,1
platzer,1
rupel,1
delilla,1
zomora,1
drakeford,1
reinsfelder,1
dolder,1
arrospide,1
dimmer,1
delilli,1
ruper,1
haylett,1
chatcho,1
frist,1
onezne,1
delillo,1
frisk,1
larbi,1
mcateer,1
bemrose,1
leight,1
inabnit,1
kantarian,1
deslauriers,1
larde,1
jutte,1
quin,1
ohyama,1
mulnix,1
parthemore,1
dickeson,1
frith,1
derastel,1
larch,1
mauffray,1
prizzi,1
nincehelsor,1
wendorf,1
vanblarcom,1
vollmer,1
feinen,1
schmuck,1
kelling,1
sipper,1
fritz,1
yanagida,1
sanmiguel,1
verdin,1
twogood,1
gundry,1
baumgardner,1
schertz,1
plessner,1
hsing,1
dardar,1
spadafora,1
klarich,1
curvin,1
spadafore,1
feiner,1
arrezola,1
debaecke,1
guiney,1
mustard,1
blalock,1
irizzary,1
evetts,1
schmuhl,1
feldtman,1
feuer,1
wisnewski,1
villaquiran,1
vitellaro,1
cameron,1
cosselman,1
spicer,1
kepke,1
mcclusky,1
rositano,1
wieber,1
winkenwerder,1
jarreau,1
wieben,1
meigel,1
adling,1
bultron,1
mustaro,1
demonte,1
rupar,1
nordeen,1
phlieger,1
ayres,1
gutknecht,1
verdon,1
tisor,1
sipple,1
blankschan,1
spicuzza,1
bonifant,1
youngdahl,1
lokaphone,1
harkless,1
beninato,1
nevins,1
glickson,1
stuebe,1
zuwkowski,1
beninati,1
driere,1
letteney,1
mulvihill,1
curvey,1
hilferty,1
purtill,1
kadlec,1
schmuff,1
brimmage,1
vidot,1
kellish,1
stueck,1
yacko,1
vencill,1
prinzing,1
hethcote,1
gribbins,1
nevils,1
rohdenburg,1
horoschak,1
heninger,1
michetti,1
kabanuck,1
goodman,1
nickolas,1
eckhardt,1
relkin,1
nevill,1
papasergi,1
flether,1
marsala,1
goodlin,1
aeling,1
pollick,1
darcey,1
copp,1
skeeters,1
cope,1
boddy,1
dobrinin,1
musilli,1
stueve,1
starrick,1
pollica,1
campfield,1
siddell,1
giggie,1
szpak,1
cheslak,1
campman,1
caudel,1
cool,1
cook,1
coon,1
boden,1
kanable,1
coop,1
rosario,1
wesselink,1
coor,1
wuori,1
kiang,1
lauthern,1
bodey,1
tinnon,1
kiani,1
schlereth,1
panitz,1
gittelman,1
kehler,1
marumoto,1
barcelo,1
copa,1
eagleton,1
huckfeldt,1
carioscia,1
haggett,1
brodhurst,1
boniface,1
mcalpine,1
conn,1
siddens,1
achilles,1
treves,1
vidra,1
vidro,1
berceir,1
garkow,1
cong,1
brennecke,1
mosbrucker,1
tostado,1
cone,1
vodicka,1
hsieh,1
lebeaux,1
castillon,1
pilarski,1
tuggerson,1
cons,1
comp,1
como,1
quan,1
quam,1
pennycuff,1
come,1
quay,1
brougham,1
coma,1
mcbrearty,1
buroker,1
harrington,1
roxburgh,1
ruoho,1
betsill,1
nezat,1
goderich,1
wooton,1
trevey,1
forinash,1
parihar,1
goodlet,1
mostiller,1
luffy,1
coto,1
meyerowitz,1
martineau,1
cott,1
adaway,1
yadao,1
coty,1
barufaldi,1
walts,1
hefti,1
merlette,1
heidecker,1
bodah,1
kuerbitz,1
minturn,1
busson,1
ondersma,1
waltz,1
bussom,1
dahlgren,1
taggert,1
walth,1
cuchares,1
calixte,1
diddle,1
gigger,1
langefels,1
boday,1
ruoff,1
mcmullin,1
nevius,1
walto,1
bodak,1
wibbens,1
coss,1
cost,1
schluneger,1
wotring,1
sippel,1
stramel,1
shields,1
ohashi,1
woodhull,1
calixto,1
strawder,1
cota,1
manzie,1
kintner,1
lazarski,1
cote,1
farnworth,1
giggey,1
corl,1
awender,1
spadaro,1
splonskowski,1
cork,1
corf,1
perino,1
walsh,1
cort,1
perine,1
brideau,1
corr,1
spadard,1
uzun,1
corp,1
perini,1
schulist,1
espert,1
nevitt,1
corn,1
coro,1
manzer,1
brancaccio,1
cory,1
derobertis,1
hsiao,1
sieradski,1
cose,1
lamson,1
zebell,1
lokuta,1
sponholz,1
mousel,1
mohinani,1
fenley,1
mcgeary,1
hefty,1
brougher,1
nycum,1
peightal,1
icenhour,1
alvia,1
mouser,1
stromberg,1
ganibe,1
shisila,1
perina,1
alvin,1
treadaway,1
core,1
cavallaro,1
goodley,1
cord,1
bodda,1
kurtti,1
ramrirez,1
alvis,1
cora,1
abnet,1
ziegenhagen,1
abner,1
oreilly,1
knipple,1
tisch,1
sheely,1
koshiol,1
cohn,1
nacke,1
coho,1
bichsel,1
ianacone,1
weinbauer,1
wooten,1
spierling,1
bredeweg,1
bolvin,1
christner,1
trevor,1
osterstuck,1
sarette,1
perich,1
schmutz,1
uzee,1
saretto,1
perico,1
thornwell,1
lapatra,1
mcmullen,1
pundsack,1
totosz,1
abney,1
stoviak,1
rebollar,1
bodon,1
manzay,1
abramoff,1
bellavia,1
labrune,1
wieand,1
caudle,1
witthoeft,1
bozarth,1
dorrington,1
bodor,1
bowcutt,1
jeanneret,1
branhan,1
thometz,1
lewitt,1
kraszewski,1
branham,1
friedenberg,1
mcclester,1
witherington,1
seymore,1
cinque,1
wasyliszyn,1
mccannon,1
ferrao,1
loffelbein,1
ferran,1
nickolls,1
coen,1
erdelt,1
tinnin,1
rawley,1
ferrar,1
cushing,1
onyeagu,1
rawles,1
ruopp,1
rustrian,1
cody,1
edleston,1
whetzell,1
chesler,1
ernsberger,1
colp,1
richardville,1
kimery,1
nacol,1
colt,1
nydam,1
bodin,1
bodie,1
ludecke,1
polverari,1
fetui,1
chesley,1
castillio,1
cola,1
havekost,1
cole,1
stiverson,1
fenlon,1
coll,1
coln,1
vieau,1
colo,1
pollins,1
fette,1
winters,1
perigo,1
vandergiessen,1
matinez,1
panagakos,1
bailony,1
coke,1
ivester,1
fetty,1
sommerfeld,1
eurich,1
mcmullan,1
starring,1
wanser,1
tinnes,1
demoney,1
tinner,1
knipper,1
boyack,1
tinney,1
teuteberg,1
lariosa,1
ennett,1
goodloe,1
hardwick,1
bambhrolia,1
defoore,1
oehrlein,1
bussie,1
pollina,1
buggie,1
trevis,1
knippel,1
gorell,1
brzuchalski,1
goodlow,1
coit,1
majera,1
coin,1
pallafor,1
buckett,1
heavener,1
sandborg,1
bodle,1
fassino,1
larick,1
jelovich,1
tisby,1
sheets,1
coia,1
tinnea,1
turrietta,1
seymour,1
coil,1
chocron,1
sheetz,1
tinnel,1
lachley,1
wanat,1
gravelin,1
studer,1
lueth,1
paredes,1
ingels,1
keown,1
gullett,1
moceri,1
renosky,1
mcfeeters,1
schulkin,1
enrriquez,1
bojorquez,1
ingemi,1
botsford,1
paredez,1
ditzel,1
mcclenton,1
seibold,1
garman,1
schallhorn,1
taira,1
spidel,1
salimas,1
headen,1
frohman,1
doleac,1
cerezo,1
sacarello,1
ailsworth,1
lason,1
shaftic,1
spennicchia,1
moralez,1
lasko,1
bockoven,1
bockover,1
freudenburg,1
earhart,1
holecek,1
lasky,1
luers,1
aguillon,1
ransberger,1
marler,1
piatt,1
sifuentes,1
wanca,1
krienke,1
piatz,1
stransky,1
morales,1
luera,1
knickerbocker,1
martinell,1
nader,1
wands,1
soberanis,1
mehrtens,1
laslo,1
whetsell,1
gambrell,1
garmen,1
nadel,1
eells,1
hauben,1
wanda,1
hauber,1
lubahn,1
allgaeuer,1
gorena,1
kallhoff,1
hettinga,1
brueggeman,1
frankenfield,1
plaisted,1
keppel,1
halliday,1
mancine,1
strickling,1
lablanc,1
mancina,1
boeve,1
stricklind,1
lasin,1
lasik,1
mancini,1
esbrandt,1
higuera,1
vaubel,1
bankowski,1
waner,1
szoka,1
eshenbrenner,1
christley,1
shaban,1
wanek,1
bykowski,1
kusterer,1
pollitt,1
norcross,1
basara,1
masullo,1
goracke,1
kepple,1
justo,1
pomarico,1
gravelle,1
orson,1
demontigny,1
hegge,1
rehnquist,1
mikelson,1
zaloudek,1
harmond,1
laske,1
taing,1
heggs,1
mancill,1
laski,1
mcvay,1
luinstra,1
delaguila,1
droubay,1
frischkorn,1
laska,1
abrams,1
meggerson,1
sichting,1
saltarelli,1
marlar,1
shinsky,1
clingerman,1
higaneda,1
scribellito,1
besendorfer,1
reller,1
relles,1
greenlief,1
moralis,1
zelenko,1
vlahos,1
gipple,1
hougen,1
etier,1
christler,1
szoke,1
tirey,1
zelenka,1
maiello,1
kurter,1
boese,1
mensing,1
heger,1
baltruweit,1
gurrieri,1
lizotte,1
poarch,1
hegel,1
delmage,1
lukman,1
daniel,1
plumbar,1
fennel,1
lanahan,1
kesinger,1
fenner,1
demilt,1
odomes,1
larios,1
vicic,1
whilby,1
majeed,1
luelf,1
gilcher,1
fenney,1
vizuete,1
lipson,1
laser,1
corraro,1
cardani,1
scarpati,1
vichi,1
scarpato,1
letizia,1
mieczkowski,1
fragassi,1
vanstee,1
rashid,1
fonteno,1
wanke,1
carmony,1
elbaz,1
ohlrich,1
shellhaas,1
yaccarino,1
juste,1
vicks,1
wanko,1
bitsuie,1
demint,1
manzur,1
leesman,1
minissale,1
carmona,1
lasch,1
garthee,1
vodder,1
spidle,1
eggimann,1
denwood,1
lacefield,1
bagheri,1
chriswell,1
hegan,1
munford,1
mancino,1
whiley,1
iott,1
kalinoski,1
tirri,1
abdulkarim,1
gillingham,1
waffle,1
sprunger,1
deming,1
dollard,1
whiles,1
kurtis,1
dishinger,1
kansas,1
kurtin,1
minkoff,1
markus,1
rashed,1
rockelman,1
taiwo,1
kortright,1
slimmer,1
vandenberg,1
branine,1
ganger,1
mensick,1
fridley,1
larita,1
hilland,1
markum,1
falero,1
barcena,1
pieloch,1
rasher,1
cienfuegos,1
naragon,1
markve,1
larish,1
folkers,1
elsensohn,1
anselmi,1
hojnacki,1
meyerman,1
norwell,1
anselmo,1
flaminio,1
achekian,1
lamoore,1
wojeik,1
rashdi,1
sundseth,1
gorelik,1
dimler,1
rackham,1
stritzinger,1
himanga,1
tristan,1
busque,1
danial,1
felkner,1
virtue,1
moralas,1
wimett,1
vandergriff,1
bawany,1
vandergrift,1
sudekum,1
keepers,1
ackison,1
vicoy,1
radecki,1
elbie,1
brasswell,1
moallankamp,1
headly,1
gorelli,1
natvig,1
czaplewski,1
clendennen,1
santelli,1
dreckman,1
seabert,1
elfrink,1
santella,1
taitt,1
gallagher,1
nabours,1
seaberg,1
majeau,1
martineze,1
gansert,1
nadal,1
fevig,1
taite,1
soberanes,1
dennard,1
laubhan,1
chorlton,1
mcrary,1
scherma,1
runge,1
gumbert,1
goodkin,1
coskrey,1
cadenas,1
kirsopp,1
strange,1
risch,1
stallman,1
stanage,1
defonce,1
meiggs,1
saterfield,1
cervantsz,1
aguillar,1
hidvegi,1
galston,1
mahanna,1
taibl,1
struiksma,1
lichtenwalter,1
naderman,1
taibi,1
rasico,1
weitnauer,1
lueck,1
dardis,1
pilson,1
kevelin,1
irizary,1
berlacher,1
avetisyan,1
altmark,1
keogh,1
beecken,1
straney,1
wichmann,1
ioli,1
trewin,1
lundsford,1
hobock,1
alcocer,1
evertz,1
sessums,1
shappard,1
brueggemann,1
araldi,1
korchnak,1
risen,1
waechter,1
poudrier,1
rettig,1
boege,1
riser,1
aldred,1
payment,1
qadeer,1
wallach,1
wallack,1
poitevin,1
eveleigh,1
jahaly,1
lipsie,1
wallace,1
lagerquist,1
everts,1
evertt,1
bergouignan,1
hegyi,1
strande,1
boehl,1
boehm,1
larive,1
meidinger,1
buikema,1
hitchman,1
novida,1
basbas,1
quartieri,1
rettke,1
hahner,1
heacox,1
kovatch,1
bekele,1
pebbles,1
attinger,1
dalegowski,1
thornsberry,1
quartiero,1
fangman,1
runco,1
cronquist,1
whittaker,1
nightingale,1
runck,1
delfierro,1
lipsky,1
vorpahl,1
vintimilla,1
wisniowski,1
markle,1
ruiter,1
dallago,1
lipski,1
laundree,1
ruttman,1
minifield,1
novick,1
braniff,1
burkert,1
plumber,1
altmann,1
keliikoa,1
darden,1
nicolaides,1
widjaja,1
mirsch,1
namanny,1
mcratt,1
mcvoy,1
goldenberg,1
garlow,1
kosiorek,1
repaci,1
starcic,1
luedi,1
rohrback,1
rohrbach,1
dayhoff,1
boeck,1
frandeen,1
macduff,1
larve,1
markos,1
vaneyck,1
markou,1
geiszler,1
markow,1
litzinger,1
runde,1
risby,1
stachowski,1
burkett,1
carithers,1
iopa,1
risko,1
hennighausen,1
vandenbosch,1
mcvey,1
marchell,1
veillette,1
backous,1
kruzel,1
nadoff,1
ostermann,1
humpries,1
fitzgerald,1
ethel,1
wielgosz,1
duropan,1
ethen,1
ayarza,1
larue,1
adauto,1
ortea,1
shaklee,1
piano,1
boers,1
bequillard,1
guinta,1
boero,1
guinto,1
valderamo,1
cienega,1
markie,1
gabbert,1
boerm,1
burgard,1
mahaney,1
markis,1
boeri,1
ortez,1
markin,1
scherer,1
boera,1
forsthoffer,1
marchena,1
kriener,1
boluda,1
hanstein,1
scarpaci,1
larsh,1
violante,1
hegre,1
beavin,1
amburgey,1
galster,1
scherff,1
astorga,1
higney,1
feuss,1
seewald,1
waligora,1
freerksen,1
larry,1
boroughs,1
verfaille,1
kositzke,1
brentson,1
sarlinas,1
lindenfelser,1
petraglia,1
perham,1
christmas,1
mcvea,1
gabbett,1
knestrick,1
storment,1
bieniek,1
christmau,1
mikelsen,1
beckman,1
elieff,1
vormelker,1
deutscher,1
dardon,1
lopeman,1
viruet,1
beavis,1
rison,1
guilmain,1
zuidema,1
ellyson,1
corrado,1
steinfeld,1
hadley,1
mcalphin,1
aldrow,1
ortis,1
granzella,1
picquet,1
gathing,1
kruzan,1
eledge,1
chetelat,1
cutchins,1
gonder,1
balcomb,1
rishe,1
ushioda,1
ortic,1
kudelka,1
rhoads,1
zarazua,1
hadler,1
christman,1
regula,1
oharra,1
randell,1
risha,1
muehlman,1
uppinghouse,1
gondek,1
wangberg,1
markee,1
stogsdill,1
okoren,1
mirsky,1
cifaldi,1
fernstaedt,1
eagleson,1
feutz,1
gunder,1
market,1
markes,1
marker,1
unland,1
burgamy,1
sadberry,1
marken,1
svendsen,1
santiago,1
hansteen,1
markel,1
mouton,1
stranak,1
szabat,1
ortiz,1
walland,1
boeke,1
smithee,1
lyseski,1
frisella,1
laroe,1
markey,1
kolbusz,1
smithen,1
hegna,1
ortga,1
smithey,1
tedrick,1
smither,1
hynson,1
beckerle,1
lipsey,1
cassone,1
carnoske,1
bellantone,1
boele,1
bellantoni,1
boelk,1
joesph,1
cropley,1
garley,1
vidal,1
rougeaux,1
prewer,1
beaven,1
windschitl,1
beilinson,1
beaver,1
klaassen,1
lehtonen,1
danish,1
riske,1
galstad,1
gennett,1
riska,1
shapard,1
shellhorn,1
ramella,1
rehor,1
koenigsman,1
coron,1
gushard,1
henrity,1
gehrking,1
couchenour,1
leflores,1
faykosh,1
haubold,1
fertal,1
chatmon,1
wynne,1
biagi,1
ceraos,1
leavell,1
corpe,1
iacovone,1
hoemann,1
kiracofe,1
sookoo,1
wescovich,1
portland,1
adelsperger,1
morinville,1
corns,1
mcilwain,1
quattro,1
wilfinger,1
bolger,1
cornn,1
kimberley,1
highman,1
francisque,1
bellard,1
deslatte,1
bickle,1
hoaglund,1
tanon,1
aumen,1
willamson,1
loranger,1
siangco,1
millsap,1
degraffenried,1
nisley,1
natewa,1
kusinski,1
greenhalge,1
bucanan,1
corna,1
michaelson,1
dininno,1
newcomb,1
vegher,1
corne,1
bellany,1
newcome,1
boerstler,1
chowanec,1
finegan,1
greenhalgh,1
yoshihara,1
waterhouse,1
laboe,1
labog,1
realbuto,1
gautier,1
trilling,1
broyhill,1
labor,1
labrode,1
rimkus,1
laboy,1
macmullan,1
tanna,1
navaretta,1
schwendinger,1
corke,1
navarette,1
simmoneau,1
heinandez,1
penzien,1
keiss,1
morocco,1
tillotson,1
alnutt,1
kiper,1
gladstone,1
haskins,1
mankel,1
mccollum,1
rehse,1
oehrle,1
heung,1
manker,1
tinkler,1
corle,1
courtemanche,1
schnepf,1
davenport,1
torngren,1
scates,1
trizarry,1
higman,1
zamora,1
sawczyszyn,1
goetze,1
demuth,1
amble,1
goodwin,1
keirn,1
riendeau,1
busman,1
degollado,1
norise,1
grunberg,1
coric,1
corid,1
egerer,1
cerami,1
cacatian,1
reckner,1
frischman,1
bathrick,1
labre,1
corin,1
hardina,1
corio,1
harding,1
hardine,1
sobiech,1
leavens,1
coriz,1
schieler,1
rosendale,1
lucus,1
bisarra,1
holliday,1
mannchen,1
wreede,1
braunsdorf,1
wehking,1
keipe,1
verkler,1
mankey,1
cannedy,1
macmullen,1
pavolini,1
ramelli,1
szeto,1
wdowiak,1
werries,1
pospicil,1
sondrup,1
mctigue,1
biscahall,1
mcgonigle,1
coria,1
arrizaga,1
daffin,1
munchmeyer,1
strickland,1
fruge,1
mankin,1
ciriaco,1
linkovich,1
weiner,1
wafer,1
maisano,1
cabading,1
steinkamp,1
ingole,1
ingold,1
duffus,1
vallian,1
reprogle,1
shepps,1
udinsky,1
hammaker,1
coppenger,1
reher,1
skursky,1
garzia,1
luddy,1
tango,1
harmsen,1
mccollin,1
kamirez,1
grochmal,1
valois,1
corey,1
magleby,1
kranwinkle,1
chirasello,1
zamoro,1
tubolino,1
deleeuw,1
speziale,1
detamble,1
diosdado,1
frueh,1
raschilla,1
clipper,1
coren,1
mcduffy,1
enfinger,1
corea,1
uphoff,1
aguilar,1
boushie,1
cannizzo,1
hickling,1
cordy,1
kimbley,1
titze,1
crossgrove,1
mootispaw,1
kimbler,1
ptacek,1
cords,1
taney,1
robideau,1
tanen,1
ossman,1
anglebrandt,1
kautzer,1
mowbray,1
dibrito,1
matchette,1
keitt,1
testa,1
viken,1
keith,1
corda,1
viker,1
corde,1
bombich,1
abling,1
errington,1
valone,1
broerman,1
ciak,1
vantassel,1
firlik,1
lazcano,1
kooser,1
spruiell,1
vallier,1
natera,1
sajorda,1
vallien,1
millson,1
wermter,1
bandley,1
kraetsch,1
folkens,1
firlit,1
dibrino,1
corbo,1
bousquet,1
corby,1
kleinhans,1
uphold,1
argenziano,1
jergenson,1
roquemore,1
auman,1
nomura,1
randoll,1
ripplinger,1
schielke,1
corbi,1
okojie,1
hilbun,1
macnutt,1
tanks,1
randolf,1
coran,1
coram,1
coral,1
corak,1
kimberlin,1
sutterfield,1
tanke,1
winkelpleck,1
coray,1
kipka,1
lavern,1
jimison,1
aguiler,1
eleby,1
emmerson,1
northouse,1
lavery,1
lodwick,1
capwell,1
constancio,1
chesney,1
premer,1
lavere,1
cacciola,1
ajasin,1
chesner,1
eleam,1
offer,1
mctiernan,1
offen,1
wibberley,1
gangel,1
rothbauer,1
amber,1
werring,1
cannell,1
salvietti,1
ericsson,1
tanis,1
guadarrama,1
duesenberg,1
nesbeth,1
heatley,1
goettl,1
mccollom,1
losoya,1
driskill,1
nordenstrom,1
forslund,1
mccollam,1
korgie,1
benally,1
sesler,1
garavelli,1
sesley,1
zdenek,1
silvertooth,1
deforge,1
glimp,1
hochhauser,1
lacau,1
lichstein,1
duarte,1
obradovich,1
caccamise,1
radovich,1
rabassa,1
pierpont,1
garzon,1
prence,1
ludke,1
gorglione,1
widrig,1
apresa,1
miano,1
breceda,1
rizzolo,1
elena,1
fassler,1
firmin,1
lounsbery,1
gladwell,1
choi,1
masucci,1
worland,1
jundt,1
choe,1
brinkman,1
reial,1
vivo,1
stankowitz,1
grenfell,1
rozgonyi,1
glime,1
reick,1
lapusnak,1
rollings,1
espenshade,1
cathers,1
hizer,1
lobingier,1
reich,1
pfanstiel,1
goldhirsh,1
mcgonigal,1
sliker,1
molands,1
tyrell,1
kadow,1
zeledon,1
seibert,1
bemrich,1
humbarger,1
arcement,1
wagar,1
junes,1
sarrett,1
otsuka,1
seibers,1
gilchrest,1
fieser,1
ruschmeyer,1
counce,1
fiesel,1
rampersad,1
vilardo,1
schoenthal,1
kintopp,1
mirelez,1
vitt,1
rynders,1
marnell,1
vilardi,1
bibbins,1
vito,1
mireles,1
chia,1
viti,1
goodwyn,1
mccolley,1
haymes,1
ambuehl,1
kitching,1
haymer,1
apolito,1
vita,1
vecchi,1
junge,1
birdinground,1
michaelsen,1
kaduk,1
lacey,1
cathell,1
vondohlen,1
silversmith,1
letterlough,1
vise,1
reidy,1
eliasen,1
liedtke,1
balsiger,1
reiff,1
bengelsdorf,1
santillo,1
wetzell,1
baldrige,1
santilli,1
wentcell,1
wolinski,1
kadri,1
schneck,1
walvoord,1
blinebry,1
bellace,1
minotti,1
reier,1
arthurs,1
lacer,1
corcoran,1
harrigill,1
lacek,1
mackellar,1
petersson,1
boorman,1
vire,1
reigh,1
nessmith,1
vangieson,1
chim,1
chin,1
chio,1
corza,1
scheyer,1
rennemeyer,1
kornblum,1
kozusko,1
olander,1
scammahorn,1
skurski,1
sibell,1
chiz,1
chiu,1
glueckert,1
corzo,1
chiv,1
siwinski,1
lacko,1
chua,1
hayman,1
bowline,1
chuc,1
lacks,1
junke,1
syrett,1
vanwormer,1
chuh,1
merlain,1
mcconaughy,1
filburn,1
cauble,1
chui,1
bellair,1
landefeld,1
chum,1
trachtenberg,1
chun,1
seecharran,1
hirleman,1
garibaldo,1
garibaldi,1
leverette,1
butterworth,1
hilbig,1
bloxsom,1
redmann,1
yeast,1
liceaga,1
lacki,1
duffek,1
hartzog,1
clesca,1
mondesir,1
duffee,1
delliveneri,1
guillaume,1
duffer,1
mckillop,1
schnell,1
ottilige,1
ayoub,1
duffel,1
yeary,1
haegele,1
elchert,1
mctighe,1
szewc,1
noakes,1
lacio,1
ysbrand,1
corum,1
grisostomo,1
gronvall,1
ceballos,1
sikora,1
carethers,1
harvison,1
lilien,1
firman,1
bridson,1
tesch,1
repass,1
hickton,1
hoppenrath,1
corvo,1
kious,1
englund,1
elewa,1
corvi,1
vanhekken,1
demuro,1
sarrell,1
lidbom,1
burghardt,1
atthowe,1
barschdoor,1
longchamps,1
falick,1
flannigan,1
zorilla,1
aumiller,1
bowling,1
holtmeier,1
weintz,1
degaust,1
lacoy,1
corsa,1
woodmore,1
junod,1
corse,1
corsi,1
schermann,1
bellamy,1
belland,1
freshwater,1
nuckols,1
driggs,1
amazan,1
juarbe,1
fairrow,1
clesen,1
antonopoulos,1
northover,1
corry,1
hrdlicka,1
teske,1
corte,1
colpetzer,1
teska,1
arroyano,1
corti,1
duffin,1
esterson,1
pokswinski,1
sibert,1
freyer,1
corso,1
chou,1
chor,1
duffie,1
schucker,1
glise,1
puotinen,1
vannaman,1
choy,1
junor,1
heuer,1
chow,1
chol,1
glish,1
chon,1
choo,1
lindinha,1
vanvoorhees,1
adeyemo,1
brucker,1
henriques,1
sitterson,1
klippel,1
masuyama,1
skillpa,1
tanzi,1
hackerott,1
riker,1
brucken,1
ciesiolka,1
frantzich,1
lauwers,1
duffey,1
dermady,1
bailiff,1
corra,1
elery,1
sibeto,1
mckillip,1
hoffelmeyer,1
hopfauf,1
zabinski,1
tolston,1
corre,1
ferrarini,1
sleva,1
arslan,1
chesnut,1
bombino,1
lavongsar,1
manghane,1
akkerman,1
heuck,1
fjeld,1
brinkerhoff,1
henriquez,1
lagrimas,1
ginther,1
wasicek,1
marksbury,1
winfred,1
vien,1
osden,1
nowland,1
viel,1
regos,1
stefanovich,1
sternberger,1
winfree,1
zerring,1
eliason,1
ransbottom,1
chatlos,1
lajaunie,1
moresco,1
eovaldi,1
aulds,1
winfrey,1
moylan,1
winterling,1
mirman,1
birklid,1
bashir,1
meyerott,1
lindsey,1
mccure,1
schrick,1
helgason,1
christison,1
yanagihara,1
scharff,1
higley,1
denisco,1
wassenaar,1
hardinger,1
petteway,1
ausmus,1
finlayson,1
terzo,1
auler,1
view,1
vieu,1
vier,1
mckibbon,1
loeffler,1
lorkowski,1
vigo,1
freyre,1
gaseoma,1
mehrotra,1
sabbatini,1
schares,1
sinopoli,1
scharer,1
kafer,1
twiddy,1
soenksen,1
glennon,1
datwyler,1
mcgranahan,1
kafel,1
hogarth,1
leopold,1
rabasca,1
basher,1
sayavong,1
opdyke,1
muthart,1
afton,1
markegard,1
kudley,1
haramoto,1
hogarty,1
birckhead,1
capshaw,1
titch,1
ganesh,1
schardt,1
wyont,1
accosta,1
maloney,1
vial,1
obray,1
kehoe,1
faulkingham,1
vijil,1
warhurst,1
laurole,1
schiralli,1
moyler,1
muthana,1
parlato,1
mcbrien,1
dilullo,1
klockars,1
lindsay,1
wagon,1
mccune,1
nemith,1
halbert,1
viau,1
mizner,1
rimar,1
vias,1
nemitz,1
caliman,1
mcbride,1
viar,1
vian,1
hillerman,1
dudenbostel,1
bible,1
halberg,1
golston,1
vanderford,1
stredny,1
carmell,1
arduini,1
wagle,1
warhol,1
vice,1
whitesell,1
vick,1
kershner,1
hohlstein,1
milbourne,1
halajian,1
ozaeta,1
elvert,1
marque,1
elvers,1
kriskovich,1
mccunn,1
treakle,1
morante,1
muddiman,1
embelton,1
vida,1
manley,1
saitta,1
bashaw,1
christensen,1
coulon,1
basham,1
bodensteiner,1
shiever,1
tesar,1
rudnick,1
vandebrink,1
wriedt,1
shuffield,1
chatelain,1
roppolo,1
chez,1
chey,1
lucas,1
iida,1
weimar,1
pezzimenti,1
scharpf,1
chew,1
chet,1
cheu,1
miazga,1
terry,1
chen,1
rubalcave,1
przewozman,1
kafka,1
chea,1
talahytewa,1
schellermann,1
rubalcava,1
chee,1
schaffert,1
woulard,1
testman,1
reger,1
abdeldayen,1
pfahlert,1
reges,1
ganiban,1
hoadley,1
vind,1
terri,1
vine,1
repsher,1
axline,1
lipman,1
terre,1
vina,1
tollison,1
carmena,1
glick,1
christenson,1
stickrath,1
terra,1
highley,1
vinz,1
vint,1
weiman,1
farness,1
farnese,1
theriot,1
helwig,1
schimler,1
horsely,1
records,1
vink,1
brangan,1
pobanz,1
clyburn,1
bashor,1
terheggen,1
waggy,1
basilio,1
grasman,1
cedars,1
tostanoski,1
lucci,1
madara,1
kellogg,1
pasquarelli,1
guzalak,1
wendte,1
espiridion,1
hartwigsen,1
viox,1
kiepert,1
mckerlie,1
regen,1
pasquarella,1
regel,1
halpainy,1
boleyn,1
fujimura,1
cushman,1
davise,1
mccardle,1
mckibbin,1
rihanek,1
hirpara,1
gliem,1
pasquarello,1
davitt,1
desiga,1
hamasaki,1
davito,1
vandewerker,1
lucca,1
tobacco,1
litman,1
chao,1
chan,1
cierpke,1
cham,1
char,1
burkley,1
chau,1
balliett,1
tersigni,1
rosada,1
bibby,1
wages,1
chay,1
wager,1
rutty,1
dietsch,1
chesteen,1
rosado,1
bibbs,1
breuninger,1
goessl,1
burkleo,1
kurutz,1
chad,1
chae,1
gorrell,1
chai,1
schiraldi,1
overshiner,1
busler,1
combass,1
tervo,1
vanaprasert,1
cautillo,1
frausto,1
mrnak,1
weimer,1
annarummo,1
bibee,1
niesporek,1
cedano,1
molzahn,1
dorland,1
meyerhoffer,1
torkelson,1
regis,1
jacksits,1
tenhoff,1
farnell,1
schaffeld,1
vlasaty,1
pectol,1
tuning,1
vornes,1
desmeules,1
adelmann,1
cabriales,1
desadier,1
vila,1
vile,1
mckibben,1
biber,1
schrier,1
ludwick,1
dziadek,1
haubner,1
scibilia,1
bibel,1
dunnington,1
dillavou,1
vilt,1
giachelli,1
benyamin,1
lucik,1
groeneweg,1
scarth,1
grigorov,1
esslinger,1
dimare,1
biava,1
cruthirds,1
lucic,1
jumbo,1
lucie,1
kasack,1
ferron,1
kulcona,1
snorden,1
babington,1
lucia,1
morando,1
tapat,1
upole,1
cerrano,1
streeby,1
shafran,1
morandi,1
warick,1
lucht,1
handzlik,1
cutsforth,1
marren,1
marreo,1
tamburri,1
kennelley,1
macadamia,1
tamburro,1
snowball,1
laday,1
shinall,1
rehak,1
balderson,1
ladas,1
ghebremicael,1
belville,1
frump,1
aboud,1
colmenero,1
hueston,1
tunick,1
klimaszewski,1
lucis,1
dargan,1
lucio,1
aultz,1
danker,1
lauigne,1
masingale,1
iino,1
lucke,1
davila,1
schartz,1
tittl,1
rediker,1
lader,1
bartenfield,1
giannecchini,1
therien,1
eberenz,1
rohweder,1
cocking,1
wahba,1
leckman,1
titus,1
brewbaker,1
mccrory,1
delgadilo,1
lucky,1
lufborough,1
joubert,1
struckhoff,1
lucks,1
kilgore,1
caiafa,1
cordonnier,1
willenbrock,1
norkin,1
bartolini,1
bircher,1
davine,1
calcutt,1
govoni,1
weisenfluh,1
huestis,1
henrich,1
mcdugle,1
helweg,1
scarpa,1
bochenski,1
bhagat,1
baladejo,1
henrick,1
davino,1
hayles,1
anzalone,1
kinna,1
bienvenue,1
ohanley,1
taper,1
kinne,1
cadman,1
ossowski,1
ruehle,1
hartgrove,1
everding,1
fruit,1
bivans,1
kelleher,1
boscarello,1
seifert,1
eldib,1
marris,1
marrin,1
denison,1
shapley,1
gallemore,1
peschong,1
scharte,1
lucek,1
ledwig,1
lucey,1
fruin,1
varieur,1
fulginiti,1
babauta,1
bolevice,1
wafula,1
elder,1
brinkley,1
kossmann,1
elden,1
precythe,1
confalone,1
heffernen,1
stright,1
mankus,1
moranda,1
davion,1
tapia,1
khazaleh,1
bernstock,1
lickfelt,1
wagatsuma,1
wilridge,1
clouatre,1
strotman,1
mckerley,1
helbling,1
burdman,1
goethe,1
brezina,1
coyner,1
glassburn,1
sonderman,1
vandekamp,1
trusler,1
fietek,1
barrilleaux,1
baldassano,1
colehour,1
teran,1
kurkjian,1
hlavaty,1
turzak,1
warila,1
lebsock,1
chiarito,1
ketola,1
pascucci,1
daviau,1
norkus,1
goodvin,1
spasiano,1
bilyeu,1
linnane,1
boyett,1
townsley,1
ordorica,1
abolt,1
vilegas,1
saltmarsh,1
bialy,1
marseilles,1
shuckhart,1
whitacker,1
daiton,1
melville,1
pavlovic,1
vanbuskirk,1
marquardt,1
shovlin,1
castillion,1
singeltary,1
davids,1
sigler,1
mascorro,1
davide,1
bucolo,1
lavgle,1
himmons,1
repinski,1
sigley,1
hickson,1
edmeier,1
bosefski,1
kintz,1
jarencio,1
sweezer,1
macnaughton,1
sammartano,1
gislason,1
manthey,1
ferree,1
waring,1
sweezey,1
davick,1
harleman,1
ferrel,1
lewman,1
ferren,1
mirles,1
davich,1
ferrer,1
boyers,1
heffernan,1
guisinger,1
burklow,1
renzulli,1
rougeau,1
falardeau,1
renzullo,1
atamanczyk,1
pfoutz,1
bigony,1
granquist,1
baldassara,1
buschmann,1
carmean,1
baldassare,1
biagioni,1
drutman,1
weisbecker,1
leonhardt,1
lawrenz,1
keihl,1
helowicz,1
abood,1
girres,1
chauncey,1
biard,1
galagher,1
giorgio,1
frush,1
schweiger,1
wassermann,1
wendel,1
mendrala,1
manthei,1
antigua,1
finnegan,1
mcgrapth,1
osche,1
stolsig,1
davies,1
brogglin,1
lemming,1
hazelbush,1
hevey,1
guizar,1
mcdavitt,1
ruggero,1
cerrato,1
wender,1
rajtar,1
ruggeri,1
mckaskle,1
landesberg,1
schlieter,1
holsman,1
siglar,1
pushcar,1
rainone,1
sondrol,1
aboytes,1
riles,1
hevia,1
riley,1
ferrie,1
hanenberger,1
chatman,1
ohanlon,1
ledwell,1
murrietta,1
kilgour,1
falkner,1
bjornstad,1
ferris,1
delouise,1
beatrice,1
kranawetter,1
coache,1
ferrin,1
ferrio,1
biasi,1
marron,1
etoll,1
biase,1
figeroa,1
fruth,1
marrow,1
naki,1
zaragoza,1
broenneke,1
raygoza,1
boyens,1
oscar,1
jungbluth,1
bolding,1
gullatt,1
coton,1
rinck,1
kinaj,1
kaluzny,1
conyers,1
kinan,1
mcmain,1
keplin,1
jonassen,1
nall,1
droessler,1
maddux,1
baccari,1
cumblidge,1
siglin,1
filarecki,1
filiault,1
gilham,1
asquith,1
nordick,1
rentschler,1
scanlan,1
aukes,1
auker,1
wallenstein,1
khansari,1
sherif,1
olkowski,1
tylwalk,1
talor,1
osterfeld,1
sanderson,1
hamara,1
nale,1
llamas,1
seager,1
goughnour,1
helscher,1
boling,1
zarate,1
naik,1
boline,1
nail,1
candland,1
rolfson,1
franchette,1
nair,1
bolins,1
kaemingk,1
vanschoyck,1
uchiyama,1
nathan,1
keebler,1
derizzio,1
santalucia,1
treisch,1
kepler,1
urquilla,1
kellner,1
bozych,1
naji,1
thomann,1
kepley,1
reihing,1
hobin,1
caulkins,1
bellaire,1
lazier,1
kekua,1
wylie,1
gesing,1
ciborowski,1
unterseher,1
hammeren,1
rinde,1
dockstader,1
hobler,1
sherfy,1
deranick,1
bambacigno,1
cotti,1
searson,1
leventhal,1
cotta,1
ladue,1
gerczak,1
laduc,1
guardarrama,1
cheyney,1
bradfield,1
vanderlinden,1
klitzing,1
tally,1
greenwood,1
hauffe,1
preciado,1
gerhold,1
faulhaber,1
woeste,1
napp,1
laquerre,1
bekhit,1
tsinnie,1
mcmann,1
chiarini,1
sawicki,1
piefer,1
kagey,1
engblom,1
dopazo,1
streams,1
birtcher,1
evertsen,1
micco,1
hufnagel,1
maddry,1
dunegan,1
kager,1
desler,1
sensel,1
urbino,1
kagel,1
namm,1
cosentino,1
fristoe,1
hobdy,1
nicolosi,1
nucklos,1
sherle,1
rockmore,1
tietjen,1
schuchat,1
fassio,1
nanz,1
hobel,1
veloso,1
abril,1
vititow,1
valdivieso,1
hoben,1
ebbers,1
speelman,1
siglow,1
hober,1
ebbert,1
mariello,1
scarce,1
ragsdale,1
trifiletti,1
nani,1
champaco,1
urbine,1
nang,1
porchia,1
fahlstedt,1
stimage,1
vititoe,1
goewey,1
twiggs,1
elgas,1
elgar,1
krishman,1
urbina,1
stgelais,1
retterath,1
biedermann,1
micek,1
nase,1
cicali,1
hutchison,1
eastmond,1
nash,1
bigsby,1
reczek,1
naso,1
hathorn,1
nasr,1
sensor,1
wegweiser,1
nass,1
harewood,1
uljevic,1
nast,1
etherington,1
knippenberg,1
strawhorn,1
kriebel,1
mccrone,1
talib,1
boatfield,1
rydberg,1
helvik,1
kasdon,1
schwalenberg,1
weiler,1
truslow,1
nate,1
maisonave,1
boliek,1
nath,1
brandau,1
nati,1
helvie,1
amstutz,1
bolieu,1
hesse,1
brandal,1
stoeberl,1
ilic,1
maulding,1
natt,1
schaunt,1
hofman,1
keisacker,1
wooddell,1
kartchner,1
mokbel,1
frezzo,1
raygosa,1
keefner,1
abrey,1
colander,1
hespe,1
kings,1
abreu,1
lukins,1
abrew,1
abrev,1
claypoole,1
penwarden,1
windauer,1
palomino,1
scarfi,1
sherow,1
scarff,1
wecker,1
arrellano,1
naschke,1
frezza,1
iler,1
iles,1
teque,1
cotey,1
porcher,1
scarfo,1
russe,1
sandersen,1
nard,1
middaugh,1
russi,1
napenas,1
bicek,1
wahid,1
rolfsen,1
bredesen,1
sherod,1
schaupp,1
russo,1
richcreek,1
cicale,1
naro,1
abreo,1
narr,1
cicala,1
elgen,1
cusimano,1
darbouze,1
elger,1
deemer,1
nary,1
nawn,1
colyott,1
trippett,1
rigsbee,1
defosse,1
kines,1
warboys,1
kiner,1
webbink,1
holzheimer,1
edgett,1
norley,1
boekelman,1
senske,1
litner,1
lampiasi,1
treleven,1
vixayack,1
ille,1
kindt,1
dimaio,1
flowers,1
illa,1
berenbaum,1
valdiviezo,1
kindl,1
argulewicz,1
thingvold,1
moreton,1
alcaraz,1
micha,1
schimmel,1
jeanfrancois,1
szilagyi,1
kinds,1
bolian,1
kinde,1
beehler,1
michl,1
lazich,1
rehbock,1
grobmyer,1
asbill,1
hausher,1
helvey,1
lewallen,1
meisch,1
heidgerken,1
kincy,1
zobel,1
stuard,1
dargie,1
cushner,1
labombard,1
lettman,1
micks,1
kinch,1
naud,1
duttinger,1
dargis,1
hamano,1
nava,1
mcmath,1
hamann,1
inagaki,1
towlerton,1
hardges,1
dargin,1
romaniello,1
falknor,1
lambourne,1
malgieri,1
navo,1
delmendo,1
agnello,1
kruszewski,1
scarpone,1
lindersmith,1
kostohryz,1
bolick,1
mielcarz,1
nave,1
kagle,1
stuart,1
rinaudo,1
sensabaugh,1
frankland,1
meiser,1
friedberg,1
meisel,1
seagle,1
bolich,1
theriault,1
talat,1
abram,1
sherry,1
yestramski,1
talas,1
nyhan,1
navy,1
elgin,1
rougeot,1
aynes,1
agnelli,1
cadmen,1
kinas,1
stanbrough,1
tamas,1
rutko,1
osbon,1
lipner,1
tognazzini,1
madden,1
geerdes,1
zahorchak,1
ohanian,1
skaflen,1
janecka,1
prinkey,1
heusinkveld,1
gander,1
tamai,1
gandee,1
atengco,1
naifeh,1
brandis,1
kuanoni,1
norlin,1
blondeau,1
kelii,1
rosano,1
keavney,1
buechel,1
alexanders,1
galindez,1
luben,1
nathoo,1
yuenger,1
luber,1
rosane,1
smykowski,1
valasco,1
moretta,1
kerfoot,1
tambe,1
fantini,1
moretti,1
moretto,1
sniffin,1
welding,1
coulas,1
galloway,1
weidemann,1
panarello,1
lubbs,1
glauser,1
okajima,1
cerecer,1
lockaby,1
quadnau,1
bockenkamp,1
vannuck,1
fulfer,1
hidinger,1
blyther,1
bravender,1
guilbeaux,1
mantini,1
fontecchio,1
obremski,1
panarella,1
buecher,1
warley,1
caoagdan,1
mathurin,1
voights,1
scanlon,1
cordiero,1
silfies,1
saunder,1
bothman,1
kimme,1
laehn,1
hefferman,1
siregar,1
valasek,1
poellinetz,1
ermatinger,1
wieland,1
nyhus,1
levecke,1
waiau,1
yearego,1
champany,1
manfredini,1
gillogly,1
cirrincione,1
stealey,1
freundlich,1
ricketson,1
waide,1
chagoya,1
mazzetti,1
schauwecker,1
brandel,1
dixson,1
hrobsky,1
lubic,1
branden,1
sleaford,1
mooradian,1
brandes,1
brander,1
blaxland,1
claflin,1
errico,1
dalpiaz,1
lubin,1
wimble,1
hertz,1
decristofaro,1
couey,1
slepski,1
hamada,1
bichoff,1
kilpatrick,1
janiszewski,1
rosaro,1
rimmer,1
slimko,1
herth,1
caples,1
nordine,1
vollick,1
capley,1
whitlock,1
herta,1
radona,1
flodman,1
glowacky,1
caplin,1
ilse,1
verdino,1
canerday,1
minatra,1
sigman,1
reker,1
dettling,1
couley,1
glowacki,1
gundlach,1
sessoms,1
harpine,1
hersh,1
firkey,1
mccuan,1
kelau,1
quinerly,1
swayne,1
viggiano,1
herry,1
ruths,1
murdaugh,1
castelan,1
kosmala,1
craycraft,1
burkitt,1
orchard,1
adamyan,1
viggiani,1
kelch,1
cerceo,1
battiato,1
couch,1
herre,1
glinka,1
hilliard,1
jupin,1
verdine,1
battiata,1
herra,1
cipollone,1
cipolloni,1
wyman,1
kagay,1
burkins,1
nacy,1
hesby,1
garaventa,1
marohl,1
scanlin,1
hammerle,1
ohlemacher,1
warlow,1
zhang,1
survis,1
hesch,1
giacomelli,1
marois,1
marchand,1
rutar,1
caplan,1
wormington,1
hobby,1
gerache,1
gunsolus,1
halmstead,1
nace,1
minacci,1
hobbs,1
swerdlow,1
skrocki,1
owers,1
altimus,1
nack,1
mirmow,1
ketner,1
owens,1
naas,1
cotto,1
nemeth,1
cotty,1
mccuen,1
nemets,1
burston,1
lubke,1
danley,1
tevlin,1
nemetz,1
swayze,1
brandow,1
sylvain,1
nabb,1
spight,1
hoban,1
marchant,1
janecek,1
hayzlett,1
subera,1
brandom,1
litscher,1
ruter,1
brandon,1
maddoy,1
rekas,1
hixon,1
maddox,1
zaragosa,1
magowan,1
berniard,1
chludzinski,1
kurylo,1
milewski,1
talvy,1
subert,1
murrain,1
ikemoto,1
berzins,1
tecson,1
kagan,1
naab,1
rosati,1
lazzeri,1
osbey,1
hammerly,1
rosato,1
radilla,1
mittleman,1
costine,1
nagy,1
abrom,1
wymer,1
rinauro,1
meiste,1
dorlando,1
trezza,1
kells,1
rubalcaba,1
gandhy,1
nahm,1
heeter,1
deibel,1
tresselt,1
maddin,1
kelly,1
abron,1
guarracino,1
nahl,1
gandia,1
ruelas,1
kelln,1
kello,1
ruelar,1
gandhi,1
lazzell,1
falker,1
bringantino,1
brandly,1
soisson,1
zipkin,1
rimel,1
abercrombie,1
melonson,1
talty,1
chumley,1
brandle,1
redinbo,1
crosdale,1
ennist,1
glines,1
ingegneri,1
tuthill,1
nagg,1
sherer,1
maharaj,1
wimber,1
hospkins,1
tendick,1
galetta,1
macapagal,1
naes,1
kordys,1
freedlander,1
strebel,1
cadmus,1
weigold,1
beierschmitt,1
rutan,1
galetti,1
rimer,1
kimsey,1
botner,1
rimes,1
sherbo,1
girsch,1
naff,1
nunziato,1
ramento,1
mccuin,1
senderling,1
slimak,1
charboneau,1
marchall,1
nunziata,1
spirounias,1
papillion,1
reckley,1
matsunaga,1
maddix,1
sliman,1
slaughenhoupt,1
barmore,1
robson,1
verdier,1
bernstrom,1
lubow,1
grimshaw,1
barhydt,1
naef,1
bidon,1
correla,1
marose,1
trippensee,1
chaleun,1
shephard,1
thimmes,1
hellerman,1
allston,1
hiland,1
michalik,1
sortino,1
sliva,1
correll,1
lesniewski,1
gazzillo,1
hoage,1
thorley,1
wojick,1
arendz,1
gilgan,1
stahlecker,1
fastic,1
tivis,1
wilkson,1
bannon,1
weigner,1
fleniken,1
sliwa,1
bowlick,1
lemarr,1
gabriel,1
llanas,1
cippina,1
deible,1
couture,1
kordus,1
tsemetzis,1
waiss,1
ferrington,1
arends,1
sephton,1
arendt,1
garthwaite,1
szymkowski,1
poldrack,1
strittmater,1
klasinski,1
hertlein,1
waldrope,1
michalke,1
kirovac,1
yaklin,1
hammerschmidt,1
jonason,1
weikle,1
rowsell,1
soolua,1
faster,1
cosmo,1
waldroop,1
deterding,1
slisz,1
deschomp,1
cosme,1
drach,1
amert,1
cosma,1
reith,1
credell,1
derring,1
haugen,1
guintanilla,1
hauger,1
amero,1
reyelts,1
fierst,1
mannix,1
reitz,1
casados,1
kahle,1
correia,1
murchie,1
turrigiano,1
hudspeth,1
prestwich,1
modafferi,1
mannis,1
pliler,1
matison,1
reise,1
norman,1
ayoob,1
sweetman,1
margulies,1
mannie,1
chritton,1
bekins,1
heter,1
granzow,1
dragt,1
phegley,1
reiss,1
reist,1
maroon,1
reisz,1
salvemini,1
bidle,1
wanvig,1
marone,1
lemans,1
jimenez,1
swearngin,1
maroni,1
ursprung,1
hilgendorf,1
hofler,1
drain,1
marona,1
jimenes,1
otoole,1
krnach,1
gabrial,1
rydman,1
riobe,1
wilcock,1
emshwiller,1
marchionni,1
weiker,1
ladouce,1
heidenreich,1
rurup,1
senter,1
kolodzieski,1
weikel,1
maglaras,1
beveridge,1
kintsel,1
haughn,1
vallero,1
skillom,1
supplee,1
haught,1
alguire,1
waits,1
arenas,1
kloppenburg,1
soberano,1
waite,1
bartholic,1
sigmon,1
shreeves,1
roseborough,1
drage,1
dragg,1
marolf,1
marold,1
houston,1
pallares,1
hanstine,1
marola,1
drago,1
ament,1
waitz,1
wallett,1
draft,1
pertubal,1
manney,1
nussey,1
slipp,1
krishnan,1
marolt,1
tammo,1
mannes,1
nusser,1
clemence,1
manner,1
delgrosso,1
vallery,1
amend,1
hledik,1
kimes,1
mcphetridge,1
skillan,1
michalak,1
plush,1
vandekieft,1
bedford,1
abreau,1
lafay,1
kimel,1
scholten,1
traxson,1
silbert,1
boyden,1
scholtes,1
cosca,1
wiederin,1
scofield,1
silberg,1
tivar,1
kahre,1
reins,1
amela,1
montemayor,1
deskin,1
weikal,1
strausbaugh,1
waiki,1
reino,1
pluta,1
plutt,1
reina,1
fulham,1
reine,1
ayola,1
amell,1
kahrs,1
reing,1
cosby,1
cuneio,1
ochalek,1
newhouse,1
castejon,1
philabaum,1
cravalho,1
derrigo,1
iker,1
fernsler,1
jemison,1
wedderspoon,1
wrinkles,1
drescher,1
leduke,1
cosey,1
cornelius,1
barksdale,1
credeur,1
correau,1
batcher,1
parsygnat,1
majied,1
reily,1
weilbacher,1
shreiner,1
cosen,1
kannan,1
delaurie,1
iveans,1
kannas,1
organista,1
reill,1
kalchik,1
keaveney,1
clawges,1
deener,1
ghormley,1
hoare,1
hoard,1
kitzmiller,1
arenos,1
schnautz,1
birkner,1
michales,1
cropper,1
maldomado,1
sanabria,1
skillen,1
michalek,1
kimak,1
michalec,1
fierro,1
sjolund,1
kuilan,1
villarreal,1
alequin,1
warkentin,1
futrell,1
kannel,1
majica,1
llanez,1
waldroff,1
robuck,1
creighton,1
fierra,1
vautrin,1
housten,1
ingrum,1
llanet,1
roitman,1
osawa,1
llanes,1
holtberg,1
abrego,1
isagawa,1
boutelle,1
schneekloth,1
gilger,1
barkalow,1
sissman,1
bekius,1
bittenbender,1
kleinsasser,1
sligh,1
beatley,1
catherwood,1
finefrock,1
cosio,1
pluym,1
derrico,1
vanella,1
derrick,1
biddy,1
davignon,1
niermann,1
maroun,1
dejesus,1
tunget,1
mulato,1
mannon,1
salierno,1
kanney,1
ameen,1
reihe,1
belleau,1
tames,1
feldmeier,1
tamer,1
marotz,1
kanner,1
reihl,1
roscow,1
baumbusch,1
hoang,1
ipson,1
knappenberger,1
bidez,1
littlepage,1
tamez,1
teppo,1
kellman,1
roscoe,1
renneker,1
coodey,1
slife,1
ingran,1
ingram,1
siddall,1
rusko,1
sazama,1
neumeister,1
cima,1
meglio,1
bruegman,1
gilfoy,1
vanelli,1
osaki,1
oyervides,1
gambrill,1
jaenicke,1
liborio,1
swinney,1
muscolino,1
rosalez,1
naze,1
journey,1
lisanti,1
vickers,1
bredeson,1
clemenza,1
cadoff,1
osako,1
figueron,1
vickery,1
sabatelli,1
bachleda,1
rosales,1
figueroa,1
drath,1
wajda,1
girton,1
moosman,1
kille,1
rusin,1
plunk,1
galeotti,1
overkamp,1
mcguyer,1
deveyra,1
shriver,1
gullace,1
mastrogiovann,1
lencioni,1
plump,1
vowels,1
gollnick,1
garrington,1
plume,1
tandy,1
vowell,1
yamasaki,1
slick,1
pluma,1
goularte,1
plumb,1
rushe,1
tande,1
slice,1
chaberek,1
lavell,1
kindell,1
siefert,1
kiley,1
farnham,1
manifold,1
passwater,1
lauerman,1
kendzior,1
rampton,1
misenhimer,1
lavene,1
musetti,1
pottorf,1
hackathorn,1
thammavongsa,1
teper,1
twiest,1
leitheiser,1
shramek,1
arnholtz,1
hofheimer,1
vallejos,1
cuppett,1
smittle,1
parrales,1
nation,1
ghelfi,1
virelli,1
cocopoti,1
kilgo,1
snethen,1
mavris,1
lipoma,1
huszar,1
toyama,1
zarrabi,1
carualho,1
drawy,1
whippo,1
aronoff,1
winkowski,1
rinne,1
rackliffe,1
fierge,1
rusek,1
rusen,1
tangney,1
duperclay,1
whipps,1
walleck,1
mortier,1
schepker,1
drawe,1
shearier,1
cink,1
piedra,1
cini,1
idleburg,1
ditullio,1
cubbage,1
cina,1
privitera,1
vigus,1
trabazo,1
mengsteab,1
clemente,1
buttermore,1
clementi,1
abrell,1
gudroe,1
kordas,1
cimo,1
vigue,1
miecznikowski,1
curtner,1
chalfin,1
clements,1
curylo,1
yengich,1
kahao,1
mcgranor,1
solgovic,1
schroedter,1
cito,1
ipsen,1
hurndon,1
sgroi,1
loesch,1
krysinski,1
pluck,1
wynes,1
wyner,1
bartolet,1
city,1
kittelberger,1
langfeldt,1
hilado,1
plude,1
cossa,1
ingrim,1
lavear,1
rusch,1
swearngen,1
chalifoux,1
lessmann,1
stpeter,1
marple,1
guardado,1
corrett,1
sackman,1
rusaw,1
wigfall,1
ungerecht,1
coste,1
harpham,1
costa,1
zavcedo,1
axthelm,1
plegge,1
drake,1
mannan,1
loeser,1
pinchon,1
kiltz,1
saxbury,1
plues,1
kilty,1
driesbach,1
bringham,1
rusak,1
pluff,1
virella,1
kilts,1
hollidge,1
archibald,1
fontane,1
holsomback,1
chirdon,1
ebbett,1
degarmo,1
fontana,1
gregware,1
aujla,1
nuckles,1
thierman,1
gissler,1
chalifour,1
cerasi,1
rinke,1
chanthaumlsa,1
ceraso,1
bevilacqua,1
rinks,1
correro,1
demianczyk,1
monhollen,1
orttenburger,1
fillare,1
beerling,1
blatnik,1
bartkiewicz,1
seppanen,1
cira,1
correra,1
richmeier,1
kahen,1
gesick,1
vigil,1
figueras,1
vigna,1
sjoquist,1
gleckler,1
gardino,1
auberry,1
lafoe,1
pichette,1
oleksy,1
gancio,1
casadei,1
garding,1
vigne,1
kotcher,1
banome,1
guillemette,1
waldroup,1
lafoy,1
girten,1
rings,1
wynia,1
tandetzke,1
kirksey,1
lafon,1
hargrove,1
kretzer,1
drape,1
arritola,1
ostwinkle,1
bhairo,1
beazer,1
sinatra,1
vigor,1
oleksa,1
churape,1
loffler,1
niland,1
schauer,1
gullage,1
canniff,1
mcnertney,1
gotwalt,1
blalack,1
figuerda,1
geeting,1
fertig,1
kimrey,1
kascak,1
burdock,1
vallotton,1
vanartsdalen,1
riney,1
rines,1
riner,1
bartholow,1
landmesser,1
karvonen,1
viloria,1
vandevanter,1
ringo,1
erdahl,1
risbeck,1
bezanson,1
granzin,1
redenius,1
drane,1
biedrzycki,1
cius,1
jenkinson,1
kahan,1
fertik,1
kahal,1
sterrett,1
voshell,1
bievenue,1
pluid,1
kahae,1
robertshaw,1
schreyer,1
sliney,1
krotzer,1
okonek,1
shearing,1
derriso,1
hedeiros,1
lofthouse,1
spaziano,1
ballentine,1
hedgpeth,1
spaziani,1
kamerad,1
quinalty,1
keeny,1
keens,1
viola,1
righi,1
furnish,1
kneedler,1
treanor,1
wickline,1
heidrich,1
furniss,1
right,1
keene,1
heidrick,1
samuel,1
brojakowski,1
torrisi,1
sliffe,1
chagnon,1
wigglesworth,1
mcclennon,1
streeton,1
oblow,1
sweetin,1
adamsky,1
pontonio,1
utsler,1
gawronski,1
vanaken,1
tarpy,1
edmisten,1
slifer,1
fausett,1
adamski,1
edmister,1
mccrum,1
lavani,1
trayer,1
keely,1
mcnealy,1
deeken,1
taberski,1
keels,1
dockerty,1
lagan,1
pajtas,1
manora,1
daring,1
warney,1
warnes,1
huver,1
sumstad,1
keele,1
warner,1
nailer,1
prosonic,1
wineberg,1
panter,1
chirino,1
pabich,1
westlund,1
keena,1
mancuso,1
manoso,1
pentecost,1
aprigliano,1
mancusi,1
schulter,1
escamilla,1
schultes,1
milanese,1
lainson,1
franckowiak,1
maruca,1
redal,1
milanesi,1
bucaram,1
lavant,1
tarte,1
salfelder,1
stearne,1
lavala,1
keery,1
jeminez,1
pettersson,1
keese,1
jempty,1
darity,1
silverness,1
lagge,1
maruco,1
bormann,1
negrisor,1
stearns,1
koepsell,1
obrzut,1
torrion,1
schnapp,1
sovocool,1
sheler,1
estain,1
taruc,1
delenick,1
kleekamp,1
manous,1
keeth,1
stocker,1
majchrzak,1
hobell,1
hardmon,1
sandburg,1
tartt,1
larbie,1
maestri,1
jaskolski,1
lyter,1
blankenbecler,1
lungstrom,1
adamson,1
karlovich,1
lembke,1
sheley,1
wurdeman,1
kiles,1
maestre,1
hauley,1
ayles,1
syring,1
citrano,1
mccroy,1
christerson,1
lager,1
hebeisen,1
goodrum,1
botten,1
dickensheets,1
tokihiro,1
stockel,1
journot,1
bachinski,1
shelby,1
oleson,1
tabisula,1
kilby,1
mcguinness,1
dockter,1
linnear,1
straathof,1
reddy,1
schnarr,1
lytch,1
filipiak,1
garver,1
estala,1
standberry,1
shreffler,1
tarro,1
mascagni,1
bercegeay,1
garvey,1
porterfield,1
conville,1
sweeton,1
klonowski,1
shopbell,1
redel,1
reder,1
covin,1
marugg,1
tarry,1
covil,1
tiberi,1
scheitlin,1
dipierro,1
hendson,1
hoberg,1
leymeister,1
valsin,1
keefe,1
canning,1
jamgochian,1
jalkut,1
crofutt,1
shimshak,1
bobbitt,1
kilborne,1
mcnease,1
wickliff,1
elick,1
juelich,1
pantle,1
hatchcock,1
inouye,1
szostak,1
bottex,1
trimmer,1
lytal,1
tanguay,1
kelash,1
session,1
esteves,1
mahraun,1
schnall,1
klemisch,1
solesbee,1
vandevender,1
tyeryar,1
leavitt,1
houghton,1
estevez,1
europe,1
buglisi,1
spingler,1
mcgehee,1
husted,1
linnell,1
holquist,1
maestos,1
euresti,1
cinkan,1
bottin,1
slifko,1
araujo,1
heilbron,1
bollinger,1
couchman,1
vanzandt,1
bosheers,1
adamsen,1
gajardo,1
keedy,1
smucker,1
loconte,1
smitreski,1
colflesh,1
heldenbrand,1
redic,1
baskow,1
hunsucker,1
haskell,1
hobert,1
redig,1
guitar,1
martyn,1
darius,1
tintinger,1
martyr,1
iese,1
strimel,1
meysembourg,1
garrigan,1
visaya,1
tomeldan,1
renolds,1
sangalli,1
panton,1
stockon,1
schnair,1
raduenz,1
kreinbring,1
kleinhenz,1
heilbrun,1
tentler,1
davolt,1
schreur,1
eplin,1
ikemire,1
edgley,1
tolchin,1
cayton,1
felizardo,1
uvalle,1
minford,1
mainguy,1
totzke,1
tetzlaff,1
wachtler,1
navarrette,1
radune,1
baskin,1
plumlee,1
parreira,1
rosselle,1
huval,1
schweiker,1
rosselli,1
elias,1
radunz,1
rebholz,1
eusebio,1
hedberg,1
signor,1
keehn,1
redle,1
bergstresser,1
schnake,1
elian,1
dickinson,1
manoni,1
kimple,1
mcneary,1
hevesy,1
groberg,1
hisrich,1
dumesnil,1
steininger,1
sciera,1
biglow,1
veys,1
mcwilliam,1
whisby,1
norena,1
freshley,1
pujals,1
guerini,1
kirouac,1
crismond,1
laplante,1
guerino,1
mcmilliam,1
tinkham,1
cowan,1
tasby,1
mcmillian,1
biglin,1
vallejo,1
otanicar,1
baumhoer,1
defibaugh,1
frappier,1
pichard,1
macmillen,1
decurtis,1
wojtkowski,1
feagans,1
subler,1
miglorie,1
epler,1
donlyuk,1
estanislau,1
germain,1
epley,1
angleton,1
bottom,1
vandenboom,1
cossairt,1
demorizi,1
botton,1
heerdt,1
slain,1
haskett,1
warntz,1
archambeault,1
hardman,1
capers,1
mouzas,1
pariser,1
dutkiewicz,1
hives,1
baynard,1
dillabough,1
roughen,1
elsinger,1
sirianni,1
mcgillivray,1
scanneu,1
ballard,1
pinkley,1
veve,1
kerfien,1
cecchetti,1
citizen,1
demallie,1
gostlin,1
visage,1
wolslegel,1
kuznicki,1
danner,1
vallely,1
moncrieffe,1
siefken,1
alcalde,1
glucksman,1
basket,1
bushie,1
sigona,1
fairbairn,1
courie,1
germann,1
germano,1
vess,1
zurich,1
siefker,1
nowakowski,1
siefkes,1
ketler,1
lyssy,1
germani,1
bigler,1
cafourek,1
diegidio,1
eafford,1
buchheit,1
molitor,1
regnier,1
capetl,1
carlberg,1
germany,1
macmillan,1
brezinski,1
vest,1
aravjo,1
brackenridge,1
pyburn,1
veto,1
heeren,1
denboer,1
buchheim,1
miskovich,1
courcy,1
kokaly,1
barcomb,1
veth,1
lipham,1
germana,1
curfman,1
bigley,1
huston,1
aluarez,1
leavins,1
slama,1
tomichek,1
boutchyard,1
janeiro,1
penisson,1
redus,1
fayne,1
strehle,1
parisio,1
archuleta,1
schessler,1
vera,1
seabright,1
slane,1
wable,1
schnabl,1
schultze,1
gaffney,1
vanhevel,1
auila,1
bagwell,1
vero,1
taflinger,1
siedlecki,1
stinehour,1
verd,1
couret,1
vere,1
dyrstad,1
courey,1
swonke,1
westerhoff,1
cauthorne,1
dannis,1
vert,1
schnack,1
tongren,1
kangas,1
kuzminski,1
bottum,1
tasch,1
lague,1
megill,1
baskas,1
heppe,1
mintken,1
slape,1
boyken,1
westerhold,1
swentzel,1
schreffler,1
phuma,1
josephs,1
cowie,1
favaron,1
igles,1
myre,1
marjenhoff,1
igler,1
myra,1
mauriello,1
antczak,1
ballagh,1
cowin,1
garrigus,1
lyson,1
rehart,1
hofland,1
allbright,1
couron,1
nogueras,1
garvie,1
schneidtmille,1
hollingshead,1
phung,1
mausser,1
synder,1
llanos,1
ohayon,1
delfelder,1
westerholm,1
hammette,1
ifie,1
wilshusen,1
kiker,1
mcdoulett,1
lysne,1
bartholomay,1
tingen,1
hugghins,1
lokker,1
tinger,1
birkenholz,1
milbert,1
michener,1
houben,1
garvis,1
lokken,1
rigby,1
bushby,1
percle,1
garvin,1
melford,1
bizier,1
milbauer,1
partible,1
poepping,1
tavarez,1
veno,1
skrzypek,1
wilchek,1
keets,1
ogrodowicz,1
fabbozzi,1
tavares,1
vent,1
klicka,1
lagesse,1
hustus,1
cayetano,1
pilger,1
murawski,1
wilcher,1
mccutchen,1
hinderman,1
ifft,1
nailor,1
lucherini,1
rigas,1
tingey,1
vena,1
laneaux,1
olesky,1
bushaw,1
roscup,1
mcdaries,1
venn,1
slark,1
vattikuti,1
spinas,1
boykin,1
evener,1
spinar,1
slate,1
leppanen,1
cowee,1
rigel,1
mouzon,1
swedlund,1
cowen,1
cederberg,1
vallegos,1
cantarano,1
cower,1
sponseller,1
wiscombe,1
bellafiore,1
percey,1
degraffenreid,1
goates,1
liepins,1
gelineau,1
argabright,1
gertken,1
mulready,1
lagoa,1
velo,1
velk,1
chesser,1
stallard,1
elion,1
ridderhoff,1
olesen,1
eliot,1
vele,1
girman,1
warnke,1
bellemy,1
jageman,1
veld,1
tingle,1
lagoo,1
vela,1
lagos,1
pomberg,1
fayer,1
bartholomew,1
cocoran,1
marcotrigiano,1
veit,1
bhalla,1
lagle,1
riggs,1
sligar,1
bartholomeu,1
fuchser,1
mashburn,1
riggi,1
blotsky,1
veil,1
rerucha,1
vein,1
durland,1
padovani,1
quattrone,1
pofahl,1
corrick,1
southmayd,1
aplington,1
ibanez,1
padovano,1
tasma,1
tanguma,1
gundrum,1
santaana,1
scarsdale,1
bollen,1
goodson,1
warnix,1
mccutchan,1
philipson,1
hunsley,1
bushee,1
yatsko,1
corrice,1
bolles,1
boller,1
bringman,1
busher,1
drugan,1
bushey,1
radziwon,1
wayford,1
mocarski,1
inglis,1
bukrim,1
dupriest,1
cocoros,1
guariglio,1
schreck,1
boedeker,1
kabba,1
mccolgan,1
northcraft,1
sheidler,1
korbel,1
streich,1
guariglia,1
mcmillion,1
herke,1
tubville,1
easterlin,1
inglin,1
ownbey,1
rehmeier,1
dilalla,1
munsterman,1
pleiss,1
shekey,1
hendren,1
monteforte,1
corella,1
veer,1
pochintesta,1
lahay,1
marvel,1
veen,1
dilallo,1
corelli,1
lahar,1
lemcke,1
letters,1
sliger,1
edgman,1
prucnal,1
brassell,1
bergsma,1
aymar,1
eacho,1
deeley,1
coult,1
poundstone,1
ruedas,1
herms,1
entrikin,1
brockwell,1
hertler,1
hofius,1
minniear,1
ozaine,1
coull,1
tassa,1
korber,1
vega,1
aughtry,1
kaber,1
vinke,1
orloff,1
rosero,1
kabel,1
kirschenmann,1
tasse,1
meierhofer,1
castanedo,1
tenpenny,1
albrittain,1
larcom,1
spiney,1
lorandeau,1
raffety,1
chomicki,1
pinsonnault,1
vegh,1
johnson,1
fehlinger,1
altieri,1
bergsjo,1
higham,1
aguilera,1
altiery,1
dempsy,1
eiseman,1
vecino,1
tolleson,1
chessor,1
jiminez,1
vear,1
recar,1
bilazzo,1
benavides,1
boisseau,1
terronez,1
castaneda,1
heron,1
herod,1
slight,1
winklepleck,1
benavidez,1
korbin,1
herny,1
tasso,1
shackelford,1
tavaris,1
blondell,1
morasch,1
hendrix,1
morasca,1
sterkenburg,1
pflueger,1
morasco,1
hendrik,1
rosell,1
pliner,1
mccluney,1
trenkle,1
cough,1
laher,1
bloodgood,1
abbatiello,1
stinemetz,1
hambly,1
herne,1
lahey,1
krebsbach,1
pruyne,1
teissedre,1
tasto,1
bivens,1
neugebauer,1
severns,1
vadner,1
eagleman,1
chesson,1
kinlock,1
veal,1
makarewicz,1
kinloch,1
marvin,1
kimoto,1
voitier,1
jungman,1
koretsky,1
warnecke,1
paramore,1
hathway,1
lahip,1
castelum,1
viney,1
fenniwald,1
viner,1
vines,1
hendrie,1
loparo,1
vinet,1
braunwarth,1
sperberg,1
warman,1
heymann,1
artalejo,1
randles,1
gaertner,1
rosene,1
kabir,1
kedra,1
zurita,1
ringstaff,1
wykle,1
camelin,1
beinlich,1
kraling,1
bebber,1
terrones,1
pflughoeft,1
peraza,1
mccotter,1
starratt,1
dencklau,1
guilfoyle,1
avellar,1
opheim,1
favreau,1
court,1
stracke,1
hendron,1
spinka,1
herby,1
swingle,1
vinti,1
coury,1
valrie,1
jannsen,1
yoquelet,1
couse,1
yattaw,1
crispino,1
heral,1
jedlicka,1
mastrolia,1
kocieda,1
vitrano,1
carmine,1
crofton,1
heras,1
appleton,1
loynes,1
farenbaugh,1
buckle,1
barsalou,1
loston,1
macbride,1
odoherty,1
schmeckpeper,1
vinup,1
spinks,1
stoklasa,1
goeller,1
pasqualino,1
herdt,1
couto,1
ingersoll,1
cichon,1
probasco,1
trendell,1
davney,1
westbury,1
adelsberg,1
couty,1
yelvington,1
mounsey,1
hoffschneider,1
coutu,1
couts,1
birtwell,1
fulena,1
fallon,1
hussar,1
whatcott,1
melichar,1
swartzlander,1
keddy,1
herem,1
elhaj,1
wacht,1
herek,1
tewes,1
wachs,1
sessions,1
recek,1
schmierer,1
fazzi,1
sorells,1
fallow,1
brasseux,1
obryon,1
rawson,1
llarenas,1
berlinski,1
herda,1
brasseur,1
rementer,1
desmet,1
dunivan,1
bichel,1
standing,1
clairday,1
dephillips,1
hermandez,1
ingles,1
errera,1
abson,1
zschoche,1
seaborn,1
idol,1
apthorpe,1
stublaski,1
demarrais,1
dayhuff,1
kappler,1
cayson,1
arsham,1
tamburrelli,1
marrazzo,1
ruyes,1
olerud,1
petkoff,1
milovich,1
coupe,1
buckreis,1
arneecher,1
bozovich,1
holeman,1
castelli,1
berfield,1
wyker,1
recht,1
wykes,1
salsgiver,1
wieboldt,1
serfoss,1
zetzer,1
schirtzinger,1
castello,1
peraro,1
severin,1
castells,1
hillsman,1
plummer,1
standish,1
swingen,1
entriken,1
slostad,1
blankenbeckle,1
laham,1
swinger,1
husser,1
goucher,1
hopperstad,1
huddleston,1
mulder,1
hussey,1
recio,1
akhand,1
kedia,1
plauche,1
naiman,1
stimmell,1
pagenkopf,1
leysath,1
lenorud,1
strachn,1
longhofer,1
huenergardt,1
chatham,1
breazeale,1
kabat,1
sanyaro,1
kastendieck,1
gatley,1
geschke,1
wylde,1
throndson,1
skeeter,1
branche,1
lempicki,1
ladonne,1
recor,1
meinke,1
tanequodle,1
rinehimer,1
fallin,1
fallis,1
auxier,1
gildow,1
aleshire,1
huslander,1
staback,1
goethals,1
euertz,1
peelman,1
fallie,1
tatar,1
tevis,1
wyles,1
wyler,1
sjaarda,1
easterwood,1
granneman,1
bockenstedt,1
plumley,1
kuhlenschmidt,1
hartwig,1
skidgel,1
kemerling,1
buckey,1
errett,1
bucker,1
nyenhuis,1
majkut,1
holshue,1
colpack,1
gutjahr,1
gouchie,1
ieng,1
buckel,1
lahti,1
cresencio,1
hatchitt,1
shkreli,1
sebeniecher,1
aylor,1
gildon,1
difonzo,1
hardney,1
streitz,1
kaase,1
langston,1
deocampo,1
kasperski,1
heesch,1
recla,1
sawallich,1
danoff,1
mccree,1
debenedetti,1
mccrea,1
millora,1
easdon,1
shapouri,1
gatlin,1
debenedetto,1
orlove,1
basler,1
savary,1
lahue,1
tomblinson,1
basley,1
valrey,1
chestang,1
schrenk,1
rintharamy,1
elreda,1
parlett,1
settlemyre,1
steinauer,1
chestand,1
redwood,1
cathcart,1
samson,1
landgren,1
catanach,1
hsiang,1
blotter,1
thurston,1
mcclennan,1
fallen,1
lambiase,1
faller,1
pucker,1
savard,1
pucket,1
falley,1
kaatz,1
teeters,1
earthly,1
golinski,1
ensell,1
guajardo,1
kaaua,1
wreath,1
tates,1
jablonski,1
basehore,1
tatem,1
wylam,1
tatel,1
millott,1
nixion,1
tegeler,1
evelyn,1
fencil,1
valree,1
fuleki,1
husson,1
persampieri,1
edgmon,1
eisenbarth,1
mullenaux,1
keech,1
hirayama,1
launelez,1
elvira,1
maestas,1
ruyle,1
jablonsky,1
dettloff,1
kaawa,1
norsworthy,1
kimmerle,1
sitzes,1
schremp,1
bhakta,1
meinel,1
pastano,1
meinen,1
muyskens,1
mccrae,1
nachbar,1
gendron,1
obryan,1
vautour,1
kimpel,1
hendryx,1
mccray,1
tapaha,1
linnert,1
tatge,1
bavzee,1
mccraw,1
ledwith,1
kazarian,1
wojtecki,1
thorell,1
gilleland,1
starner,1
warmka,1
starnes,1
ronnie,1
landgraf,1
vanzante,1
dornhelm,1
solinger,1
nittler,1
lemmert,1
savant,1
cover,1
dollarhide,1
covel,1
coven,1
ketcherside,1
mcilvenny,1
nordlund,1
agunos,1
fallaw,1
covey,1
clemmo,1
cancelliere,1
darkis,1
sthole,1
vinck,1
granberg,1
vinci,1
broadrick,1
meints,1
allebach,1
sicilian,1
wiederstein,1
tatis,1
chester,1
mcmulen,1
szalay,1
wahlert,1
wahlers,1
gwartney,1
whirry,1
savala,1
broering,1
kijek,1
evaristo,1
noftsger,1
fazio,1
redinger,1
mchalffey,1
ellicott,1
saelens,1
garwin,1
willaimson,1
morrissette,1
clemon,1
cropsey,1
vince,1
urquides,1
miracle,1
larche,1
vinal,1
monrroy,1
vinas,1
plumadore,1
gilder,1
ossola,1
wacyk,1
gilden,1
gafford,1
urquidez,1
joerger,1
grumney,1
ludeker,1
cerreta,1
cupples,1
altwies,1
klebanoff,1
nowosadko,1
wienberg,1
meyerson,1
valencia,1
lahne,1
streiff,1
cabanilla,1
gulbraa,1
mahowald,1
becknell,1
veltre,1
morario,1
kurtzman,1
covar,1
veltri,1
rogstad,1
coval,1
oliphant,1
bekker,1
korbal,1
gerguson,1
schiaffino,1
colglazier,1
hobden,1
stawarz,1
scigliano,1
locatelli,1
kernodle,1
dibiase,1
betancourt,1
galacio,1
dibiasi,1
billinsley,1
zucchetto,1
szalai,1
rougier,1
vanakin,1
rogacion,1
mclaughin,1
gartrell,1
tankson,1
ricciuti,1
stawasz,1
mcniell,1
dippel,1
froeschle,1
radwan,1
demoya,1
syktich,1
samsel,1
mifsud,1
nyholm,1
trieger,1
bothner,1
hobday,1
korbar,1
radway,1
mordehay,1
sinkovich,1
broschinsky,1
goodrow,1
tator,1
backers,1
kamerer,1
leclaire,1
schlieper,1
mcgauley,1
kealoha,1
tatom,1
taton,1
pitarresi,1
savage,1
goodroe,1
rahoche,1
bilton,1
severyn,1
hauman,1
decoster,1
koslowski,1
tenbrink,1
breitkreutz,1
lytle,1
pesicka,1
demastus,1
czernik,1
scanio,1
pierceall,1
gilday,1
drinen,1
lipitz,1
chesterfield,1
basile,1
kirkner,1
christianson,1
rechkemmer,1
niewieroski,1
basila,1
ronning,1
tappa,1
busker,1
bazarte,1
kenwood,1
buskey,1
tappe,1
pacheco,1
casello,1
kijak,1
hachigian,1
caselli,1
leacock,1
nordman,1
wawers,1
slosser,1
ezparza,1
marsac,1
coxon,1
casella,1
schabert,1
schweickert,1
soloveichik,1
bantay,1
poties,1
lisowski,1
potier,1
borseth,1
kilcullen,1
sugarman,1
nanasy,1
schaberg,1
bialaszewski,1
spenner,1
halburnt,1
veltin,1
struckmann,1
smolinsky,1
knickman,1
reutter,1
basini,1
tracewell,1
marsaw,1
roggero,1
nylen,1
botras,1
mooberry,1
duplesis,1
mcpheeters,1
kacik,1
marsch,1
michelet,1
gildea,1
linville,1
hamers,1
melrose,1
grimley,1
warriner,1
kacic,1
cicero,1
areias,1
dockray,1
wronski,1
aderholt,1
ebbing,1
purviance,1
magliulo,1
comfort,1
treffert,1
kuwana,1
juntunen,1
striker,1
riise,1
smylie,1
dalsanto,1
aderhold,1
gilster,1
ihde,1
farinas,1
minahan,1
seacat,1
hoagberg,1
kortkamp,1
michello,1
michelle,1
osbourne,1
jubilee,1
schroeder,1
laigo,1
michelli,1
daponte,1
gentleman,1
schroedel,1
tocchio,1
alwang,1
morgenstein,1
buchmann,1
whitesides,1
schroeden,1
sandstrom,1
burkman,1
hamett,1
reckling,1
hawksley,1
smolinski,1
banter,1
dossett,1
hetcher,1
joplin,1
escutia,1
crafter,1
wadas,1
partin,1
tapio,1
pesarchick,1
julye,1
partis,1
delhierro,1
bullington,1
pallante,1
grimlie,1
rezendes,1
riina,1
enbody,1
rueger,1
nylin,1
bilski,1
waddy,1
bregantini,1
hanline,1
prochnow,1
gilstad,1
gardunio,1
balderree,1
dimery,1
fordham,1
dardashti,1
michelin,1
barsness,1
condroski,1
behizadeh,1
darensbourg,1
leuckel,1
velten,1
villalobas,1
thorsted,1
streitnatter,1
laich,1
huyett,1
waganer,1
duplessy,1
subich,1
igwe,1
iavarone,1
weiher,1
starowitz,1
ezpeleta,1
limbach,1
caudell,1
dipietro,1
plyer,1
trisler,1
roxbury,1
feichter,1
meighen,1
buescher,1
monfort,1
bowhall,1
subido,1
keaffaber,1
wadel,1
wertheim,1
alward,1
tollerud,1
triplett,1
monford,1
thorsten,1
jeanpierre,1
bueschel,1
monfore,1
kwasnicki,1
cockman,1
atencio,1
bloemer,1
amicone,1
igus,1
biedenbender,1
jasperse,1
coogan,1
teves,1
tolefree,1
samborski,1
mirjah,1
heagany,1
loeper,1
stanphill,1
scudieri,1
schonberger,1
beckton,1
pronovost,1
goldberg,1
sundin,1
exantus,1
fabionar,1
afzal,1
radsky,1
coxum,1
huffer,1
raducha,1
hisle,1
lukens,1
kurzyniec,1
spruill,1
witcraft,1
karbowski,1
thorstad,1
rosengren,1
serafini,1
galjour,1
samway,1
serafine,1
alvernaz,1
guderjahn,1
merckling,1
esfahani,1
tarshis,1
enderle,1
crafton,1
feldstein,1
morgenstern,1
zourkos,1
sunder,1
parton,1
sundet,1
hiske,1
plemel,1
villaescusa,1
meighan,1
pozniak,1
radsek,1
pezina,1
iachetta,1
streets,1
vanaman,1
streett,1
lipira,1
olquin,1
saeler,1
elkin,1
belarmino,1
silverwood,1
laubach,1
harbinson,1
niedermeyer,1
laventure,1
wironen,1
lenzini,1
williard,1
seever,1
moayyad,1
lebitski,1
winward,1
coogen,1
tunison,1
roussos,1
beardmore,1
spiker,1
spikes,1
moravec,1
binienda,1
berliew,1
moravek,1
arcangel,1
buegler,1
iannotti,1
puskar,1
puskas,1
wadle,1
saelee,1
serafino,1
orbaker,1
hitchens,1
toribio,1
seabolt,1
outcalt,1
procopio,1
frizzell,1
napier,1
sundby,1
mackedanz,1
sperbeck,1
markiewicz,1
redepenning,1
vanalst,1
stakley,1
hadcock,1
coyan,1
darlin,1
kwiatkowski,1
leinenbach,1
degolier,1
holmgren,1
rinella,1
pullings,1
botros,1
cunico,1
fontenette,1
roswell,1
sultzer,1
stiegemeier,1
tilleman,1
cocklin,1
seabold,1
pachero,1
purpora,1
sunday,1
seckler,1
koczwara,1
auger,1
stpierre,1
henze,1
bankson,1
polhill,1
degelbeck,1
laviolette,1
malecha,1
stinebuck,1
pinkney,1
hiter,1
hites,1
bulosan,1
unglesbee,1
zogby,1
rheome,1
grafton,1
marville,1
hallquist,1
harabedian,1
kehew,1
aughe,1
fineman,1
osisek,1
gandert,1
millender,1
marsili,1
nosacka,1
nwabeke,1
kiili,1
viltz,1
nissan,1
kilbourn,1
casabona,1
ramesar,1
walderon,1
strader,1
okihara,1
verastequi,1
newyear,1
kabus,1
mitchler,1
nehmer,1
saldivar,1
podgurski,1
coyer,1
sollitto,1
zarraluqui,1
fender,1
cluesman,1
dzurilla,1
rossignol,1
mcgrevey,1
newmann,1
hentz,1
herting,1
darley,1
pallanes,1
steever,1
hameen,1
steeves,1
pritzel,1
nemani,1
vathroder,1
demsky,1
westfield,1
roussin,1
bantug,1
michienzi,1
gatica,1
benvenuto,1
huhammad,1
demske,1
waycaster,1
benvenuti,1
demski,1
laite,1
marson,1
kienbaum,1
matousek,1
verucchi,1
engfer,1
henri,1
julio,1
manteca,1
yother,1
hultgren,1
mcraney,1
supernaw,1
nemard,1
alfonsi,1
alfonso,1
coyco,1
henry,1
lukesh,1
basich,1
wehrwein,1
vanweelden,1
laity,1
lysaght,1
gushee,1
handrick,1
niebergall,1
garton,1
cudjoe,1
jackowski,1
schaneman,1
mirick,1
hense,1
mirich,1
kanemoto,1
chatley,1
schnittker,1
malecki,1
tonozzi,1
julia,1
requarth,1
wetzler,1
hitch,1
enderby,1
couper,1
jedele,1
winford,1
lairy,1
christiansen,1
witaker,1
stallcup,1
vandergraph,1
bridgette,1
bantin,1
sumabat,1
benedicto,1
goldbeck,1
semenec,1
kuwada,1
laird,1
vanhandel,1
regal,1
starowicz,1
marsha,1
ashford,1
julca,1
villalobos,1
alfonzo,1
roussel,1
kanipe,1
tacadina,1
gardley,1
scheppke,1
oldershaw,1
gesner,1
marske,1
gartin,1
grimsley,1
kriegel,1
roseth,1
rosete,1
nilges,1
wisenbaker,1
krallis,1
tolomeo,1
jules,1
henne,1
knowell,1
julen,1
swadling,1
krieger,1
regas,1
regar,1
dutile,1
mcburrough,1
eichenberger,1
cantillo,1
illuzzi,1
regan,1
leukuma,1
krupinski,1
bilson,1
gloss,1
steltenpohl,1
roseum,1
straatmann,1
krupinsky,1
boudinot,1
mccleskey,1
pachelo,1
norlander,1
harcharik,1
tafuri,1
laino,1
henly,1
ihle,1
parrella,1
tuxbury,1
zabrocki,1
sission,1
henle,1
marsee,1
starmer,1
eveler,1
laine,1
marsek,1
rozzell,1
laing,1
nakagawa,1
monroig,1
kofler,1
minyard,1
kobayashi,1
laios,1
landauer,1
higgin,1
sylvest,1
fetherolf,1
helzer,1
nyman,1
pasanen,1
plewinski,1
piccuillo,1
duceman,1
tscrious,1
avelino,1
pehler,1
rademan,1
coyle,1
aveline,1
holsing,1
bigney,1
goeldner,1
garter,1
peraha,1
mulero,1
pavlosky,1
timmerman,1
klitzner,1
nittinger,1
garten,1
prosise,1
burnette,1
dukart,1
vaughner,1
nowling,1
banton,1
deodato,1
kanish,1
pavloski,1
zumaya,1
soltmann,1
ezzell,1
gloyd,1
strobeck,1
nihart,1
mohrman,1
norrell,1
amonette,1
tanouye,1
lopata,1
garriepy,1
hiester,1
malfatti,1
rockingham,1
nissen,1
augle,1
bolner,1
leinbach,1
yragui,1
henke,1
demsey,1
costell,1
iannacone,1
kawski,1
lapalme,1
hirsh,1
haymon,1
minkowitz,1
lemere,1
courrege,1
townsell,1
mccoil,1
mccoin,1
mehrhoff,1
lemery,1
amadi,1
hirst,1
schepper,1
tremayne,1
lemert,1
campton,1
sleet,1
silquero,1
glomb,1
mcmellen,1
sleek,1
mccoid,1
koerber,1
bansal,1
lysak,1
plassmeyer,1
marten,1
hutchings,1
martel,1
amack,1
hayashi,1
hummell,1
belding,1
treamer,1
kloeker,1
sledz,1
huynh,1
ludeman,1
pollart,1
dozois,1
mcclamroch,1
kuiper,1
cincotta,1
auster,1
remenaric,1
swatzell,1
bellina,1
austin,1
girona,1
pollaro,1
girone,1
kadle,1
vilar,1
belling,1
huyna,1
mantele,1
sklenar,1
mantell,1
mccole,1
pollara,1
kamrowski,1
pollard,1
sandland,1
schrecongost,1
sledd,1
orochena,1
lapeyrolerie,1
laraia,1
mcnicol,1
freshour,1
spilde,1
engels,1
marnett,1
hirte,1
grassia,1
hirth,1
millspaugh,1
repine,1
grimmer,1
hirtz,1
kliger,1
cuadrado,1
vilca,1
reedy,1
stoetzel,1
laragy,1
reeds,1
grassie,1
bollin,1
wichert,1
deckelman,1
pimenta,1
souser,1
exton,1
bollis,1
vanepps,1
zausch,1
chenevert,1
corrion,1
pilkey,1
grassle,1
shoenberger,1
ruddock,1
cowns,1
engert,1
abugn,1
queener,1
wilkosz,1
bollig,1
surowka,1
bollie,1
wichern,1
gloor,1
scaman,1
cavazos,1
reech,1
kalkman,1
cheesman,1
adamos,1
reece,1
reeck,1
mccomb,1
dandurand,1
fayad,1
desoto,1
ageboi,1
abuhl,1
zurkus,1
lysen,1
mccolm,1
mccoll,1
caplette,1
viles,1
glore,1
schafersman,1
sikula,1
abuel,1
roenigk,1
minozzi,1
giroir,1
tangren,1
mccoon,1
theophilus,1
nordlinger,1
duncklee,1
mccook,1
mccool,1
glory,1
dollins,1
desort,1
rijos,1
saether,1
geraldes,1
kadis,1
throckmorton,1
scollard,1
mcconn,1
stovall,1
hummert,1
feigel,1
freeborn,1
alquicira,1
hirko,1
wagaman,1
kleppinger,1
ville,1
dellacioppa,1
queenan,1
whitey,1
kimmey,1
kimmes,1
kimmet,1
villa,1
whites,1
whiter,1
kimmer,1
loukota,1
kimmel,1
glock,1
laughead,1
washnock,1
marsico,1
whiten,1
spoleti,1
pluviose,1
koprowski,1
krukiel,1
soohoo,1
whited,1
slemp,1
horsley,1
abrial,1
litsey,1
hoskyns,1
breunig,1
zagulski,1
wendeln,1
freehoffer,1
bjornstrom,1
wendell,1
spille,1
counts,1
glodo,1
ellworths,1
starcher,1
wright,1
edelblute,1
giroux,1
annino,1
battiest,1
syrrakos,1
cesa,1
anning,1
scyoc,1
radtke,1
nordlie,1
albarado,1
austad,1
reels,1
shapino,1
shearman,1
minasian,1
shelvin,1
fenech,1
cerf,1
gandeza,1
amspoker,1
adamec,1
cera,1
kadel,1
gloff,1
slaight,1
whitby,1
kader,1
feight,1
ekmark,1
ysquierdo,1
capito,1
nitchman,1
mcginty,1
adames,1
bellido,1
adamek,1
eckstein,1
juaire,1
whooley,1
finello,1
barsanti,1
keisling,1
whitis,1
huyck,1
dismukes,1
vecker,1
girote,1
dietlin,1
sheman,1
paruta,1
castongvay,1
maycumber,1
tindol,1
taque,1
krimple,1
furfaro,1
makinster,1
cockley,1
schellenger,1
pedretti,1
desola,1
reeks,1
schwertfager,1
winkels,1
quertermous,1
tizon,1
plachecki,1
scalzi,1
heryford,1
bollom,1
hollinshead,1
seyfried,1
scalzo,1
hartzer,1
shapiro,1
delapenha,1
grasser,1
cedillos,1
turntine,1
austen,1
shelvey,1
hagadone,1
caseman,1
larate,1
kadar,1
plaisance,1
spilis,1
sakamaki,1
townsend,1
marinacci,1
amado,1
mazzocco,1
adamik,1
erpenbach,1
hachting,1
krukowski,1
neptune,1
mortell,1
willmschen,1
kreidel,1
adamis,1
yacano,1
donalds,1
talford,1
meryman,1
kreider,1
trimnal,1
streeter,1
hinchee,1
cherebin,1
srinvasan,1
garuti,1
rothgery,1
pottenger,1
lipkin,1
ramjhon,1
perugini,1
mazzarella,1
willians,1
shelsy,1
frampton,1
nabarro,1
ellerkamp,1
celi,1
kegel,1
laffredo,1
vandoren,1
amass,1
amati,1
bellanca,1
hamdan,1
williams,1
lemear,1
cely,1
carscallen,1
draheim,1
hinchey,1
pollack,1
wanzek,1
taray,1
tindle,1
haynam,1
dresner,1
hisel,1
taras,1
wolfertz,1
amato,1
gilboy,1
tacason,1
kofman,1
reeve,1
taran,1
schmutzler,1
hiser,1
taintor,1
hisey,1
zebley,1
jardine,1
wojner,1
cholewa,1
bousqute,1
eldredge,1
warstler,1
wanzer,1
bundage,1
jarding,1
moribayed,1
shelvy,1
pizira,1
kindall,1
altmire,1
tardy,1
hagadorn,1
giacherio,1
scally,1
jerrell,1
santarsiero,1
weigle,1
castonguay,1
mckernan,1
ceja,1
fletchen,1
reetz,1
amari,1
galbreth,1
fletcher,1
gelormino,1
amara,1
bedatsky,1
camaeho,1
pineault,1
schuchmann,1
igoe,1
viveiros,1
vayner,1
radaker,1
roseboom,1
mouritsen,1
eltringham,1
rubenacker,1
luttmer,1
amaro,1
goretti,1
ruwet,1
toquinto,1
loendorf,1
igou,1
amirian,1
shumate,1
ynocencio,1
bicker,1
bickes,1
bicket,1
reese,1
schlarbaum,1
scaffidi,1
kreighbaum,1
feneis,1
losser,1
desper,1
bickel,1
saison,1
fahlsing,1
elkan,1
dorinirl,1
majestic,1
hamden,1
hardester,1
weigel,1
tolliver,1
thomassen,1
haynes,1
boldery,1
teter,1
latulippe,1
coponen,1
hayner,1
semenza,1
grieger,1
martos,1
torrico,1
weight,1
senosk,1
busing,1
criscuolo,1
hisaw,1
bloodsworth,1
williama,1
neidenbach,1
shumard,1
jukes,1
marton,1
wojnar,1
mccargar,1
czechowski,1
hagemann,1
llarena,1
mecardo,1
whiton,1
cena,1
marchionese,1
waldhauser,1
grubaugh,1
reinfeld,1
dydell,1
cotherman,1
amann,1
amano,1
faxon,1
samford,1
chandronnait,1
ebersole,1
ebersold,1
lajza,1
darville,1
tenaglia,1
wallick,1
baucher,1
wernecke,1
champeau,1
giuffrida,1
valtas,1
dziurawiec,1
iniestra,1
tootle,1
tarka,1
shelko,1
sattazahn,1
coxen,1
willmert,1
shetterly,1
cernansky,1
cech,1
tetro,1
rameriz,1
kuschel,1
fasone,1
starley,1
whitty,1
percontino,1
fujimoto,1
hickernell,1
seckman,1
osvaldo,1
sweeting,1
jakubowski,1
stockinger,1
carmicle,1
danniels,1
domianus,1
guinane,1
capiga,1
farinha,1
soderholm,1
tariq,1
parvis,1
schacherer,1
hilleary,1
parvin,1
haynie,1
duthie,1
canevazzi,1
mccord,1
tarin,1
sommerfield,1
auston,1
mccort,1
tucciarone,1
biasotti,1
mckernin,1
buchta,1
rapoport,1
seagers,1
jerrett,1
appleberry,1
siordia,1
mccory,1
broscious,1
noujaim,1
mccosh,1
noftsier,1
igel,1
regusters,1
tindel,1
stutler,1
laughery,1
strangstalien,1
longmire,1
kackley,1
kelder,1
schomburg,1
tinder,1
guignard,1
starlin,1
kleparek,1
shells,1
biderman,1
martis,1
tainter,1
scales,1
bichler,1
scalet,1
shelly,1
kosofsky,1
huyghe,1
esselink,1
tatham,1
breitbarth,1
huelskamp,1
berling,1
lowndes,1
solares,1
gittinger,1
souter,1
winiarski,1
shullick,1
coxey,1
delsignore,1
schayer,1
blatteau,1
bergren,1
martir,1
krzyzanowski,1
mccoun,1
larrabee,1
martin,1
felzien,1
rameres,1
martig,1
bongiardina,1
peveto,1
vernaglia,1
martie,1
martha,1
lajoy,1
mortimore,1
busick,1
busico,1
laraby,1
suryan,1
huffaker,1
amaya,1
searfoss,1
shelor,1
walling,1
mccreight,1
mcrill,1
aronson,1
marthe,1
tofflemire,1
cissel,1
kolasinski,1
roseboro,1
montalvan,1
korzybski,1
heckbert,1
trageser,1
rimple,1
moratto,1
switalski,1
chirico,1
chambers,1
scalia,1
mccown,1
badeaux,1
klicker,1
tindal,1
swaringen,1
martey,1
luttman,1
garufi,1
ramerez,1
devreese,1
wininger,1
marter,1
seeton,1
gilbar,1
martes,1
shumake,1
hobbins,1
sessler,1
bolman,1
garrabrant,1
petrarca,1
polland,1
rothenburger,1
vires,1
perches,1
litchard,1
hogains,1
ogans,1
desalle,1
gatliff,1
viren,1
partch,1
seifried,1
seaman,1
hellmich,1
shulman,1
wadhams,1
ulery,1
aulabaugh,1
metheney,1
lundblad,1
florida,1
kofoot,1
dupoux,1
mega,1
karasti,1
dupouy,1
dejager,1
florido,1
ferratt,1
tyssens,1
foreback,1
davy,1
katcsmorak,1
sloop,1
luellen,1
hebrard,1
sloon,1
sappenfield,1
purtle,1
mees,1
dawe,1
washing,1
meer,1
berardinelli,1
dawn,1
chasnoff,1
virga,1
crosswhite,1
daws,1
steady,1
florian,1
daza,1
parten,1
jeanbaptise,1
sisavath,1
dunkentell,1
winfield,1
partee,1
kuokkanen,1
magwood,1
dazi,1
knueppel,1
virgo,1
calendine,1
meek,1
ronald,1
wamhoff,1
goodland,1
printup,1
carovski,1
laughton,1
elrick,1
crouch,1
daya,1
volland,1
chicles,1
daye,1
maniccia,1
rowold,1
alimo,1
meck,1
weiszbrod,1
dougharity,1
medi,1
lazaga,1
days,1
ogara,1
fischbach,1
slavick,1
mottern,1
doubet,1
mede,1
parter,1
trudgeon,1
aline,1
reynosa,1
lederman,1
fenbert,1
orick,1
cuebas,1
reynoso,1
heugel,1
nikolic,1
bodford,1
stuchlik,1
raemer,1
lichty,1
browy,1
cangelosi,1
stanaland,1
hierholzer,1
cuffe,1
gonzoles,1
boulds,1
weissgerber,1
maschak,1
marsland,1
wilusz,1
astley,1
meis,1
hazleton,1
meir,1
cartland,1
boulch,1
desmarais,1
hatchett,1
tinelli,1
ifeanyi,1
mietus,1
lagatta,1
double,1
meja,1
eicher,1
patchin,1
poague,1
ogata,1
tillison,1
dahlheimer,1
eichel,1
gabeline,1
predom,1
sheltra,1
lichte,1
kofoid,1
mallette,1
lonas,1
mehr,1
trousdale,1
cuesta,1
shelton,1
caddle,1
fulwiler,1
behanna,1
rivord,1
mein,1
grossnickle,1
schrack,1
slone,1
meil,1
browe,1
eyles,1
eyler,1
scheidecker,1
cockram,1
cockran,1
mego,1
huckaby,1
gonzolas,1
saeteun,1
wafford,1
bouley,1
cornick,1
dupont,1
coile,1
bouler,1
sloma,1
browm,1
brown,1
boulet,1
mehl,1
neddo,1
partmann,1
ainley,1
sinkler,1
weymouth,1
vanmarter,1
riddle,1
ternasky,1
gaylord,1
attwell,1
johnosn,1
rock,1
malamud,1
longe,1
naruaez,1
lecorchick,1
roch,1
brott,1
ferrand,1
burrough,1
staberg,1
longo,1
rode,1
brost,1
gatling,1
rodd,1
rodarmel,1
roda,1
longs,1
saetern,1
shemanski,1
cannone,1
hamstra,1
caddel,1
cadden,1
menz,1
waddles,1
menn,1
meno,1
squadrito,1
wyllie,1
bravata,1
brouk,1
meng,1
broun,1
robe,1
whitson,1
menk,1
brous,1
patcher,1
mcwade,1
keitzer,1
uutela,1
osburne,1
mena,1
zucker,1
donelly,1
patches,1
stealy,1
patchen,1
ferrall,1
ablang,1
mend,1
roca,1
roby,1
singewald,1
alice,1
faver,1
western,1
pierannunzio,1
gannetti,1
mcnaught,1
tollinchi,1
mems,1
roan,1
roam,1
roal,1
memo,1
favia,1
levron,1
zolla,1
roaf,1
murzycki,1
schrage,1
bickford,1
gathings,1
olenick,1
nasca,1
slankard,1
schommer,1
robb,1
loney,1
kliethermes,1
demonett,1
lattrell,1
roat,1
stejskal,1
turbeville,1
nasby,1
zollo,1
kofoed,1
lones,1
mandato,1
loner,1
cueva,1
brosi,1
arizmendi,1
aliff,1
brosh,1
weuve,1
mell,1
bravard,1
brose,1
melo,1
bross,1
meli,1
chrisco,1
schraff,1
mele,1
preddy,1
satterlund,1
boulay,1
agnor,1
hausman,1
beets,1
lerman,1
londo,1
alier,1
roumeliotis,1
rasset,1
sebasovich,1
steans,1
beetz,1
mancos,1
zelinka,1
kunkle,1
laughter,1
cucinella,1
rassel,1
viray,1
kepani,1
ferraro,1
bijan,1
scisco,1
donelon,1
ferrari,1
furukawa,1
nikolai,1
riskalla,1
stears,1
spencer,1
mess,1
reynold,1
nikolas,1
stearn,1
dewese,1
ferrara,1
merz,1
doubek,1
virag,1
mesa,1
cipriano,1
wittstruck,1
heckathorne,1
simerson,1
mancha,1
seamen,1
mesi,1
manche,1
rohe,1
gargiulo,1
merk,1
paravano,1
merl,1
mero,1
mcelwine,1
hebrank,1
beese,1
chernesky,1
mcgee,1
kynaston,1
waroway,1
mery,1
leadley,1
mataalii,1
beery,1
mancil,1
stradford,1
sullens,1
falkenhagen,1
mera,1
lankster,1
rogg,1
mancia,1
koelewyn,1
hatchell,1
digiulio,1
beers,1
bronk,1
caloca,1
moscato,1
gorton,1
wherley,1
bronn,1
eckardt,1
brong,1
roen,1
pannebaker,1
roel,1
ferrato,1
lonie,1
roes,1
norcott,1
beere,1
teitsort,1
aukamp,1
philp,1
philo,1
gwaltney,1
meloche,1
tomehak,1
danson,1
lomonaco,1
crotts,1
mcgaw,1
regans,1
wilund,1
alegar,1
crotty,1
roff,1
vallimont,1
redlinger,1
rodi,1
broom,1
brouillet,1
alias,1
stabell,1
brook,1
boynes,1
cipriani,1
brood,1
haverfield,1
gornick,1
naser,1
latulipe,1
nases,1
hovland,1
michelsen,1
malesky,1
stainbrook,1
carradine,1
mchorse,1
tonelson,1
ogami,1
bostain,1
rody,1
coccoli,1
bronw,1
maleski,1
ringgold,1
smalling,1
mailey,1
nashe,1
weispfenning,1
corning,1
schaffner,1
karasek,1
gouldsberry,1
mailes,1
roseland,1
lanfranco,1
shelter,1
whittie,1
rydolph,1
brookhart,1
hillan,1
smallin,1
oriol,1
agoff,1
spyrakos,1
nasif,1
orion,1
noegel,1
zorman,1
morejon,1
dutrow,1
mews,1
favor,1
wetherby,1
wiemer,1
delcastillo,1
chudzik,1
lonon,1
hatfield,1
rimbey,1
strassel,1
seldomridge,1
sachleben,1
meth,1
replogle,1
clerico,1
goldfield,1
bivins,1
strasser,1
bhatnagar,1
laundry,1
trevett,1
metz,1
paravati,1
nasir,1
mcfaddin,1
hinokawa,1
pegoda,1
crouse,1
morarity,1
sicari,1
housner,1
greenrose,1
meua,1
sicard,1
loughman,1
beene,1
werntz,1
cantrall,1
mchale,1
hanohano,1
favre,1
oritz,1
uptegraft,1
osendorf,1
garavaglia,1
rosenheim,1
mezo,1
hilley,1
agreda,1
palecek,1
hillen,1
favro,1
hiller,1
hilles,1
calloway,1
haselhorst,1
clines,1
banaszek,1
autry,1
bellrichard,1
domkowski,1
christophel,1
christopher,1
popovitch,1
dilliner,1
tetzloff,1
conger,1
byerley,1
brackins,1
beeks,1
niceswander,1
collinsworth,1
rideau,1
rutherford,1
provance,1
truesdale,1
cruther,1
virzi,1
mckendree,1
oriti,1
lasyone,1
marzan,1
treder,1
aiporlani,1
elkington,1
bouwkamp,1
ferraiz,1
faville,1
hixenbaugh,1
favilla,1
marzec,1
betcher,1
trunnell,1
memmott,1
dubuque,1
sacramed,1
tustin,1
hobgood,1
clinch,1
riordan,1
allnutt,1
malaney,1
mcfadden,1
ercanbrack,1
disparte,1
banaszak,1
parson,1
weissenbach,1
callabrass,1
strength,1
serpas,1
couden,1
magallan,1
dantin,1
nason,1
cornish,1
bloomingdale,1
mcmilleon,1
desalvo,1
meyn,1
whittle,1
kimbrough,1
hagaman,1
florine,1
sauter,1
skrabanek,1
memmer,1
tebeau,1
mardirossian,1
dipiero,1
meza,1
kerkvliet,1
heathman,1
halcom,1
garoner,1
bassham,1
halcon,1
slown,1
espenlaub,1
hillin,1
wever,1
hillis,1
corniel,1
senner,1
slowe,1
ridge,1
geppert,1
malango,1
espejel,1
telega,1
coldren,1
zundel,1
alwardt,1
shuemaker,1
mihor,1
swartzbaugh,1
hedrick,1
auton,1
hedrich,1
mihok,1
jeantet,1
magallon,1
bombard,1
malanga,1
raspberry,1
shockley,1
cohoe,1
shortnacy,1
purter,1
ogawa,1
brouhard,1
echevaria,1
rookwood,1
hillie,1
olenius,1
purtee,1
varnell,1
akinyooye,1
christi,1
beedy,1
cusack,1
christe,1
mandap,1
pinzino,1
sinstack,1
stremel,1
schwarzer,1
nokleby,1
lontz,1
kosack,1
westbrook,1
christy,1
cockrel,1
gonzolez,1
beede,1
macduffee,1
fitzmier,1
hammerstein,1
cuffy,1
christo,1
vadala,1
delonais,1
dalponte,1
kirkconnell,1
dantes,1
hyldahl,1
kmiecik,1
lazano,1
gazzola,1
nassr,1
nasso,1
reynoza,1
steketee,1
wernli,1
nikula,1
toppin,1
mcguigan,1
whitted,1
higginbotham,1
higginbothan,1
munderville,1
feltman,1
nuckels,1
lonzo,1
roxberry,1
nasta,1
gimenez,1
welander,1
kronberger,1
nasti,1
rajaratnam,1
burlington,1
sloss,1
demange,1
varnadore,1
pagon,1
beebe,1
bembury,1
mcgue,1
slota,1
wieman,1
alsdon,1
lermon,1
ekins,1
maschio,1
gushwa,1
petriello,1
starzyk,1
pesnell,1
whitter,1
beeck,1
whittet,1
kalenkoski,1
vrba,1
whitten,1
besner,1
pagni,1
beech,1
mcwells,1
wascom,1
maille,1
ouimet,1
wielgus,1
filkins,1
cohrs,1
mccadams,1
clineman,1
ridep,1
rider,1
ranney,1
rides,1
hauswald,1
sloup,1
crough,1
arnhold,1
cockrin,1
dibartolomeo,1
ridel,1
riden,1
maschke,1
lazarz,1
kozeliski,1
lazaro,1
arnholt,1
laduke,1
virts,1
kokocinski,1
vannote,1
bachmann,1
kunstlinger,1
wysocki,1
garhart,1
slingland,1
lazare,1
gushue,1
lazard,1
bijou,1
steber,1
monares,1
toppah,1
deschino,1
saxinger,1
jarquin,1
gerdsen,1
annett,1
wendzel,1
eracleo,1
begay,1
linderholm,1
began,1
arakawa,1
seanez,1
monarez,1
zomer,1
ransburg,1
thomspon,1
seaney,1
burdell,1
naqvi,1
mcenery,1
estela,1
franeo,1
hotton,1
ballena,1
selvidge,1
sawyers,1
schakel,1
franey,1
bellish,1
shepard,1
estell,1
myrlie,1
bourbois,1
anness,1
werner,1
kuharik,1
manheim,1
gladhill,1
wernex,1
rosberg,1
misfeldt,1
kearl,1
kearn,1
honeycutt,1
hottle,1
kears,1
symeon,1
bencosme,1
aslinger,1
younghans,1
franca,1
rearden,1
france,1
bareilles,1
franch,1
hilyard,1
phurrough,1
clinkscale,1
hufton,1
kaarlela,1
franck,1
hintson,1
eyman,1
franco,1
francy,1
paige,1
keast,1
landau,1
landan,1
huhtasaari,1
twombley,1
loraine,1
keath,1
solimini,1
yarde,1
ringlein,1
keate,1
minaya,1
loock,1
greenwell,1
topper,1
luechtefeld,1
lounsberry,1
pursel,1
kounovsky,1
blanchette,1
toppen,1
gerstenberger,1
reichart,1
mahaxay,1
auvil,1
seaburn,1
colucci,1
looby,1
wolkowiecki,1
bellion,1
purser,1
seaburg,1
kealy,1
keamo,1
johndrow,1
soapes,1
railsback,1
berlinger,1
keams,1
estepp,1
seabury,1
rothermel,1
meyers,1
kolodzik,1
rogado,1
zombo,1
keane,1
bellino,1
strelow,1
bellini,1
grauberger,1
namdar,1
knudtson,1
keanu,1
wingler,1
monarch,1
chmela,1
desrosier,1
conery,1
rakowski,1
deguzman,1
allford,1
abousaleh,1
nixon,1
visvardis,1
keany,1
frabizzio,1
calpin,1
espinel,1
annunziata,1
minato,1
bocchini,1
bocchino,1
landen,1
puffenbarger,1
zadorozny,1
feuerborn,1
landey,1
copney,1
craveiro,1
massarelli,1
lander,1
landes,1
monarca,1
coneys,1
lamarque,1
dearment,1
mazierski,1
wachsman,1
stiebel,1
vansoest,1
preisner,1
zindell,1
scheiderer,1
pierotti,1
loegering,1
pannenbacker,1
rudduck,1
delamare,1
serrao,1
stieber,1
mchan,1
whitton,1
monfils,1
navalta,1
freudenberg,1
hemans,1
charlson,1
hayford,1
hemann,1
rellama,1
larrosa,1
burdett,1
hemani,1
russian,1
looft,1
minari,1
minard,1
seaquist,1
willaby,1
franke,1
volpert,1
cadlett,1
hitzler,1
guenin,1
peeples,1
capron,1
plenty,1
frankl,1
gorski,1
swanton,1
hilfiger,1
mcaferty,1
cockrum,1
silberstein,1
nalevanko,1
franko,1
preece,1
chadwell,1
burdess,1
dumoulin,1
tumbleston,1
gorsky,1
lovenduski,1
sanderlin,1
stanway,1
torrijos,1
hardgrove,1
hotter,1
hottes,1
reichard,1
yosten,1
hotten,1
johnigan,1
fosberg,1
afonso,1
godshall,1
espinal,1
hanoharo,1
beliard,1
franks,1
nelmes,1
keilholz,1
pluemer,1
kalfayan,1
braseth,1
hottel,1
fauci,1
hausner,1
mettert,1
metters,1
lerner,1
nardo,1
ransler,1
spender,1
bondroff,1
derouchie,1
lieberman,1
basone,1
deriggi,1
cusano,1
nardi,1
rogala,1
dutter,1
keckler,1
bombaci,1
stlucien,1
keaty,1
viser,1
princiotta,1
visel,1
keats,1
nardy,1
norsen,1
willimas,1
balleza,1
torguson,1
cannella,1
davari,1
muhlhauser,1
hatteyer,1
kunzelman,1
jeffryes,1
zaleski,1
bohringer,1
melodia,1
ekker,1
schlabach,1
wainscott,1
ibey,1
smalley,1
zalesky,1
smallen,1
keawe,1
sansom,1
sanson,1
smaller,1
visco,1
flitcroft,1
befus,1
mcabier,1
demorest,1
zuvich,1
esteen,1
agrela,1
whittum,1
doucet,1
ribot,1
ballejos,1
chichester,1
halder,1
zalenski,1
favuzzi,1
caprio,1
glidden,1
favuzza,1
lichak,1
sosnowski,1
svetlak,1
schranz,1
gormally,1
sanchious,1
mitsakos,1
buchar,1
mclure,1
schrank,1
riddel,1
nargi,1
buchal,1
climes,1
climer,1
buchan,1
hukill,1
dutson,1
zolty,1
sanderman,1
basore,1
wallman,1
willcott,1
irimata,1
ridder,1
borghese,1
basora,1
mcwain,1
sloan,1
hattenbach,1
shortsleeve,1
sloat,1
sloas,1
franta,1
kaskey,1
lancon,1
siford,1
wildoner,1
flickner,1
narez,1
okeke,1
luecking,1
benninger,1
keach,1
quakenbush,1
norred,1
faulk,1
agner,1
agnes,1
faull,1
limones,1
shilling,1
hartpence,1
nicolini,1
frantz,1
zondlo,1
franty,1
isabell,1
kinderknecht,1
agnew,1
dansie,1
agney,1
cochell,1
naret,1
nares,1
olivier,1
mckitrick,1
attleson,1
parron,1
livingstone,1
parrot,1
diemert,1
parrow,1
bodziony,1
bialczyk,1
chabolla,1
canseco,1
gorter,1
fauls,1
aradanas,1
loughnan,1
schramm,1
chernich,1
kolberg,1
stclair,1
provencher,1
chernick,1
brazeau,1
pasculli,1
teklu,1
jernberg,1
franzi,1
shillito,1
ricks,1
tinklenberg,1
franza,1
honchul,1
yessios,1
mcelhattan,1
loose,1
faure,1
franze,1
loubier,1
confer,1
talerico,1
bucher,1
ricke,1
brazeal,1
hilker,1
wasden,1
seamon,1
showers,1
lilleberg,1
mccurine,1
curington,1
girillo,1
zabloudil,1
onofrio,1
depolis,1
zogopoulos,1
laubacher,1
witfield,1
kniefel,1
faust,1
iams,1
bonenberger,1
amburn,1
norrix,1
bourbonnais,1
jerich,1
blachowski,1
desano,1
tussey,1
rothenberger,1
norris,1
graziani,1
draughn,1
gascot,1
gascon,1
gambone,1
graziano,1
moreira,1
cellupica,1
loots,1
couturier,1
danser,1
housman,1
norrie,1
jerido,1
norrid,1
milligan,1
bozard,1
oajaca,1
swantko,1
svetlik,1
niederer,1
carvell,1
mcglathery,1
sypniewski,1
respicio,1
cortright,1
riche,1
stutesman,1
merling,1
greenweig,1
piscitello,1
policare,1
lancey,1
merlini,1
thornton,1
whichard,1
piscitelli,1
caggiano,1
merlino,1
laprairie,1
dansby,1
eastwood,1
raelson,1
wakefield,1
lelacheur,1
deighton,1
peques,1
behanan,1
roofner,1
gumprecht,1
besong,1
willilams,1
mozell,1
honigsberg,1
swantak,1
mcward,1
siaperas,1
loehrer,1
norrod,1
parrin,1
fornkohl,1
coins,1
pearlman,1
lehrke,1
vowles,1
seaward,1
kaumans,1
parris,1
baoloy,1
susany,1
katterjohn,1
zawacki,1
thuotte,1
sanflippo,1
fleurant,1
whitebread,1
laperuta,1
coiro,1
keala,1
fauth,1
sjostrom,1
schraub,1
pitcock,1
susana,1
sanjurjo,1
holdorf,1
buchli,1
peppler,1
wherry,1
iara,1
quartuccio,1
purkiss,1
esters,1
souvannavong,1
sauser,1
overfelt,1
albracht,1
poloskey,1
minaai,1
mozena,1
cerrito,1
buchko,1
visor,1
bertovich,1
pahls,1
felleman,1
partridge,1
devoogd,1
basista,1
naron,1
estess,1
showell,1
kilzer,1
casales,1
sudduth,1
vandevoorde,1
buchna,1
riliford,1
ricca,1
millimaki,1
wheldon,1
espinol,1
ricci,1
lancia,1
ricco,1
mereno,1
hrbacek,1
kosbab,1
frenzel,1
mead,1
hoback,1
keady,1
pawlusiak,1
swantek,1
redwine,1
mehrens,1
dotterweich,1
diserens,1
fatchett,1
anschutz,1
blakeley,1
kurelko,1
ratcliff,1
narum,1
riesland,1
dewees,1
dopler,1
spadlin,1
keagy,1
myrman,1
bambenek,1
esteve,1
whitebear,1
bajdas,1
reginal,1
vandonsel,1
veverka,1
nedeau,1
katzaman,1
kawachi,1
keniston,1
igneri,1
narro,1
meas,1
mean,1
lehrer,1
brazell,1
franzman,1
mech,1
carvett,1
santai,1
freeland,1
loughner,1
viste,1
fratzke,1
loughney,1
skonczewski,1
ardelean,1
redway,1
orrantia,1
siemering,1
bobbett,1
nellon,1
vocu,1
gausman,1
tumlin,1
edmiston,1
santis,1
vock,1
behar,1
behal,1
santio,1
blackler,1
behan,1
santin,1
mceachern,1
ruesga,1
standlee,1
neuenswander,1
casteel,1
mccurley,1
billy,1
philogene,1
henricksen,1
gronitz,1
guarnera,1
lomasney,1
seabron,1
guarneri,1
schmiot,1
voce,1
voci,1
frames,1
framer,1
sotlar,1
weicht,1
billo,1
bills,1
kwasnik,1
pellman,1
grandinetti,1
vanhamersveld,1
korczynski,1
nicola,1
gasquet,1
biddulph,1
bille,1
preble,1
haddock,1
billa,1
kringel,1
wellman,1
robitaille,1
mullowney,1
leming,1
malensek,1
waszkiewicz,1
majorga,1
pahmeier,1
nicome,1
manriquez,1
bilka,1
nicoll,1
blackley,1
nicoli,1
nicole,1
rifai,1
nicols,1
ausby,1
detzler,1
vattes,1
vatter,1
vanduynhoven,1
gasson,1
nicolo,1
kobler,1
ruesch,1
kuning,1
russett,1
lumukanda,1
denault,1
santee,1
allamong,1
hollmann,1
gregson,1
middlebrooks,1
kiritsy,1
reuland,1
rosencrantz,1
bordley,1
behel,1
wakeley,1
behen,1
borroto,1
strosnider,1
sweeten,1
cuhel,1
randzin,1
buther,1
pavliska,1
crowin,1
bjelland,1
chicharello,1
nordquist,1
sandgren,1
kolodziej,1
napue,1
weddle,1
nietupski,1
flanagin,1
rodvold,1
utley,1
mahfouz,1
tinnerello,1
camargo,1
copelin,1
blacock,1
parral,1
lemire,1
parran,1
gammage,1
parraz,1
lufkin,1
standley,1
orlosky,1
parras,1
mantsch,1
stenberg,1
auduong,1
kulinski,1
hilding,1
ialongo,1
houseknecht,1
lemish,1
rasual,1
orloski,1
beausoleil,1
myrick,1
gascho,1
voll,1
volk,1
bellman,1
volo,1
bilek,1
hildenbrand,1
vold,1
madaffari,1
alcazar,1
vansyckle,1
millican,1
rietz,1
vanpatten,1
biler,1
biles,1
manely,1
wodicka,1
roscigno,1
rieth,1
biley,1
lauzier,1
degener,1
ottman,1
peniston,1
rieve,1
castell,1
castelo,1
selgrade,1
sondles,1
mayeaux,1
hendeson,1
murtaugh,1
callinan,1
outland,1
wetterer,1
chiffriller,1
schuhmacher,1
solkowitz,1
hoying,1
fathy,1
housley,1
housler,1
fendlason,1
schumann,1
schumans,1
stuedemann,1
lister,1
matheney,1
coressel,1
voit,1
listen,1
camarda,1
oinonen,1
mciff,1
pajak,1
nellis,1
raycroft,1
gundersen,1
shober,1
boylan,1
alken,1
sumners,1
warehime,1
lentine,1
begum,1
begun,1
hipple,1
bilbo,1
kunimitsu,1
satchel,1
lentini,1
bilby,1
hobart,1
vohs,1
meydid,1
solanki,1
mikko,1
satcher,1
thiemann,1
dautrich,1
hokutan,1
nulty,1
resureccion,1
sparling,1
schmits,1
paparelli,1
samoyoa,1
schmitt,1
bilis,1
gutzwiller,1
nulph,1
schmitz,1
basner,1
paparello,1
abelardo,1
snearly,1
vogt,1
ingwerson,1
schmith,1
paparella,1
philippon,1
castera,1
dupray,1
coker,1
meschino,1
flanagan,1
voge,1
hippen,1
trebon,1
cokel,1
hammrich,1
duprat,1
tierce,1
dupras,1
vogl,1
mulvaney,1
miyasato,1
rydalch,1
besancon,1
caputo,1
capozzoli,1
kuniyoshi,1
mikel,1
caputi,1
remsburg,1
frometa,1
manera,1
mccadden,1
miker,1
mikes,1
fernelius,1
schrecengost,1
mikez,1
homburg,1
dobbyn,1
kringas,1
copelan,1
kaunisto,1
platner,1
lolar,1
manero,1
luzzi,1
santos,1
seiver,1
derider,1
bihler,1
nellem,1
timchak,1
swanson,1
manery,1
azimi,1
santoy,1
jerman,1
jannetti,1
seftick,1
santor,1
boyles,1
schalow,1
whistler,1
allessio,1
grindeland,1
weddel,1
boylen,1
neller,1
nelles,1
maness,1
dunakin,1
mathenia,1
belletto,1
luczynski,1
gunning,1
ortelli,1
manville,1
kinnunen,1
gambold,1
desando,1
mierow,1
finkelman,1
bellmay,1
cannington,1
vose,1
lucarelli,1
mierau,1
mieras,1
matchen,1
remigio,1
claybrook,1
davidsmeyer,1
philipose,1
duprey,1
maines,1
mainer,1
vost,1
castrovinci,1
voss,1
nitzsche,1
strachan,1
namaka,1
pecina,1
magaddino,1
mainey,1
voth,1
finnicum,1
norrick,1
schilsky,1
vote,1
dutton,1
goodnight,1
trebbe,1
ridges,1
nebesnik,1
traynor,1
capitani,1
stamison,1
voto,1
ridgel,1
saumier,1
wallner,1
cobetto,1
begor,1
seanor,1
vanaria,1
wilkinson,1
klostermann,1
ottley,1
stauffacher,1
capitano,1
lolli,1
nunnenkamp,1
mautner,1
bracamonte,1
lockyer,1
polovoy,1
reardon,1
liston,1
pettner,1
penister,1
wragge,1
maccheyne,1
dupree,1
vora,1
zubizarreta,1
vore,1
wraggs,1
arehano,1
delagrange,1
flygare,1
keylor,1
rasulo,1
keylon,1
baseman,1
nourse,1
colledge,1
kizzee,1
siniscalchi,1
elofson,1
ible,1
mierez,1
pattillo,1
muthler,1
poczobut,1
duttry,1
mitsdarffer,1
arnold,1
gremillion,1
donmore,1
santti,1
ballato,1
leckington,1
gischer,1
yokley,1
lockerby,1
bousson,1
toepke,1
vissering,1
sartorelli,1
preato,1
pyatt,1
paiva,1
szanto,1
pallazzo,1
mierzejewski,1
pleppo,1
sweaney,1
cahill,1
swansen,1
laurich,1
bassett,1
stafiej,1
spagnolia,1
rhondes,1
brodigan,1
stayrook,1
brakefield,1
willimon,1
puentes,1
cotelesse,1
nerren,1
padberg,1
limardi,1
gershenson,1
volz,1
digiovanni,1
limardo,1
arnone,1
slaugenhaupt,1
freudenberger,1
prigge,1
walborn,1
nishikawa,1
arrowsmith,1
dacpano,1
trebil,1
freedland,1
schlabaugh,1
ausbrooks,1
gaster,1
ridgle,1
shettle,1
luzar,1
vonarx,1
everhart,1
gastel,1
boxwell,1
delmuro,1
vona,1
hlavac,1
paith,1
vong,1
loxley,1
stiefel,1
kizzie,1
geiselman,1
vonk,1
kizzia,1
bonadona,1
stepovich,1
coldsmith,1
neese,1
vanpatton,1
pendarvis,1
jefcoat,1
sernas,1
stenbeck,1
varghese,1
herington,1
reuber,1
namihira,1
montecillo,1
cranshaw,1
reuben,1
niemeyer,1
monjaras,1
verling,1
biltz,1
laurino,1
moreman,1
weter,1
hakanson,1
fradkin,1
spadoni,1
annese,1
bessellieu,1
hluska,1
reddout,1
desanto,1
desanti,1
riffe,1
thomison,1
vipperman,1
alevras,1
paire,1
shrieves,1
purves,1
marxen,1
beggs,1
laurion,1
laurila,1
marchbanks,1
brittsan,1
sugden,1
tyberg,1
peatman,1
dighton,1
delgiudice,1
nishida,1
thammavong,1
bormuth,1
preast,1
zephyr,1
desotel,1
rockenbaugh,1
weible,1
guarnieri,1
tierno,1
begen,1
walljasper,1
sullenger,1
davilla,1
conlisk,1
namauu,1
hardenburg,1
ingwersen,1
summerford,1
kaleohano,1
beltram,1
mainor,1
gattison,1
birkett,1
beger,1
beltran,1
rowman,1
arnott,1
gaston,1
coriaty,1
millner,1
beigert,1
cifelli,1
eurton,1
monteleone,1
aufderheide,1
conine,1
marzigliano,1
kissinger,1
heimsoth,1
spacagna,1
hlavka,1
numan,1
freibert,1
paino,1
holshovser,1
freiberg,1
kreuter,1
prevost,1
chadwick,1
purvis,1
paine,1
russell,1
decarmine,1
paillet,1
kirchherr,1
affagato,1
ruberte,1
tubergen,1
demaline,1
arseneault,1
mceniry,1
strekas,1
camaron,1
descoteaux,1
desanty,1
flinchum,1
livernois,1
lovinggood,1
lanzoni,1
honerkamp,1
nellum,1
lusher,1
tehan,1
arnoux,1
blunden,1
brostrom,1
begin,1
buentello,1
norstrom,1
dobbin,1
ruberto,1
arehart,1
ruberti,1
organ,1
beshear,1
manivong,1
gronquist,1
wittkopp,1
hobbie,1
leroux,1
spalter,1
storage,1
woodrome,1
earnhart,1
siegrist,1
hovelson,1
ghosh,1
shiffler,1
auter,1
shifflet,1
reschke,1
endicott,1
cadena,1
auten,1
ghosn,1
grondahl,1
deed,1
lother,1
carrano,1
deeg,1
sohrabi,1
tesseneer,1
deem,1
sarisky,1
deel,1
uzelac,1
faessler,1
deen,1
sergent,1
deep,1
dees,1
deer,1
mander,1
kintzel,1
milek,1
radloff,1
laurito,1
blackshear,1
mandel,1
morelen,1
miler,1
mandez,1
trease,1
winckler,1
miles,1
deeb,1
kahaleua,1
moreles,1
fulliton,1
mandes,1
dede,1
enfort,1
fraley,1
laurita,1
samorano,1
priewe,1
gusler,1
eklund,1
vantine,1
ekman,1
bahadue,1
dedo,1
weidig,1
jewell,1
langgood,1
miesse,1
freestone,1
podkowka,1
horning,1
gryniuk,1
fraioli,1
ladwig,1
prieto,1
kolinski,1
milas,1
barrocas,1
buerstatte,1
aultman,1
grueber,1
norstrud,1
dech,1
milar,1
middleton,1
ciccarelli,1
dezenzo,1
loman,1
agoro,1
adderley,1
kolinsky,1
needy,1
jewels,1
groehler,1
deck,1
lomas,1
leadman,1
shaulis,1
payamps,1
maenhout,1
buonamici,1
coplan,1
tshudy,1
carrara,1
milch,1
wascher,1
needs,1
boryszewski,1
bernecker,1
conkwright,1
prieur,1
asleson,1
ciccarello,1
okazaki,1
stanton,1
milby,1
ornelos,1
rivlin,1
debo,1
stahoski,1
scavetta,1
coriano,1
tumaneng,1
neece,1
seiberlich,1
autin,1
rynes,1
deas,1
beier,1
dear,1
autio,1
ryner,1
manlito,1
cuervo,1
deak,1
graydon,1
deal,1
expose,1
dean,1
dopita,1
beien,1
offield,1
delmonico,1
slunaker,1
riebe,1
colly,1
waitman,1
milam,1
milan,1
priest,1
priess,1
johnsey,1
milak,1
johnsen,1
gommer,1
rohrich,1
collyer,1
byrdsong,1
rocasah,1
tention,1
planagan,1
rieck,1
soltani,1
rowles,1
wiklund,1
riech,1
mandia,1
napihaa,1
rowley,1
crover,1
wedell,1
finamore,1
swaggerty,1
rueter,1
poormon,1
colon,1
ramsahai,1
colom,1
deblois,1
sulecki,1
dykeman,1
kintzer,1
nedelman,1
downhour,1
boland,1
beltron,1
majkowski,1
maresca,1
hohiudden,1
colpa,1
garnette,1
carpinteyro,1
mckeirnan,1
kivela,1
trudnowski,1
colpi,1
memory,1
saeger,1
maresco,1
meggison,1
colop,1
precht,1
nishina,1
dillion,1
cecere,1
belanich,1
farve,1
demo,1
milla,1
edwin,1
werts,1
foulger,1
wertz,1
ravenscraft,1
mccalment,1
gollehon,1
mille,1
hornick,1
loveridge,1
palomaki,1
mills,1
preisler,1
dena,1
ridell,1
milly,1
deng,1
desisto,1
dene,1
replin,1
denk,1
deni,1
dell,1
vanwoert,1
toepel,1
delk,1
delmundo,1
delp,1
viereck,1
delo,1
werst,1
halechko,1
koulalis,1
bruscato,1
colin,1
bossardet,1
manalili,1
featheringham,1
botellio,1
valdovinos,1
guelff,1
guerrini,1
parduhn,1
faglie,1
cerasuolo,1
freimuth,1
dilling,1
werth,1
konstantinidi,1
penepent,1
melsheimer,1
rymut,1
neblock,1
morelos,1
danton,1
rockovich,1
copeman,1
percell,1
dantos,1
werry,1
woloszczak,1
dela,1
jewett,1
moldenhauer,1
juncker,1
bollacker,1
paker,1
shoaff,1
fagley,1
wollenberg,1
gyaki,1
viscia,1
fasel,1
geoghan,1
cecena,1
mccarrell,1
mersereau,1
lerper,1
denafo,1
budhram,1
kivel,1
mendelson,1
milke,1
bambace,1
neeld,1
smallman,1
beshero,1
werre,1
reddoch,1
colli,1
neely,1
fedder,1
feddes,1
bambaci,1
werra,1
colle,1
bambach,1
colla,1
truesdell,1
milks,1
yaple,1
pogozelski,1
deir,1
weghorst,1
deis,1
calicut,1
molinini,1
jonnson,1
hazell,1
rihner,1
lakhani,1
belhumeur,1
daramola,1
bradberry,1
deja,1
fasci,1
ziemann,1
fralic,1
dalbeck,1
vosika,1
buckwald,1
tottingham,1
fralin,1
odegard,1
lanasa,1
colee,1
schneidmiller,1
fralix,1
bessemer,1
colen,1
bellessa,1
dehl,1
lebowitz,1
coler,1
iden,1
dehm,1
coles,1
dehn,1
boothroyd,1
palovick,1
lomba,1
stoughton,1
coley,1
berczel,1
roehrick,1
mohabeer,1
roehrich,1
schwantes,1
schwering,1
milin,1
lomax,1
lomay,1
zeinert,1
kacerski,1
memolo,1
phothirath,1
lomen,1
weider,1
taglialatela,1
weiden,1
henderso,1
miley,1
priego,1
caudill,1
delorenzo,1
ridens,1
alnoor,1
hitson,1
leupold,1
wernz,1
woodroof,1
nattiah,1
geldmacher,1
angiolillo,1
morelli,1
morelle,1
candlish,1
morello,1
haskovec,1
scarboro,1
gurganus,1
kivett,1
basemore,1
trnong,1
mautone,1
bolado,1
morella,1
desouza,1
boeshore,1
weissberg,1
bosarge,1
dietzen,1
bonfiglio,1
eklov,1
dietzel,1
bebeau,1
deur,1
miesen,1
colaw,1
deus,1
erixon,1
colas,1
lainez,1
norton,1
berchielli,1
colar,1
detz,1
buffington,1
colao,1
colan,1
drewett,1
crotzer,1
jerkin,1
kibodeaux,1
rossiter,1
kornrumpf,1
casanas,1
whitcomb,1
ellestad,1
empasis,1
pechon,1
seiter,1
shoals,1
pavlikowski,1
fason,1
dewinter,1
holdman,1
cholico,1
schoeffler,1
khamsyuorauon,1
huyard,1
angelocci,1
yantzer,1
lompa,1
zornes,1
kuester,1
currington,1
hitchings,1
almerico,1
dymond,1
nedry,1
matterson,1
lotempio,1
deso,1
guelpa,1
chestnut,1
miesch,1
barfknecht,1
derr,1
sopher,1
derx,1
guerrido,1
dery,1
wienke,1
ambagis,1
drewery,1
waybill,1
wesly,1
debartolo,1
quirarte,1
mandry,1
hotrum,1
whitcome,1
hurwitz,1
colby,1
dess,1
nulle,1
kunkel,1
dest,1
shrader,1
lukacs,1
wittenberg,1
guerrier,1
gaetke,1
ritzman,1
mcgafferty,1
philavanh,1
merzlak,1
lukach,1
opiela,1
riess,1
maione,1
hempton,1
mccaddon,1
riese,1
lemich,1
irving,1
mikos,1
lemick,1
henrickson,1
irvine,1
whitsel,1
galford,1
gulsvig,1
desnoyers,1
digesare,1
kreiger,1
gillooly,1
kartman,1
colabrese,1
desousa,1
tunstall,1
mawhorter,1
coplon,1
welcome,1
tordsen,1
depp,1
dern,1
craigwell,1
weske,1
borroel,1
halgas,1
derk,1
pianalto,1
faske,1
tamburello,1
heartley,1
mandala,1
whitset,1
poorman,1
whitsey,1
marrable,1
murguia,1
vertucci,1
alegre,1
youtsey,1
behun,1
pybus,1
nardini,1
eastridge,1
maiolo,1
bostelmann,1
riera,1
guella,1
limbaugh,1
deno,1
vanwechel,1
denn,1
scipio,1
dagrella,1
teakell,1
dent,1
goodgine,1
breitung,1
zwagerman,1
gasser,1
lisser,1
gassen,1
bilal,1
ornelas,1
gassel,1
walloch,1
middlesworth,1
hovorka,1
lochrico,1
kasmir,1
ranmar,1
horniak,1
ornelaz,1
depa,1
soladine,1
tellman,1
miyasaki,1
nardino,1
goodgion,1
miyasaka,1
devilbiss,1
deon,1
throssell,1
carmella,1
treacy,1
richards,1
sensmeier,1
richardt,1
poteet,1
nappo,1
lamphiear,1
spotted,1
viebrock,1
schamel,1
nappi,1
longinotti,1
zeleny,1
younkins,1
castoreno,1
struchen,1
almaguer,1
carmello,1
janelle,1
robbinson,1
weser,1
hillegas,1
goldblatt,1
alire,1
checkett,1
dallman,1
czartoryski,1
clemen,1
trocinski,1
epifano,1
donelan,1
etienne,1
mandahl,1
parpan,1
schnorbus,1
nonroe,1
marietta,1
bonalumi,1
schiefen,1
carattini,1
schiefer,1
steach,1
wiener,1
atherholt,1
kollmorgen,1
shoats,1
rieff,1
napps,1
bendorf,1
wesch,1
siefferman,1
bilecki,1
rondon,1
coplin,1
mcdole,1
maricle,1
riedy,1
montufar,1
altidor,1
poteat,1
herschell,1
teich,1
aguillard,1
formosa,1
vanvuren,1
riedl,1
hartmann,1
mercik,1
mulzer,1
spenard,1
matherson,1
rowlee,1
riede,1
castorena,1
prowant,1
clarida,1
schmiel,1
upham,1
maggini,1
ellegood,1
celestino,1
deya,1
mackechnie,1
millman,1
schmied,1
lueckenotte,1
claborn,1
loyola,1
weidmann,1
celestine,1
rieks,1
rieke,1
eberwein,1
deyo,1
sorokin,1
zazula,1
schmidt,1
bocchicchio,1
chevrier,1
faiella,1
broersma,1
mainiero,1
wesby,1
asamoah,1
niedermayer,1
shandley,1
grammatica,1
rynne,1
medders,1
schmier,1
kimball,1
schneckloth,1
masotti,1
denaro,1
mikus,1
schmick,1
ellithorpe,1
seroka,1
jaworsky,1
andreadis,1
gunderson,1
lasorsa,1
mcilrath,1
strejan,1
dews,1
denard,1
behme,1
jaworski,1
copley,1
coplen,1
bloise,1
coples,1
wellner,1
rinnert,1
kochheiser,1
ettel,1
merced,1
baranick,1
depalma,1
kilgallon,1
catrambone,1
riehm,1
riehl,1
behne,1
mercer,1
etter,1
papiernik,1
monnier,1
bullin,1
lorna,1
scaff,1
vicueroa,1
scafe,1
bullis,1
amabile,1
corigliano,1
finkelson,1
maez,1
kisch,1
mangum,1
bullie,1
stodden,1
fedele,1
beans,1
stodder,1
tietge,1
mangus,1
maes,1
klimas,1
weinheimer,1
schwarzenberg,1
vantuyle,1
renollet,1
liller,1
shuffler,1
costlow,1
mago,1
mage,1
fernald,1
loughran,1
loron,1
ydara,1
vives,1
bergemann,1
magg,1
goerlitz,1
maga,1
bloome,1
bolivar,1
cavasos,1
franciscus,1
lilley,1
jordison,1
carrilo,1
meshyock,1
ferrarotti,1
madi,1
washam,1
mada,1
empfield,1
vigier,1
sonders,1
boniello,1
kisak,1
beals,1
sotero,1
macy,1
romriell,1
gillison,1
maco,1
ransick,1
bippus,1
gladfelter,1
zevallos,1
purple,1
beane,1
gatwood,1
hakimian,1
farag,1
farah,1
slemmons,1
gangelhoff,1
shulick,1
copsey,1
davisson,1
mady,1
pfeiff,1
beams,1
kreinhagen,1
doherty,1
scaia,1
madu,1
buller,1
shauger,1
sotelo,1
parone,1
nehrt,1
zelnick,1
schiffmann,1
desena,1
conkey,1
kitelinger,1
klimek,1
conkel,1
srivastava,1
gasque,1
schimanski,1
olivera,1
wahoske,1
klimes,1
glunt,1
chernosky,1
russler,1
oliveri,1
glunz,1
olivers,1
faraj,1
olivero,1
lillig,1
cornman,1
lillie,1
maki,1
beall,1
demaine,1
gordillo,1
lillis,1
robinette,1
boudrie,1
bhatia,1
exilus,1
beale,1
sannes,1
mako,1
madrueno,1
scace,1
sanner,1
maks,1
piliero,1
seniff,1
inglese,1
mulinix,1
comly,1
maka,1
bernheim,1
hasbell,1
feldkamp,1
boliver,1
schantz,1
putaski,1
soderling,1
mahi,1
langan,1
mahe,1
ancelet,1
hargrave,1
devereux,1
washer,1
mahr,1
dudgeon,1
mahl,1
feeback,1
pinkstaff,1
mahn,1
batchelder,1
uttech,1
carrigg,1
sakiestewa,1
westall,1
maha,1
zwanzig,1
beahm,1
cobbin,1
beahn,1
bousman,1
landsberg,1
mail,1
solomon,1
gadbois,1
kasemeier,1
viorel,1
graceffo,1
mais,1
mawson,1
mair,1
sebastiano,1
maio,1
main,1
surgeon,1
wormack,1
klingaman,1
keiffer,1
maid,1
ordon,1
frankenreiter,1
daughdrill,1
wadlington,1
maia,1
fardo,1
seweall,1
eliezrie,1
grosman,1
vigilo,1
barbuto,1
hancher,1
bobson,1
lorey,1
senich,1
marcucci,1
carrier,1
kennamore,1
brodhag,1
abdelmuti,1
dewing,1
caivano,1
dobrzykowski,1
belidor,1
zawistowski,1
trevino,1
yoshida,1
dorfman,1
lusane,1
hallisey,1
mangle,1
soloman,1
pomales,1
bastin,1
struzzi,1
compo,1
westaby,1
schiffner,1
lorge,1
huskey,1
ladabouche,1
beaty,1
lordi,1
jeangilles,1
spicknall,1
lords,1
kremple,1
mangon,1
aleem,1
blackett,1
carrico,1
aleff,1
langen,1
carrick,1
yrigollen,1
plesnarski,1
langel,1
carnovale,1
langer,1
luxon,1
zakutney,1
billafuerte,1
tenen,1
chudzinski,1
butaud,1
loreg,1
blazejewski,1
hjort,1
reposa,1
mientka,1
loren,1
tener,1
scinto,1
saindon,1
alegi,1
kuciemba,1
bierman,1
bozell,1
loree,1
palombit,1
primas,1
dalporto,1
vatterott,1
rosetti,1
baldacchino,1
maas,1
rosetta,1
amejorado,1
beary,1
camferdam,1
rosette,1
hercman,1
mcthige,1
wolfsberger,1
mabe,1
mabb,1
schenewerk,1
dewire,1
baston,1
mangis,1
bullen,1
speagle,1
micthell,1
kirts,1
whitebird,1
orizetti,1
pintello,1
lubelski,1
tench,1
solomen,1
tenda,1
nawda,1
beato,1
mace,1
potthast,1
prabel,1
harvilicz,1
mach,1
madrazo,1
donehoo,1
langlo,1
mack,1
asbell,1
bobsin,1
beath,1
scalf,1
scale,1
kirst,1
dewitz,1
scali,1
eimers,1
dewitt,1
fernatt,1
scala,1
woltemath,1
elshere,1
henshaw,1
lorsung,1
stabile,1
capone,1
langin,1
caponi,1
nehls,1
deaquino,1
kirsh,1
standrod,1
bastos,1
schanno,1
boutilier,1
brockelmeyer,1
gluck,1
lorio,1
lorin,1
bastow,1
nehme,1
futral,1
dimsdale,1
gohring,1
bears,1
seeney,1
burnside,1
beare,1
beard,1
loria,1
primes,1
dresher,1
primer,1
polynice,1
lowenthal,1
maag,1
frasso,1
pacas,1
winkley,1
heroman,1
hellenbrand,1
faron,1
sartoris,1
sartorio,1
rowson,1
malenke,1
totaro,1
schuppenhauer,1
tenor,1
mawk,1
winkler,1
micciche,1
winkles,1
kisro,1
braverman,1
cubas,1
bitters,1
tagata,1
bartucci,1
serles,1
kissi,1
yankovitch,1
wojtas,1
witvoet,1
wojtak,1
scavo,1
bartucca,1
furgison,1
stusse,1
hardway,1
bellows,1
dupler,1
ransford,1
burdine,1
maus,1
delmont,1
tuamoheloa,1
lapierre,1
mauk,1
maul,1
maun,1
maud,1
todisco,1
dhaliwal,1
shreeve,1
matz,1
nersesian,1
bordner,1
tringali,1
paroda,1
visick,1
lambrecht,1
strassburg,1
gilford,1
gomora,1
matt,1
zubrowski,1
math,1
ruelle,1
schanck,1
feazelle,1
gilstrap,1
bhatti,1
mcravin,1
legette,1
mato,1
beckmeyer,1
mata,1
glanden,1
tenny,1
brackeen,1
mate,1
parodi,1
glander,1
albrecht,1
fourre,1
pacey,1
sciola,1
metallo,1
blackstad,1
bobrow,1
ronero,1
loser,1
kemerly,1
bollozos,1
jubinville,1
blackstar,1
losee,1
farry,1
cisewski,1
schaner,1
yokely,1
sforza,1
mazy,1
scarr,1
kasprowicz,1
bellott,1
potterson,1
aronica,1
farro,1
mulneix,1
ruegsegger,1
miyose,1
alder,1
tomjack,1
risatti,1
scarp,1
gusman,1
pangelinan,1
alden,1
sniffen,1
farra,1
gusmar,1
mazo,1
kisor,1
capote,1
feliciano,1
freeburn,1
givhan,1
whitcher,1
maza,1
belloso,1
neher,1
freeburg,1
maze,1
whitenack,1
vanatta,1
orear,1
bartelson,1
huckeba,1
delmore,1
farug,1
guidaboni,1
maye,1
kettel,1
ketter,1
losco,1
mayo,1
delmoro,1
gallimore,1
husmann,1
werthman,1
mays,1
mayr,1
losch,1
vicente,1
hornish,1
nicolaisen,1
ballesterous,1
pleasent,1
sweetland,1
solonar,1
maya,1
lanfor,1
stoddard,1
standrew,1
mcraven,1
pacek,1
florens,1
maxi,1
pacer,1
schange,1
seiberling,1
mcconville,1
florenz,1
huckeby,1
grinkley,1
stoddart,1
wellons,1
creegan,1
calligan,1
madrano,1
negus,1
lemley,1
burdick,1
milliard,1
beiswanger,1
stringham,1
lemler,1
disbrow,1
manz,1
primos,1
demaire,1
jernstrom,1
seiser,1
fargo,1
sansalone,1
farer,1
mani,1
bensing,1
cubie,1
mang,1
mand,1
faren,1
mane,1
coman,1
fitzsimons,1
rowser,1
mccaa,1
mana,1
rymasz,1
conkin,1
hojczyk,1
lauderdale,1
rowsey,1
antonelli,1
many,1
agrios,1
macdaniel,1
gunthrop,1
loeurm,1
cappelluti,1
mans,1
antonello,1
penland,1
cubit,1
comar,1
comas,1
mano,1
cappas,1
mann,1
nusbaum,1
mank,1
mccan,1
conkle,1
giardina,1
carfagno,1
doerksen,1
mazzarino,1
maly,1
gieseman,1
stowbridge,1
pacho,1
dopico,1
faria,1
kishi,1
farid,1
giardino,1
heibel,1
macneill,1
hemeon,1
buxbaum,1
giardini,1
zelman,1
burdier,1
zelmar,1
farin,1
mccrimmon,1
mamo,1
palisbo,1
chizmar,1
lortz,1
gwathney,1
farha,1
klimko,1
fickbohm,1
toplin,1
struzik,1
beady,1
schuneman,1
stonelake,1
cleere,1
bellone,1
willigar,1
malo,1
lorts,1
hindall,1
malm,1
mall,1
fernette,1
mase,1
stanovich,1
nagarajan,1
mask,1
beach,1
pergola,1
bellomy,1
mash,1
loarca,1
masi,1
mass,1
mast,1
parody,1
maso,1
belloma,1
kiser,1
zamborsky,1
ransier,1
cobane,1
bellomo,1
reichelt,1
kniss,1
mare,1
marc,1
kemerer,1
senion,1
comee,1
miyamura,1
moriarity,1
mara,1
sullins,1
trevizo,1
tacker,1
mark,1
gottleber,1
tackes,1
boysel,1
tacket,1
comer,1
mari,1
comes,1
faris,1
ringland,1
mart,1
kindler,1
pacol,1
marr,1
mars,1
boysen,1
marn,1
bassler,1
maro,1
brommer,1
kindley,1
marz,1
marx,1
mary,1
senior,1
combe,1
fawcett,1
medling,1
schlemmer,1
davers,1
svoboda,1
davern,1
mccaw,1
sannon,1
demyan,1
primus,1
mccay,1
kowall,1
werme,1
naidoo,1
werma,1
varisco,1
tischler,1
malagisi,1
combs,1
marthaler,1
kowald,1
easterday,1
locastro,1
mapa,1
kirchgesler,1
jagneaux,1
twilligear,1
sciotti,1
coniglio,1
frater,1
frates,1
cabbell,1
ritzert,1
werle,1
gluth,1
tsing,1
mapp,1
gigstad,1
athens,1
ruttinger,1
chivers,1
thurgood,1
depadua,1
polucha,1
tietje,1
lonneman,1
brazier,1
bueggens,1
okane,1
braziel,1
stockhoff,1
santwire,1
mozier,1
malocha,1
previte,1
wammack,1
rius,1
anable,1
cittadini,1
kitch,1
belanger,1
loson,1
riva,1
cilento,1
estill,1
wingfield,1
merati,1
artiles,1
diepenbrock,1
bessey,1
talaska,1
hardung,1
cilenti,1
besser,1
delatorre,1
filipovich,1
falgoust,1
bessel,1
mirkovich,1
navia,1
nedbalek,1
daulton,1
shimasaki,1
vanniello,1
padro,1
mcclaugherty,1
carneal,1
hunton,1
detillier,1
heyne,1
lanham,1
subramanian,1
knipp,1
welcher,1
naves,1
welchel,1
bendure,1
tagaca,1
levreau,1
dolloff,1
potteiger,1
cittadino,1
palmino,1
pinkton,1
basnight,1
simenson,1
balmores,1
suermann,1
stutes,1
kreisberg,1
mussman,1
loforte,1
knipe,1
padua,1
wendlandt,1
helgesen,1
mcfarlane,1
mcfarland,1
guiterrez,1
dearmitt,1
hensdill,1
catoggio,1
belangia,1
marashio,1
crisafulli,1
bargeron,1
knowles,1
crooke,1
soderblom,1
palmios,1
weimann,1
bulkin,1
manfre,1
milbourn,1
manfra,1
koczela,1
howison,1
negro,1
sreaves,1
dahlman,1
hieserich,1
conmy,1
kravetz,1
boyson,1
mclellan,1
crooks,1
negri,1
lossa,1
kravets,1
nicoletti,1
goossen,1
stuckey,1
matusiak,1
gahagan,1
rizk,1
perotti,1
giangrosso,1
gampong,1
greenwald,1
gjokaj,1
rizo,1
nicoletta,1
blumenschein,1
haltiwanger,1
nicolette,1
dipasquale,1
kurban,1
greenwall,1
brantley,1
stuckel,1
hillseth,1
conly,1
foutch,1
greenwalt,1
loeven,1
reichert,1
deshotels,1
stucker,1
zelkin,1
prisbrey,1
perotta,1
tinstman,1
knill,1
stockholm,1
navin,1
meester,1
blattler,1
bassuk,1
pecora,1
purchase,1
pecore,1
lothridge,1
arnitz,1
molliere,1
shindle,1
mozick,1
simensky,1
crooms,1
longhini,1
gaiser,1
carvill,1
petruska,1
farfalla,1
krzesinski,1
seawell,1
cecchi,1
grinstead,1
leshure,1
paetzold,1
francois,1
smedsrud,1
okano,1
pritchett,1
petrusky,1
steinerkert,1
chapman,1
rimi,1
mccoo,1
feltham,1
benintendi,1
russman,1
barrineau,1
annala,1
rimm,1
kaneakua,1
burditt,1
heilmann,1
roderiques,1
bruff,1
roffman,1
tagami,1
roderiquez,1
coberley,1
mieth,1
chadick,1
nastasi,1
rily,1
beaston,1
allington,1
nickell,1
rima,1
mccoy,1
losey,1
nickels,1
knife,1
heyde,1
gueits,1
bassil,1
bruen,1
ring,1
rini,1
macphail,1
miers,1
rink,1
rinn,1
bassin,1
eidemiller,1
nastase,1
knier,1
knies,1
heydt,1
lockemer,1
aures,1
loehner,1
rina,1
bruer,1
hoyman,1
rine,1
caller,1
knobloch,1
rion,1
bruhn,1
calleo,1
riniker,1
heyen,1
annand,1
schabbing,1
calles,1
aldas,1
keitsock,1
kobold,1
sermon,1
rios,1
callen,1
heyes,1
heyer,1
fornataro,1
cowherd,1
miera,1
conti,1
aldaz,1
alsing,1
yballe,1
alday,1
scarfone,1
saldvir,1
vanscooter,1
mccra,1
conte,1
tagala,1
loshe,1
vignaux,1
docherty,1
blanquet,1
calley,1
callez,1
gesselli,1
vannuland,1
alsina,1
puddy,1
inverso,1
preist,1
preiss,1
ripp,1
dorpinghaus,1
delreal,1
francour,1
sgammato,1
illig,1
wingham,1
conry,1
deangelus,1
brugh,1
gailliard,1
preite,1
demasters,1
kettle,1
maginnis,1
rioz,1
lennington,1
mcleroy,1
ripa,1
knoblock,1
thompkins,1
coltharp,1
grondin,1
rorick,1
mcenany,1
arning,1
hazley,1
kilver,1
cofield,1
dunahoo,1
walburn,1
reninger,1
bunkley,1
dantoni,1
zavitz,1
verstraete,1
detillion,1
gomoll,1
kisto,1
kofron,1
sanschagrin,1
detommaso,1
forsgren,1
millett,1
loske,1
greenwade,1
rist,1
callam,1
gulston,1
riss,1
callan,1
pracht,1
randrup,1
navar,1
navas,1
jeancharles,1
grossberg,1
callar,1
riso,1
navan,1
risk,1
naval,1
risi,1
callas,1
rish,1
mcfarlain,1
rise,1
hruby,1
dinucci,1
johniken,1
nickens,1
yeargin,1
ritz,1
fagnan,1
kanevsky,1
bruce,1
cioffi,1
quatrevingt,1
dunahoe,1
bruch,1
knutzen,1
westcote,1
trepanier,1
mccolpin,1
musguire,1
ritt,1
bruck,1
illes,1
iller,1
dreben,1
wellings,1
cozzens,1
stonecypher,1
kaminer,1
dockwiller,1
rita,1
knick,1
weibel,1
mccue,1
drebes,1
brucz,1
westcott,1
bruna,1
rieu,1
squeo,1
ries,1
brund,1
brune,1
chmiel,1
pellerito,1
clausing,1
cashwell,1
meitner,1
liesveld,1
riff,1
rife,1
weiand,1
lotan,1
nuner,1
nunes,1
barbiere,1
nunev,1
formica,1
pucio,1
trimmell,1
brumm,1
stutts,1
nunez,1
bergquist,1
kuralt,1
boyter,1
vessell,1
concannon,1
brunz,1
langmo,1
vessels,1
brunt,1
rieb,1
natale,1
bruns,1
lapuerta,1
ried,1
biehl,1
billeaudeau,1
biehn,1
natali,1
goerlich,1
riek,1
sanots,1
brunk,1
ballina,1
bruni,1
riel,1
rieg,1
rief,1
bruno,1
brunn,1
kreusch,1
biele,1
illar,1
illas,1
mitsuda,1
yagoda,1
hoyles,1
rygiewicz,1
duncanson,1
penhallurick,1
simental,1
washum,1
washuk,1
kitts,1
riha,1
iodice,1
thesing,1
baygents,1
kitto,1
miehe,1
yepsen,1
kitty,1
washup,1
rihn,1
castillero,1
manger,1
paddy,1
poladian,1
manges,1
mangel,1
mangen,1
cucco,1
chapmon,1
paden,1
langon,1
padel,1
rigg,1
malakan,1
wroblewski,1
malakai,1
fraser,1
rigo,1
leinhart,1
ehrenfeld,1
ranson,1
plesha,1
coffey,1
ransom,1
sopata,1
pleshe,1
kamemoto,1
treger,1
riis,1
kushiner,1
miene,1
rijo,1
mangat,1
nuniz,1
bruin,1
tsuboi,1
loter,1
deangelis,1
vanasse,1
bastic,1
mehrer,1
zambelli,1
coffee,1
gilchrist,1
vagliardo,1
bullinger,1
poltorak,1
hilger,1
calkin,1
coffer,1
coffel,1
onishi,1
hunsperger,1
eilders,1
chojnowski,1
coffen,1
beguelin,1
fedewa,1
fulmer,1
bierley,1
balling,1
brule,1
pattison,1
vonallmen,1
basten,1
carnell,1
morence,1
kurant,1
baster,1
miele,1
besson,1
pychardo,1
rile,1
goodlett,1
huskin,1
rill,1
palitti,1
brockmeyer,1
mcdow,1
verrelli,1
wigboldy,1
tibbles,1
morency,1
marston,1
tuschhoff,1
puhrman,1
mangas,1
barbieri,1
morenco,1
hibbard,1
wiscount,1
mangan,1
yeargan,1
hunneyman,1
ricucci,1
mcdoe,1
brull,1
rike,1
reggio,1
stansel,1
padin,1
helgeson,1
parnin,1
costley,1
fousek,1
tregre,1
ohlensehlen,1
okada,1
schreurs,1
knickelbein,1
kurasz,1
polhemus,1
bieri,1
fullagar,1
bierl,1
seirer,1
brazill,1
heather,1
hranchak,1
cansino,1
rukavina,1
cypert,1
haughey,1
laskowitz,1
balliew,1
vandevander,1
balliet,1
chwieroth,1
dilauro,1
agron,1
navor,1
pregeant,1
debenham,1
signore,1
durling,1
dilaura,1
rowray,1
kitka,1
deangeles,1
lungwitz,1
mcday,1
dacanay,1
padlo,1
catton,1
castillejo,1
chidester,1
humetewa,1
figurski,1
quelette,1
leisher,1
vixay,1
maretti,1
lootens,1
biery,1
conca,1
cespedes,1
conch,1
fujisawa,1
cravenho,1
halick,1
avirett,1
meadows,1
ruhenkamp,1
lamkins,1
washko,1
bruyn,1
taussig,1
bridenstine,1
sweeley,1
castilleja,1
conda,1
zwerschke,1
fleurent,1
wander,1
lemkau,1
condo,1
parnes,1
schoninger,1
wandel,1
condi,1
ribb,1
fortune,1
blevans,1
conde,1
dewiel,1
bessix,1
rias,1
studstill,1
frasca,1
parmann,1
trundle,1
rian,1
weckenborg,1
aanenson,1
mehlhaff,1
alcon,1
rial,1
padol,1
frasco,1
coner,1
padon,1
walkenhorst,1
hankinson,1
cusumano,1
jiminian,1
frasch,1
leboeuf,1
bodfish,1
latortue,1
yoshina,1
provorse,1
bruse,1
mbamalu,1
vongal,1
coney,1
yoshino,1
brush,1
laugen,1
salizzoni,1
cones,1
brust,1
loughrey,1
bruss,1
meadors,1
aanderud,1
bruso,1
dewick,1
labbadia,1
stemarie,1
fasulo,1
nunoz,1
washman,1
korewdit,1
ezagui,1
deschner,1
ganigan,1
waltzer,1
rico,1
briddick,1
merana,1
zeller,1
congo,1
citrino,1
rice,1
rick,1
rich,1
gneiser,1
natani,1
hormander,1
garriott,1
brazile,1
sanroman,1
ubence,1
prisock,1
nunno,1
fortuna,1
koczera,1
bruun,1
repoff,1
bebee,1
washor,1
fasula,1
sabater,1
bousley,1
sabates,1
ruggles,1
pietrowski,1
papaioannou,1
coore,1
lawalin,1
glauberman,1
chappie,1
boghosian,1
rhym,1
trefry,1
vitek,1
cotheran,1
ljungquist,1
rials,1
rainier,1
konzal,1
viteo,1
vitez,1
gefroh,1
girgis,1
eynon,1
swisshelm,1
orahood,1
esbenshade,1
etzel,1
millier,1
millien,1
hagemeier,1
seelig,1
butremovic,1
senger,1
idiart,1
pettrey,1
fosbrook,1
treftz,1
dispenza,1
lemmon,1
wedgewood,1
yentzer,1
durousseau,1
stlaurent,1
coons,1
seering,1
gronert,1
flaherty,1
dietterick,1
twohatchet,1
janczewski,1
dunemann,1
sehnert,1
malagon,1
arendsee,1
boldin,1
guinther,1
yewell,1
escarrega,1
phoun,1
copening,1
giovino,1
tolhurst,1
sharpless,1
creveling,1
rhum,1
isbister,1
mistrot,1
charlton,1
coone,1
hullihen,1
rhue,1
bassiti,1
hackwell,1
orbin,1
mcmasters,1
vital,1
cools,1
naimoli,1
konzen,1
emfield,1
jedziniak,1
gorenflo,1
earthman,1
mccorrison,1
schmelz,1
albright,1
bester,1
bounds,1
husman,1
mcgregory,1
maddocks,1
ryser,1
boundy,1
hauser,1
guagliano,1
cooks,1
ruffcorn,1
pemble,1
emperor,1
hausen,1
wedwick,1
prattella,1
leonardi,1
facchine,1
winston,1
dunagan,1
limauro,1
shepherd,1
normandin,1
symmes,1
halima,1
nauer,1
orihuela,1
goudeau,1
pickhardt,1
thorburn,1
leonardo,1
ausley,1
ulland,1
riase,1
falkenthal,1
azeem,1
chappel,1
paetz,1
deglanville,1
wilsen,1
dunnaville,1
lotshaw,1
lamascolo,1
creedon,1
fredenberg,1
cooke,1
macabeo,1
selesnick,1
paeth,1
kekiwi,1
mcie,1
tortelli,1
wilsey,1
hembry,1
odougherty,1
samaroo,1
zlotnik,1
donchatz,1
seutter,1
lopez,1
bemboom,1
lopey,1
cudan,1
tarkington,1
pafel,1
winegard,1
kholodivker,1
chowdhury,1
mottinger,1
stohler,1
pasquini,1
easker,1
hembre,1
schaffter,1
schiffler,1
boldon,1
pasquino,1
odaniel,1
daughrity,1
creeden,1
uballe,1
presutti,1
algee,1
startup,1
carnall,1
edeline,1
kipps,1
yasin,1
manila,1
bungert,1
blomme,1
mcgrone,1
ozzella,1
mcdavid,1
emhoff,1
rhoe,1
manion,1
algeo,1
calmes,1
bolitho,1
dambrose,1
dornellas,1
alger,1
dambrosi,1
mcluen,1
danzer,1
smithberger,1
poette,1
gaitan,1
manino,1
mcdavis,1
teitenberg,1
bulnes,1
lopes,1
okeeffe,1
loper,1
futter,1
chappan,1
mirando,1
coutcher,1
lopau,1
zamudio,1
lopaz,1
seielstad,1
astrup,1
loewer,1
takemura,1
miranda,1
millich,1
covotta,1
winsted,1
kolbeck,1
millick,1
rosenkrans,1
rotherham,1
maisch,1
shewmaker,1
rosenkranz,1
somalski,1
tirado,1
laughner,1
bronstad,1
alligood,1
pradel,1
trbovich,1
hergert,1
shibahara,1
mckendry,1
mannarino,1
killary,1
auslam,1
telch,1
loewen,1
pucci,1
dlouhy,1
scheunemann,1
solaita,1
prader,1
guggenheim,1
hessling,1
wirsing,1
aguas,1
coots,1
montezuma,1
telgen,1
sandridge,1
dunagin,1
maisey,1
goossens,1
coote,1
yoneyama,1
zonia,1
boldul,1
ubaldo,1
iliff,1
schmeer,1
burrowes,1
herzbrun,1
riopelle,1
bolduc,1
wilson,1
hickinbotham,1
millian,1
boldue,1
maisel,1
morkert,1
agudo,1
gaiter,1
pember,1
izaquirre,1
tregan,1
hollowell,1
seeley,1
hereford,1
deandrade,1
shiba,1
cheetham,1
manire,1
marshall,1
becze,1
lopas,1
vitko,1
shibi,1
nervis,1
jagoda,1
echeverri,1
engquist,1
cuizon,1
defiguero,1
karpiak,1
knolton,1
yellow,1
wakeham,1
brousseau,1
caddigan,1
greviston,1
ferndez,1
vecchione,1
curtiss,1
estronza,1
hamolik,1
chalcraft,1
callis,1
halsall,1
rhim,1
wiegman,1
ytuarte,1
callin,1
wheless,1
echeverry,1
bulock,1
wittstock,1
pawell,1
pawelk,1
pawlowski,1
arrott,1
teles,1
bassel,1
reiland,1
manchini,1
coufal,1
basset,1
telep,1
lathrop,1
schiffman,1
fullen,1
ortegon,1
fuller,1
gaspar,1
merkowitz,1
sothen,1
fullem,1
washler,1
fontanella,1
fitzerald,1
ribao,1
scantlebury,1
ribas,1
hildman,1
ribar,1
startin,1
swanston,1
eversmeyer,1
sengun,1
niewiadomski,1
malahan,1
karageorge,1
berland,1
urquiza,1
etchinson,1
fairbanks,1
mceneny,1
samaniego,1
werley,1
seelye,1
crosby,1
leckbee,1
fisherman,1
sulikowski,1
koinzan,1
bonnenfant,1
leahman,1
guerrera,1
whitver,1
brodeur,1
bachelder,1
telle,1
mcgrory,1
rhew,1
diffley,1
dryden,1
vitro,1
capouch,1
mcgiveron,1
romenesko,1
tello,1
callon,1
gofton,1
blackham,1
arroyd,1
arakaki,1
shasteen,1
rhen,1
disotell,1
rhem,1
cuddy,1
salyers,1
rhea,1
rhed,1
rhee,1
dsouza,1
telly,1
landin,1
prospero,1
brodess,1
landis,1
toelle,1
nauss,1
rodiguez,1
canatella,1
boateng,1
schaper,1
askren,1
prosperi,1
godeaux,1
lopze,1
riedman,1
cannuli,1
sagaser,1
toelke,1
arroyo,1
vitti,1
spiotta,1
fulmore,1
gasper,1
potash,1
conze,1
cormican,1
lanzarotta,1
palmese,1
sheperd,1
callow,1
muzzillo,1
doemelt,1
lybecker,1
flumerfelt,1
padmanabhan,1
guerrero,1
prusak,1
holderbaum,1
crighton,1
kababik,1
paschall,1
ainsley,1
kiggins,1
milling,1
palmero,1
brimage,1
juares,1
slaughterbeck,1
bundick,1
palmeri,1
depottey,1
juarez,1
gorzynski,1
pritchell,1
parman,1
trabert,1
parmar,1
schrimsher,1
cumberbatch,1
frayser,1
laufer,1
million,1
loretto,1
syndergaard,1
stoppel,1
mcleoud,1
difrancisco,1
kanealii,1
kovacik,1
lorette,1
kanaris,1
kovacic,1
yeisley,1
uzdygan,1
paleaae,1
eldred,1
hautan,1
kilroy,1
versluis,1
nuque,1
aguon,1
delacruz,1
pulanco,1
lopus,1
votolato,1
otteman,1
kashan,1
badasci,1
cazeault,1
callum,1
roloson,1
fairall,1
maiocco,1
provosty,1
kephart,1
caldron,1
ainslie,1
kravitz,1
cristobal,1
vandebogart,1
castano,1
mairot,1
timchula,1
kreeger,1
muskthel,1
coody,1
landry,1
nault,1
aprill,1
lathrum,1
brodell,1
burford,1
lookabaugh,1
persinger,1
chapple,1
agurs,1
vahena,1
itson,1
gridley,1
wojtowich,1
manhart,1
lagnese,1
willibrand,1
tallmadge,1
gallicchio,1
parmer,1
baginski,1
weedman,1
ipock,1
cliffton,1
landro,1
becks,1
beyersdorf,1
ihenyen,1
zanella,1
balster,1
ellanson,1
phong,1
wojtowicz,1
becky,1
kanarek,1
becka,1
angilello,1
becke,1
cooey,1
castleberry,1
sirmans,1
stilwagen,1
prusha,1
barlowe,1
debbins,1
sundberg,1
krumbholz,1
steudeman,1
palubiak,1
papakostas,1
bolden,1
tischner,1
diederichs,1
blatchford,1
capria,1
konakowitz,1
shindel,1
fullam,1
yasso,1
beston,1
fazzino,1
delvalle,1
olejarski,1
bronston,1
mirante,1
bolder,1
fazzina,1
crosno,1
tombleson,1
foderaro,1
underland,1
hendley,1
tamargo,1
highers,1
poetter,1
hendler,1
downard,1
yasui,1
beandoin,1
marable,1
divincenzo,1
rehlander,1
damiani,1
woodruff,1
cooch,1
landor,1
arrigone,1
mcoy,1
croson,1
becht,1
landon,1
kaiser,1
mivshek,1
damiano,1
quattrini,1
treese,1
vermilyea,1
nathe,1
macewen,1
dado,1
conlin,1
parcells,1
daufeldt,1
kiltie,1
washburn,1
zeliff,1
dady,1
buteau,1
sainato,1
alemany,1
swisher,1
mcfan,1
mathiason,1
reekers,1
moscaritolo,1
rockford,1
mcdearmont,1
shivy,1
bedor,1
daer,1
oaxaca,1
ciesluk,1
parlin,1
seales,1
copps,1
swainston,1
freifeld,1
joanis,1
konczewski,1
natho,1
shive,1
lewerke,1
sealey,1
gillotti,1
finocchiaro,1
haurin,1
zajdel,1
glandon,1
standors,1
hewey,1
dabe,1
hewes,1
mchargue,1
jacquez,1
capper,1
gitzlaff,1
cappel,1
fanzo,1
korzep,1
landquist,1
neitz,1
buteaux,1
alexy,1
nater,1
southam,1
stollar,1
pohorilla,1
licano,1
willcutt,1
dace,1
lepinski,1
bucaro,1
strohecker,1
klinge,1
catron,1
vosmus,1
czapiewski,1
dack,1
dach,1
fewell,1
honeycott,1
kaewprasert,1
brackens,1
letofsky,1
abrahamian,1
marshbanks,1
bedre,1
kuczma,1
dacy,1
curtice,1
magedanz,1
chvilicek,1
jacquem,1
newhall,1
dade,1
dadd,1
talentino,1
urquijo,1
dada,1
holdren,1
jacquet,1
wenke,1
jacques,1
arrojo,1
klines,1
casares,1
conlee,1
neira,1
pegram,1
ruppert,1
newbraugh,1
soares,1
casarez,1
ramadan,1
himenez,1
conley,1
ketron,1
antrican,1
serrata,1
mihal,1
azure,1
archilla,1
cureton,1
alperin,1
neish,1
klindt,1
groenendyk,1
baumberger,1
albanese,1
caicedo,1
yokiel,1
prowell,1
cerroni,1
neiss,1
leising,1
swanner,1
wenig,1
neita,1
cerrone,1
lafferty,1
brackett,1
zitzow,1
trenton,1
madyun,1
wener,1
jacquay,1
calnan,1
stanifer,1
kilton,1
helfert,1
keding,1
coriell,1
beydoun,1
kiral,1
coppa,1
molacek,1
waskin,1
natal,1
blattner,1
harmening,1
mulryan,1
bouman,1
klinck,1
zimerman,1
wember,1
mcclendon,1
serrato,1
stancombe,1
pursifull,1
blackerby,1
donegan,1
moland,1
shelmon,1
pyfer,1
fauscett,1
mcmorran,1
banowski,1
freyman,1
molano,1
hewko,1
tedesco,1
smerkar,1
selestewa,1
phillipson,1
grumbles,1
goings,1
wente,1
conlan,1
stonebreaker,1
fantz,1
bechtold,1
glovier,1
guillote,1
liloia,1
tietze,1
bironas,1
gustine,1
cecala,1
pagel,1
legrone,1
gambrel,1
pleasant,1
cushen,1
fanti,1
watwood,1
calwell,1
cusher,1
serrano,1
atwill,1
serrant,1
ridall,1
jovanovic,1
mcmorrow,1
omernik,1
plecker,1
duplin,1
gasner,1
bigas,1
whittlesey,1
yellen,1
ilarraza,1
lacsamana,1
serrand,1
kirkendall,1
wentz,1
taitague,1
copple,1
deshon,1
angellotti,1
fellinger,1
daubert,1
lavecchia,1
shelman,1
laureno,1
temby,1
mathiasen,1
neils,1
coppin,1
lukaszewski,1
hilden,1
telfer,1
neill,1
wiltse,1
guillory,1
laurens,1
bigby,1
laurent,1
bambeck,1
hamonds,1
lininger,1
rexwinkle,1
neild,1
molash,1
hausler,1
kamealoha,1
hackborn,1
calnen,1
vitiello,1
waskey,1
parlor,1
seeman,1
wieser,1
bigda,1
soulard,1
winstead,1
paget,1
wiesen,1
pages,1
determann,1
wiesel,1
denlinger,1
biernat,1
ugland,1
markewich,1
holizna,1
fitzhugh,1
hennard,1
gramling,1
bulmer,1
teman,1
seiple,1
parlow,1
branyon,1
odermott,1
trapalis,1
showden,1
kremmel,1
copus,1
growney,1
markovich,1
barringer,1
easley,1
easler,1
karayan,1
cieslik,1
denardo,1
anadio,1
panchik,1
fiacco,1
verdejo,1
denardi,1
laughman,1
granbois,1
bazaldua,1
magpuri,1
yater,1
leclerc,1
wilborn,1
leclere,1
calogero,1
chattin,1
yates,1
vadasy,1
ausman,1
oneill,1
toedebusch,1
ottino,1
oglesbee,1
copper,1
coppes,1
fanny,1
avansino,1
otting,1
sanpaolo,1
stoller,1
souther,1
fanno,1
goines,1
serramo,1
dedmon,1
deaderick,1
wilton,1
manylath,1
torrillo,1
maiten,1
monnett,1
cypher,1
tedesko,1
thornsbury,1
verdell,1
mcmorris,1
pagan,1
seemer,1
elmaghrabi,1
floerchinger,1
rennaker,1
mcconchie,1
carrington,1
bierner,1
stolley,1
bloedel,1
kobylski,1
deibert,1
bulman,1
schefers,1
molavi,1
trumpower,1
biggs,1
chatten,1
lorah,1
fraunfelter,1
carreno,1
dave,1
yauck,1
bigio,1
yauch,1
oeftger,1
elward,1
loran,1
shier,1
davi,1
simmoms,1
neigh,1
landavazo,1
seipel,1
wolpert,1
swanstrom,1
cuevas,1
costner,1
soltero,1
simmond,1
ganzer,1
carreon,1
sherrard,1
kirks,1
daty,1
shieh,1
datz,1
yearick,1
nicewarner,1
shiel,1
daub,1
daum,1
daul,1
moradian,1
visher,1
simmons,1
manigo,1
marevka,1
alejo,1
couvertier,1
desher,1
copas,1
butera,1
abubakr,1
daus,1
nofziger,1
brwon,1
lorch,1
boudreaux,1
crysler,1
wineland,1
krugman,1
shido,1
mccarrick,1
ordal,1
pressimone,1
bedar,1
woelzlein,1
ordas,1
bedaw,1
pushard,1
tellier,1
ordaz,1
dato,1
datu,1
datt,1
bonefield,1
cieslak,1
dary,1
antonsen,1
shick,1
hildner,1
plueger,1
ladakakos,1
krumenauer,1
dase,1
dorsainvil,1
wenzl,1
carrera,1
iheme,1
dash,1
heinonen,1
milkovich,1
loras,1
pruter,1
dehghani,1
patronella,1
willhoite,1
daso,1
manier,1
mothershead,1
garigliano,1
dass,1
carrere,1
vondra,1
killeagle,1
toussand,1
tolzmann,1
carrero,1
cipullo,1
danyow,1
dart,1
darr,1
vollrath,1
panchak,1
daro,1
mulderig,1
matthiesen,1
panchal,1
darm,1
aguirre,1
lecleir,1
neice,1
iwanowski,1
dark,1
dari,1
haddick,1
jacquot,1
dare,1
bromley,1
ranildi,1
sugiki,1
snater,1
varquez,1
buteux,1
aschmann,1
budlong,1
gluckman,1
zehnder,1
toussant,1
aeillo,1
hemesath,1
schorder,1
deshaw,1
temme,1
deshay,1
reasonover,1
strenke,1
bigos,1
sowinski,1
beder,1
haselhuhn,1
raphael,1
bedee,1
wuestenberg,1
fesenbek,1
sarnoff,1
alecca,1
fulker,1
roadruck,1
laughlin,1
gesell,1
kimberl,1
treece,1
mcconnaughy,1
mcpherren,1
wansitler,1
danz,1
shigo,1
michelson,1
saltsman,1
boulos,1
budinich,1
beddo,1
kichline,1
dant,1
drewing,1
szarek,1
wixted,1
mazowieski,1
sherratt,1
gramlich,1
jurgensen,1
dane,1
tempe,1
danh,1
dang,1
rubarts,1
leiendecker,1
dana,1
shina,1
alesi,1
dann,1
galietti,1
hoelzel,1
newhart,1
shine,1
dano,1
dani,1
collicott,1
shinn,1
ellebracht,1
kasica,1
ledain,1
newhard,1
lemmen,1
lemmer,1
jacquier,1
foulkes,1
fraiser,1
alers,1
auzenne,1
kirby,1
dame,1
esther,1
casario,1
antonson,1
dama,1
alert,1
pingrey,1
heuman,1
damm,1
palmerino,1
shima,1
kirbo,1
laneve,1
bramlette,1
dami,1
hausam,1
mousser,1
kirch,1
defreitas,1
shimo,1
calcagino,1
inbody,1
shimp,1
stafford,1
dalo,1
jurgenson,1
daly,1
guttmann,1
pingree,1
kilson,1
westwater,1
franzone,1
maison,1
oatis,1
appleman,1
dale,1
juengling,1
miramon,1
dall,1
vivar,1
vivas,1
swartzell,1
franzoni,1
cueto,1
shill,1
bridgford,1
herkstroeter,1
shilo,1
bamberg,1
strenge,1
daku,1
cushwa,1
shilt,1
hummons,1
madziar,1
surgoine,1
cadice,1
narayan,1
beghtol,1
gaitor,1
sweeney,1
morgensen,1
bidgood,1
dake,1
hostoffer,1
speaker,1
shike,1
fegette,1
aguillera,1
darling,1
stansbery,1
wanberg,1
campagnone,1
maracle,1
malekan,1
morisseau,1
conlon,1
frilling,1
hadsell,1
vontungeln,1
garafalo,1
urquidi,1
vanscyoc,1
lanese,1
trippany,1
shirk,1
kritzer,1
jerone,1
shira,1
shird,1
parlee,1
shire,1
direnzo,1
sealander,1
verplanck,1
markovitz,1
kinkella,1
daiz,1
gilderman,1
stabler,1
kimbell,1
carrejo,1
shiro,1
maniar,1
brzoska,1
bruegger,1
dais,1
dair,1
leclear,1
boyland,1
parler,1
stabley,1
dail,1
parlet,1
dain,1
michealson,1
giacopelli,1
copes,1
lazzaro,1
doerflinger,1
mcfee,1
miggo,1
bigus,1
younkers,1
czaplicki,1
delavina,1
lazzari,1
quartararo,1
ackroyd,1
newbrough,1
soderman,1
corradino,1
salguero,1
licata,1
ridgnal,1
jerome,1
hunting,1
copen,1
dahn,1
corradini,1
dahm,1
dahl,1
wiebers,1
shellum,1
shipe,1
garafano,1
uhrmacher,1
courtright,1
jacquin,1
azuma,1
lazzara,1
regehr,1
oates,1
mckevitt,1
kullman,1
branting,1
carrell,1
shipp,1
dago,1
wieberg,1
papantonio,1
abaunza,1
dage,1
branyan,1
scheffel,1
dagg,1
scheffer,1
hulslander,1
loffier,1
maisto,1
licari,1
paterson,1
chopelas,1
filipski,1
dednam,1
klinko,1
loque,1
daft,1
lohmiller,1
horridge,1
merschman,1
calliham,1
cluster,1
callihan,1
basque,1
trollinger,1
maliszewski,1
hardter,1
scheiblich,1
habbyshaw,1
gertel,1
entwistle,1
pospisil,1
jacobson,1
cockrell,1
reus,1
colding,1
gerten,1
mcgreen,1
hercher,1
decrosta,1
topham,1
naccarato,1
lanquist,1
reul,1
marioni,1
aharonof,1
londono,1
antrikin,1
mammenga,1
symore,1
wethern,1
bouche,1
blacher,1
kishaba,1
peccia,1
millington,1
bozich,1
newport,1
buczynski,1
lamoree,1
bowthorpe,1
groshek,1
scrape,1
borghoff,1
lusty,1
wiechec,1
gildemeister,1
jenkens,1
hallio,1
robeza,1
shinsel,1
hallin,1
cromer,1
reddell,1
hallie,1
noerenberg,1
willow,1
pinsoneault,1
madron,1
knepp,1
laible,1
jacobsma,1
castiglia,1
stippich,1
ghent,1
partyka,1
myrtle,1
nikodem,1
glasbrenner,1
bisom,1
reye,1
cuoco,1
bison,1
righter,1
bogdan,1
cajigas,1
heybrock,1
morosco,1
bilger,1
gilcris,1
piegaro,1
kimbro,1
alvacado,1
ginnings,1
gasmen,1
reza,1
dobias,1
cerventez,1
wiedyk,1
poertner,1
sundblad,1
reys,1
nichol,1
bolnick,1
stockburger,1
solages,1
figliola,1
hemish,1
salzwedel,1
kimble,1
dillahunt,1
figlioli,1
bruschke,1
schaadt,1
bisio,1
procknow,1
tsistinas,1
difillippo,1
bostian,1
merfeld,1
kneip,1
trosclair,1
rotruck,1
schaack,1
aguado,1
conour,1
ellenberg,1
latta,1
ahonen,1
hacken,1
hackel,1
hacker,1
wixson,1
hietala,1
croman,1
lupardus,1
ahlberg,1
lempke,1
aguada,1
raeder,1
lempka,1
hackey,1
mahmood,1
knell,1
villasis,1
disponette,1
lowen,1
sobrowski,1
lowek,1
symons,1
ghere,1
predovich,1
rodgerson,1
desimas,1
ghera,1
latty,1
trynowski,1
mazzanti,1
pyles,1
kalinowski,1
orren,1
beedham,1
naclerio,1
gorovitz,1
divalerio,1
latus,1
ducceschi,1
albertsen,1
bostick,1
vantuyl,1
desiderio,1
lupercio,1
lowes,1
lower,1
heming,1
willie,1
nakao,1
looker,1
cleark,1
macpherson,1
founds,1
willia,1
landborg,1
cleare,1
zaritsky,1
luitjens,1
freas,1
nakai,1
frear,1
ferrini,1
raskey,1
willig,1
willis,1
merisier,1
millbrand,1
biser,1
tarascio,1
gerton,1
dihel,1
calfee,1
bisel,1
nicolaus,1
huckins,1
martain,1
hokett,1
heupel,1
frech,1
teats,1
dearmore,1
gleichman,1
gingrich,1
piluso,1
shawn,1
villalovos,1
shawl,1
cleath,1
kirtley,1
nastri,1
cutforth,1
roselius,1
stefano,1
freda,1
muscente,1
beshore,1
lutao,1
ferrill,1
frede,1
vanlandingham,1
willes,1
willet,1
mushrush,1
vanderzanden,1
bohlinger,1
serrell,1
estabillo,1
lauby,1
swartzendrube,1
carroway,1
willey,1
fredo,1
hallas,1
blaydes,1
hallam,1
hallan,1
lardone,1
stefani,1
senese,1
clearo,1
laube,1
laiben,1
mcguinn,1
cahoon,1
freed,1
lowis,1
lowin,1
inscho,1
achenbach,1
freeh,1
cleary,1
nelli,1
minehart,1
ferrise,1
grueninger,1
drapkin,1
freet,1
stefanski,1
buckmaster,1
shaul,1
freer,1
finucane,1
cernohous,1
frees,1
schoenfelder,1
annicchiarico,1
freel,1
maylone,1
araiza,1
knerr,1
mahmoud,1
shave,1
zodrow,1
redmon,1
yoxall,1
stefansky,1
discipio,1
willms,1
mcgreal,1
swierenga,1
harrellson,1
kobara,1
panfil,1
ceconi,1
nelms,1
orillion,1
elmendorf,1
cuffari,1
guirand,1
desilva,1
zolondek,1
solorio,1
shawe,1
casassa,1
ferriss,1
pafford,1
sgrignoli,1
thomure,1
cambronne,1
dearmond,1
desilvo,1
mcguire,1
mcguirk,1
mcguirl,1
tomisin,1
fritchey,1
alsman,1
tepper,1
luter,1
lutes,1
ansbacher,1
fritcher,1
morosow,1
karakas,1
luten,1
kornbluth,1
lockner,1
tease,1
hallee,1
shatt,1
rowcliffe,1
shulund,1
macmahon,1
prezzia,1
haller,1
bisch,1
bernhart,1
gheza,1
soteros,1
halley,1
fequiere,1
hallet,1
shauf,1
shaub,1
frein,1
bisby,1
shaud,1
barriault,1
freil,1
bernhard,1
hwee,1
nelke,1
teare,1
mcguirt,1
freie,1
reilley,1
shatz,1
freid,1
zotti,1
wydler,1
carnalla,1
machenry,1
yahna,1
trogstad,1
beseau,1
yahne,1
gaiters,1
molander,1
obenshain,1
lutfy,1
spulick,1
kerschner,1
teall,1
nuber,1
ullrich,1
ciocca,1
redner,1
susich,1
aguayo,1
albertson,1
sprake,1
burczyk,1
nedley,1
sprosty,1
oberer,1
stallone,1
plevin,1
dobine,1
korwin,1
lighthall,1
whitker,1
mascetti,1
madray,1
limoges,1
madras,1
stallons,1
gorley,1
sfatcu,1
luthy,1
sheller,1
teano,1
derwin,1
piedmont,1
beydler,1
mantyla,1
klosinski,1
luthi,1
volpone,1
runels,1
luthe,1
frushour,1
jurgens,1
oniell,1
nelon,1
dejongh,1
emmette,1
dicerbo,1
steitz,1
tibbits,1
perrington,1
tieger,1
jaffray,1
dejonge,1
kinstler,1
villarta,1
kreiner,1
kreines,1
jutras,1
shelley,1
stielau,1
helphinstine,1
caccavale,1
guttormson,1
chahal,1
inscoe,1
coatie,1
talamantez,1
rudio,1
linington,1
rudin,1
laude,1
rudis,1
cestero,1
neuschwander,1
lounsbury,1
mineconzo,1
gerding,1
masden,1
lawhorne,1
wilmes,1
wilmer,1
parkos,1
talamantes,1
zotos,1
denofrio,1
estock,1
lauck,1
degiorgio,1
spragg,1
elshair,1
wandersee,1
weniger,1
czarny,1
ballman,1
yoneoka,1
rosettie,1
torgeson,1
denfip,1
ploense,1
hongerholt,1
kirchmann,1
rudig,1
lutke,1
barvick,1
rudie,1
mccawley,1
pittsley,1
seryak,1
vizza,1
wayde,1
gutzmer,1
gasiewski,1
vizzi,1
minkin,1
yonamine,1
sarnacki,1
patriquin,1
piszczatowski,1
glynn,1
lauer,1
briddell,1
wattigny,1
bednarz,1
santistevan,1
varuzzo,1
nicolais,1
schexnayder,1
diminich,1
bending,1
coates,1
fehnel,1
dimaggio,1
vanalstin,1
sanluis,1
obarr,1
rudge,1
alexidor,1
sprain,1
strevel,1
colaianni,1
turlich,1
tremel,1
cunha,1
tobiasz,1
santangelo,1
conoly,1
goffer,1
ruden,1
conole,1
lueschen,1
buesgens,1
rudel,1
ruder,1
rudes,1
elshant,1
speakes,1
spafford,1
oberly,1
battisto,1
luescher,1
arrendondo,1
battiste,1
cavaness,1
timper,1
battisti,1
piserchio,1
blaszak,1
upadhyaya,1
luton,1
hethcox,1
schoenherr,1
ditore,1
battista,1
tusler,1
madriz,1
ruddy,1
zalewski,1
ballmer,1
blachly,1
maltsberger,1
dobies,1
minkel,1
hanberry,1
madril,1
beseke,1
cusick,1
schnieder,1
dwane,1
seifarth,1
franzetti,1
parkin,1
buffett,1
teaff,1
muehlbach,1
juckett,1
madrid,1
gayhart,1
mermis,1
stigsell,1
stubenrauch,1
maltbia,1
vantull,1
laury,1
whitlatch,1
gutzman,1
clampett,1
moctezuma,1
pickerill,1
triola,1
mcwalters,1
cunio,1
mcwherter,1
delduca,1
rodenberger,1
cunis,1
salmans,1
stoudymire,1
fridell,1
lauri,1
puryear,1
roberg,1
triolo,1
lauro,1
oberle,1
piedrahita,1
macinnes,1
maltbie,1
birts,1
seneca,1
lighthart,1
larosa,1
laura,1
larose,1
eidson,1
rudat,1
gudinas,1
pontremoli,1
laulu,1
dokovic,1
taddonio,1
pickering,1
biros,1
robers,1
robert,1
biron,1
hilton,1
laroux,1
gerringer,1
mekonis,1
dalzell,1
vrbka,1
desonia,1
seitzinger,1
marinos,1
madren,1
natonabah,1
giltner,1
croley,1
chiprean,1
bihari,1
karrenberg,1
lutts,1
wanger,1
ganiron,1
teabo,1
lazurek,1
nehring,1
tourtillott,1
parker,1
foskett,1
burnison,1
launt,1
parkey,1
koback,1
policar,1
parkes,1
estorga,1
isachsen,1
zorens,1
ortenzio,1
lienhard,1
macinnis,1
effland,1
teach,1
humphers,1
larowe,1
aronhalt,1
shollenberger,1
humphery,1
gowans,1
laferriere,1
doswell,1
connor,1
ferrucci,1
lutzi,1
naito,1
kundtz,1
connon,1
tedder,1
szczesny,1
alpis,1
paasch,1
lutze,1
hitzel,1
ulloa,1
vanschuyver,1
asselta,1
ullom,1
mezydlo,1
denning,1
hilson,1
trafton,1
agers,1
hogans,1
padillo,1
moppin,1
willingham,1
popielarczyk,1
petrovich,1
janeway,1
stimpson,1
huberman,1
eliseo,1
padilla,1
holsinger,1
ranieri,1
konopka,1
lieblong,1
gielstra,1
altsisi,1
raniero,1
utsey,1
degeston,1
handsaker,1
bendick,1
konarik,1
kasprak,1
nuara,1
tsuji,1
allegrucci,1
lemons,1
lemont,1
banther,1
silvano,1
innocenti,1
marinko,1
laroia,1
pettinger,1
chapnick,1
belancer,1
pancake,1
facemire,1
tryninewski,1
prevett,1
dokken,1
telman,1
moudry,1
stormer,1
stormes,1
bulger,1
rathmell,1
keesecker,1
uhlenhopp,1
paluszynski,1
buccellato,1
weisiger,1
busenbark,1
rutecki,1
takemoto,1
lemond,1
seavey,1
birks,1
ritschard,1
lemone,1
mccarver,1
orsak,1
birky,1
sankey,1
sanker,1
seaver,1
vaneaton,1
whitworth,1
breland,1
clayburn,1
merner,1
schabel,1
herston,1
schaber,1
rampadarat,1
apodoca,1
schabes,1
sender,1
coant,1
tsuha,1
sandoral,1
clayburg,1
ridlon,1
ramaker,1
goering,1
dzierzanowski,1
arnett,1
jakubczak,1
mcthune,1
deschamp,1
alper,1
cupit,1
hershfield,1
parizo,1
miniuk,1
sarmiento,1
wolstenholme,1
minium,1
lassa,1
agent,1
gauntner,1
geoffrey,1
halligan,1
borgmann,1
carlozzi,1
lasso,1
jaudon,1
bebout,1
coale,1
maceyak,1
gajeski,1
saglimben,1
kjetland,1
madson,1
hornoff,1
rowell,1
nippe,1
gerula,1
zaeske,1
rowels,1
topness,1
alpha,1
bulgin,1
goehner,1
grinvalsky,1
nipps,1
tewani,1
czap,1
birge,1
evanchalk,1
vrbas,1
czar,1
mandley,1
ciarlante,1
fulwider,1
mandler,1
orser,1
alwazan,1
mernin,1
marinez,1
william,1
birdo,1
batrich,1
cyree,1
waychoff,1
willian,1
marines,1
score,1
mariner,1
sendra,1
williar,1
cundick,1
larock,1
armfield,1
tsuda,1
cozart,1
lagamba,1
kundla,1
wildenberg,1
biren,1
slaubaugh,1
cromwell,1
monreal,1
entrekin,1
bires,1
williby,1
dinardi,1
spratt,1
demauro,1
miras,1
demauri,1
mirao,1
miran,1
willick,1
scott,1
babbish,1
denham,1
bautista,1
stepanek,1
agena,1
demosthenes,1
whitlow,1
kinsland,1
villarin,1
bautiste,1
chomali,1
crosswell,1
digby,1
stupka,1
soucie,1
stupke,1
sullinger,1
sakamoto,1
ollendick,1
chapelle,1
ebling,1
calger,1
agemy,1
asselin,1
westenbarger,1
birch,1
villifana,1
halmes,1
ruezga,1
ellebrecht,1
garrison,1
ryhal,1
minish,1
galinski,1
bryum,1
sendro,1
badenoch,1
najar,1
marinas,1
blonder,1
willies,1
deibler,1
taormina,1
willier,1
parise,1
reck,1
jarecki,1
schrameck,1
rech,1
gobble,1
parisi,1
jarecke,1
gaslin,1
rasley,1
rackett,1
parish,1
regelman,1
bowcock,1
babbitt,1
elbogen,1
eddings,1
birak,1
montcalm,1
duplechin,1
vizcarrondo,1
rudoy,1
aschenbrener,1
mires,1
coady,1
levenstein,1
redo,1
wintersmith,1
brandeland,1
reda,1
redd,1
izquierdo,1
byassee,1
fennig,1
empson,1
rede,1
lalumiere,1
sankoh,1
fruhling,1
pangle,1
storman,1
souphom,1
dinardo,1
scopa,1
stepanik,1
jeanlouis,1
soucek,1
sasseville,1
regueira,1
laiche,1
ream,1
real,1
rackers,1
buckholtz,1
read,1
robeck,1
krumvieda,1
kedley,1
wilmot,1
rowett,1
dellaratta,1
platter,1
desmarias,1
schabot,1
minion,1
elison,1
coach,1
reay,1
mcpeake,1
kasson,1
rear,1
reas,1
reau,1
housden,1
diggs,1
reap,1
nasson,1
sprang,1
lavelett,1
platten,1
bryon,1
mierzwiak,1
rehl,1
falke,1
detchon,1
borkenhagen,1
szwed,1
preisinger,1
reho,1
rehm,1
malacara,1
ulman,1
rehn,1
naidu,1
falks,1
latif,1
totman,1
ferries,1
loverich,1
fenoff,1
happer,1
ferrier,1
kassem,1
hibert,1
kassel,1
reha,1
siddoway,1
happel,1
henwood,1
armantrout,1
cuello,1
rundle,1
yaish,1
rancourt,1
ruell,1
puiatti,1
varanese,1
regn,1
lamorte,1
shoger,1
rego,1
romulus,1
denger,1
lathe,1
zaverl,1
dengel,1
crupper,1
rega,1
souder,1
mrkvicka,1
wahlquist,1
matthias,1
ridlen,1
reff,1
dasilua,1
rhyme,1
ridler,1
rolando,1
fernadez,1
pagnello,1
rudicil,1
eissinger,1
rollinger,1
rees,1
heinitz,1
scoma,1
pritchard,1
fernades,1
ridley,1
lardner,1
reeb,1
branstrom,1
kaiserman,1
kreiman,1
reed,1
reef,1
millare,1
mascia,1
dziekan,1
reeh,1
bumstead,1
later,1
rhyne,1
dasilva,1
falla,1
reek,1
atcher,1
reel,1
millard,1
bakkala,1
reem,1
reen,1
maleonado,1
wieder,1
bryne,1
reep,1
boudreau,1
tolden,1
geisinger,1
tebow,1
giudice,1
falls,1
fallo,1
scola,1
schlatter,1
monsanto,1
merbaum,1
gesamondo,1
pangan,1
ulmer,1
rell,1
vrana,1
yaiva,1
relf,1
blunkall,1
mackinaw,1
falor,1
kassin,1
destephano,1
kassim,1
wilner,1
browder,1
houseal,1
bryla,1
klarberg,1
bowgren,1
georghiou,1
latch,1
gadzinski,1
ruehl,1
dufford,1
krupski,1
willing,1
kassis,1
bensman,1
vanhorne,1
matthies,1
mautino,1
miron,1
hayball,1
horrigan,1
psomiades,1
ulmen,1
lenkiewicz,1
bongartz,1
highbaugh,1
zordan,1
washpun,1
yamnitz,1
conney,1
wojcicki,1
mestrovich,1
hogsette,1
stolarz,1
willims,1
kalland,1
tachauer,1
posnick,1
yohannes,1
delavergne,1
gethers,1
bogdon,1
halman,1
micheals,1
prunty,1
dipinto,1
hegstad,1
moglia,1
mcennis,1
reio,1
bushard,1
rein,1
mcclallen,1
lopinto,1
mcpherson,1
reis,1
hilser,1
latam,1
reif,1
visnic,1
kreimer,1
reik,1
reim,1
milland,1
reil,1
lowry,1
froemming,1
bushart,1
rodreguez,1
connel,1
raskin,1
reid,1
villalouos,1
straseskie,1
service,1
colgrove,1
baumkirchner,1
connet,1
whitewater,1
conner,1
ledger,1
rodregues,1
simmers,1
lansberry,1
theodore,1
mercardo,1
gyllensten,1
gheen,1
dubeau,1
naufzinger,1
orris,1
newand,1
scoby,1
reph,1
stiller,1
muschaweck,1
repp,1
falso,1
stilley,1
harmann,1
tellez,1
mirra,1
fagala,1
ruedy,1
houlihan,1
chesbrough,1
teller,1
telles,1
cyrus,1
westman,1
luchini,1
pruner,1
kaines,1
naill,1
reos,1
coard,1
mcdill,1
dubeck,1
reon,1
grafals,1
storlie,1
nails,1
newall,1
latos,1
chouinard,1
mascot,1
ganison,1
blacketer,1
laton,1
trescott,1
gasman,1
rena,1
rend,1
bryer,1
ridgley,1
bilich,1
kawahara,1
rene,1
mirto,1
theimer,1
ruegg,1
renk,1
prager,1
renn,1
mottola,1
reno,1
russotto,1
amarante,1
rens,1
ratzloff,1
henneberg,1
trippe,1
laregina,1
mcginity,1
winchel,1
fredenburg,1
reny,1
trippi,1
dennies,1
renz,1
simmens,1
killean,1
norvell,1
michelini,1
golombecki,1
faltz,1
hilleman,1
connin,1
baldridge,1
falto,1
gannett,1
cozadd,1
kozubal,1
ullum,1
connie,1
wessinger,1
remo,1
brakebill,1
snellenberger,1
frommer,1
remy,1
huysman,1
hoiness,1
boultinghouse,1
streczywilk,1
glazier,1
stupar,1
claywell,1
shifferd,1
stillie,1
kassab,1
reth,1
bolinger,1
reta,1
newark,1
stupak,1
gunsolley,1
rivett,1
jerald,1
vaquez,1
mascio,1
mcmahill,1
swepson,1
retz,1
archibold,1
askari,1
baranski,1
castillo,1
bryce,1
bogden,1
nardone,1
scaiano,1
guiher,1
whitley,1
idler,1
skubik,1
highfield,1
beaudine,1
baransky,1
whitler,1
castille,1
russotti,1
resh,1
tellio,1
arnell,1
castilla,1
skubis,1
chefalo,1
nedman,1
deyoung,1
tellis,1
verhines,1
ploennigs,1
rivest,1
kassay,1
croker,1
vantrease,1
lehnherr,1
schreier,1
madsen,1
zappulla,1
amstrong,1
latko,1
cabugos,1
hallum,1
falvo,1
kassam,1
ress,1
baddley,1
fingerhut,1
bellavance,1
bryan,1
tebbe,1
ferrick,1
naish,1
rueda,1
sankar,1
paaske,1
drayton,1
bryar,1
guilliam,1
beaudion,1
coast,1
sciacchitano,1
obando,1
rueck,1
trabold,1
draughon,1
tebar,1
lauter,1
hogatt,1
cicatello,1
tebay,1
albornoz,1
ambler,1
cuomo,1
mckillips,1
zammiello,1
mirza,1
friddle,1
killeen,1
coats,1
mchaffie,1
ludewig,1
latin,1
rhyan,1
slocumb,1
granville,1
tebbs,1
trovillion,1
nairn,1
willits,1
coate,1
krotine,1
burtchell,1
serviss,1
pettett,1
belizaire,1
misch,1
gjerde,1
hoffnagle,1
willeto,1
mastalski,1
kihlstrom,1
willets,1
willett,1
rivena,1
holiman,1
falah,1
ingala,1
fickert,1
leibenstein,1
macdermott,1
rokosz,1
henneke,1
weathersbee,1
leddon,1
schacht,1
luque,1
pesenti,1
owczarzak,1
kornhauser,1
aragon,1
reistetter,1
schaedler,1
meylor,1
petters,1
chaplin,1
halsema,1
chaplik,1
behimer,1
ziraldo,1
johnico,1
halsell,1
wulff,1
aceituno,1
opteyndt,1
nenez,1
obaker,1
villagran,1
laginess,1
bauserman,1
wagener,1
fickett,1
ruark,1
mcray,1
cobos,1
goldsworthy,1
wilebski,1
kurgan,1
hyrkas,1
hachette,1
marrington,1
chaligoj,1
stilner,1
fitzpatrick,1
ridout,1
blomstrom,1
gobeyn,1
mcrae,1
precise,1
dauzat,1
sheline,1
spalding,1
looman,1
perchinski,1
brasket,1
fravel,1
gervin,1
halnon,1
braskey,1
armbrester,1
felkins,1
swistak,1
ferraiolo,1
rivera,1
farrish,1
cobio,1
nicklin,1
potenza,1
hallihan,1
ernstes,1
rivero,1
demateo,1
rivers,1
trinca,1
servino,1
utter,1
gaskey,1
cobia,1
aschenbrenner,1
ahrendt,1
engleby,1
ahrends,1
chaplen,1
stringari,1
ernster,1
brodish,1
chaples,1
lotze,1
landherr,1
raebel,1
krystofiak,1
lamothe,1
reenders,1
vandenbrink,1
blakstad,1
alsop,1
dubach,1
coble,1
smalarz,1
alson,1
alldredge,1
willert,1
willers,1
nembhard,1
tsantakis,1
thomson,1
duellman,1
eckrote,1
depasse,1
rannells,1
hushon,1
draleau,1
aragus,1
patience,1
tellers,1
filoteo,1
montuoro,1
falha,1
baranowski,1
montuori,1
miska,1
gaskin,1
guerrant,1
foulds,1
villavicencio,1
cobey,1
vongunten,1
misko,1
loomer,1
masaya,1
ruszkowski,1
miske,1
wemple,1
frontera,1
lovering,1
olnick,1
zeltmann,1
rowbotham,1
rinehart,1
loverink,1
pandey,1
kljucaric,1
whiting,1
rairdon,1
kainoa,1
louge,1
fringuello,1
lough,1
pander,1
hogenmiller,1
lindeland,1
falis,1
priore,1
difeo,1
kalvaitis,1
boldenow,1
manalang,1
saunas,1
yeomans,1
yaggi,1
spickerman,1
lemieux,1
falin,1
imbriale,1
baichan,1
gobert,1
leatherman,1
kaelin,1
lawal,1
stehno,1
carrethers,1
vigneau,1
faley,1
gobern,1
shetlar,1
misik,1
bulkeley,1
nenni,1
vanisouvong,1
deforest,1
gartman,1
denier,1
larner,1
penders,1
williver,1
ledden,1
nenno,1
falge,1
larney,1
louis,1
kwiat,1
shelite,1
louil,1
oswald,1
wideman,1
foules,1
gerthung,1
louie,1
yagin,1
uvalles,1
oswalt,1
halseth,1
wilmouth,1
gajate,1
alsip,1
millerd,1
cobar,1
dezeeuw,1
bordenkircher,1
stiggers,1
wuolle,1
rehfield,1
conrad,1
dalleva,1
denick,1
waneka,1
mcrea,1
thansamai,1
drumgoole,1
stehly,1
mcree,1
aiello,1
conran,1
kietzer,1
loomis,1
huizinga,1
chianese,1
denice,1
bobzien,1
pandit,1
louch,1
miser,1
lathern,1
louck,1
brookshier,1
oheron,1
crutchfield,1
hych,1
uziel,1
sittner,1
fitzmaurice,1
dopson,1
trejos,1
gualtieri,1
rayfield,1
fales,1
dugdale,1
faler,1
rajala,1
schwertner,1
dovalina,1
plienis,1
voisin,1
weickum,1
shetley,1
kuszynski,1
pokorny,1
havenhill,1
grumbine,1
gussin,1
mcgugin,1
tusing,1
lawer,1
priolo,1
shetler,1
hyde,1
lawes,1
benskin,1
craffey,1
didion,1
visker,1
misek,1
linegar,1
figueiras,1
falbo,1
engesser,1
louer,1
goulette,1
nicklow,1
cobbs,1
falci,1
orosz,1
kastor,1
nicklos,1
loudy,1
dematos,1
ruano,1
falce,1
yager,1
stehle,1
winterberg,1
redkey,1
falco,1
millerr,1
ruane,1
hyer,1
falck,1
millers,1
prawdzik,1
coovert,1
niglio,1
orona,1
parikh,1
palenik,1
redler,1
molinari,1
legault,1
impson,1
hyon,1
molinaro,1
zorko,1
ercole,1
lanini,1
laning,1
minniefield,1
klitsch,1
tuenge,1
grunwald,1
rubel,1
rubeo,1
foulks,1
brookshire,1
ruben,1
misra,1
duball,1
molinary,1
moncrief,1
deitch,1
brazzell,1
ullah,1
satomba,1
bogert,1
castiola,1
giegerich,1
greenlees,1
lifford,1
bujnowski,1
betschman,1
baringer,1
adamiak,1
gobeli,1
orone,1
ditman,1
collova,1
minier,1
nkuku,1
herstad,1
hynd,1
benedetti,1
felonia,1
uebersax,1
otterholt,1
melching,1
grindle,1
macknair,1
farrier,1
pickerel,1
naccari,1
cortinas,1
czapla,1
laganga,1
gobeil,1
gartley,1
plaugher,1
benedetto,1
giovanni,1
fasbender,1
englett,1
zorns,1
lurie,1
blomberg,1
benzee,1
luria,1
melchior,1
lawis,1
damrell,1
conlans,1
benzel,1
russnak,1
haycraft,1
lawin,1
rabeneck,1
coderre,1
rubbo,1
benzer,1
waiters,1
delaurentis,1
kastel,1
calica,1
kirtner,1
puckhaber,1
tumblin,1
moye,1
kellstrom,1
burleigh,1
moyd,1
collopy,1
gummer,1
moya,1
konarski,1
storino,1
lundberg,1
tacdol,1
eckroad,1
rubin,1
caldero,1
rubio,1
rubie,1
hibdon,1
roettger,1
gaerlan,1
knochel,1
fickling,1
dennett,1
roettgen,1
englert,1
whelpley,1
favieri,1
coffie,1
kawell,1
kawelo,1
clifford,1
chouteau,1
sabbagh,1
collora,1
ganter,1
apyuan,1
ramagos,1
bensley,1
werkhoven,1
zsohar,1
manzione,1
pescatore,1
kasten,1
vanproosdy,1
mccarson,1
gussow,1
kaster,1
golackson,1
coffin,1
mathewes,1
waldvogel,1
skowron,1
dubard,1
wooldridge,1
creekmore,1
zorra,1
verbilla,1
collons,1
fonteneau,1
longwell,1
sheldrup,1
quitugua,1
preisser,1
trimpe,1
pedregon,1
chauvaux,1
jerdee,1
yannantuono,1
benzie,1
evanoski,1
foulke,1
bourgois,1
blondin,1
caldera,1
nahas,1
schiedler,1
bourgoin,1
sarjeant,1
mozo,1
brazler,1
citrone,1
evanosky,1
citroni,1
bakalars,1
lurey,1
jerden,1
priode,1
merkle,1
fazekas,1
ruebush,1
hazelgrove,1
hyle,1
heinemeyer,1
devincenzi,1
devincenzo,1
imperial,1
wydner,1
brisbane,1
henderosn,1
sickmeir,1
buschur,1
farrior,1
toledo,1
ebilane,1
grinder,1
seaford,1
enwall,1
insana,1
boebinger,1
didier,1
parido,1
rabenhorst,1
micucci,1
sawlivich,1
commerford,1
alsup,1
cronin,1
winokur,1
kehrer,1
kehres,1
beckworth,1
lotts,1
okken,1
czyz,1
lotto,1
niesent,1
lanier,1
gruesbeck,1
lotti,1
plymale,1
lausen,1
moleski,1
cronic,1
rabinowitz,1
malachi,1
dodwell,1
bungart,1
shalwani,1
degeest,1
lawry,1
lauser,1
agundez,1
mascall,1
faucett,1
bungard,1
wieger,1
celestin,1
cupps,1
casamento,1
boyton,1
stockdale,1
grindel,1
bitto,1
gosselin,1
chafin,1
wiegel,1
himelstein,1
vannest,1
vanness,1
farrill,1
katzenberg,1
kopperman,1
krainbucher,1
rubal,1
mascaro,1
mascari,1
magalski,1
wolfgramm,1
westcoat,1
castner,1
jedrey,1
drinski,1
oroak,1
kobashigawa,1
trimis,1
clendening,1
minick,1
minich,1
armistead,1
vicars,1
eunice,1
merkey,1
yuricic,1
cackowski,1
hurtubise,1
hyre,1
blaisdell,1
pettingill,1
gatchel,1
catone,1
fuehrer,1
guedry,1
bouwman,1
kowalczyk,1
collozo,1
hammerstone,1
jerdon,1
stretch,1
updike,1
vicari,1
greenleaf,1
dechico,1
dechick,1
moisant,1
redmond,1
siburt,1
cortinez,1
wolgast,1
lehigh,1
chabotte,1
buenrostro,1
trindle,1
deiter,1
ernest,1
klamert,1
burtell,1
lotta,1
hyun,1
ronchetti,1
prinzi,1
merkel,1
aldinger,1
dobkin,1
misty,1
czapor,1
merker,1
zorzi,1
mcmackin,1
collella,1
bogema,1
larmon,1
crawshaw,1
shamonsky,1
nakatsu,1
ronchetto,1
boespflug,1
hopfer,1
davidek,1
velzeboer,1
wagers,1
gelston,1
abramian,1
loxton,1
cronon,1
pegues,1
chheng,1
gurwell,1
fawver,1
sletten,1
declouette,1
lovas,1
monk,1
diehl,1
diehm,1
mone,1
lovan,1
mong,1
coverton,1
werger,1
mona,1
phaup,1
madura,1
mitch,1
hohnstein,1
cleland,1
woltman,1
droneburg,1
curly,1
ellinghuysen,1
stamdifer,1
dobles,1
saults,1
dobler,1
curls,1
simitian,1
pulaski,1
mcgready,1
giraldo,1
shealy,1
sheck,1
gorius,1
curll,1
cronce,1
liljedahl,1
mook,1
christain,1
nelton,1
moog,1
schlehuber,1
mellgren,1
mooe,1
mood,1
sturms,1
wayts,1
nemec,1
monz,1
pablo,1
lurye,1
pomares,1
crathers,1
mont,1
nicholas,1
shedd,1
mital,1
thundercloud,1
sheaks,1
mons,1
ivanov,1
monn,1
dagostino,1
lufsey,1
khammixay,1
maduro,1
mole,1
peppers,1
lauth,1
schadle,1
gaither,1
sevaaetasi,1
mola,1
cronan,1
guster,1
mcgoogan,1
mehtala,1
sheen,1
carrion,1
mayshack,1
ostenberg,1
nemer,1
sheer,1
nemes,1
zhanel,1
fromong,1
nemet,1
curle,1
dilbert,1
pfander,1
nienhaus,1
phillips,1
nitchals,1
minucci,1
arwood,1
mccarter,1
molz,1
wageman,1
hafenstein,1
moma,1
phillipi,1
frederic,1
whitecloud,1
schloemann,1
langwell,1
molt,1
engelsman,1
decambra,1
sheff,1
lautz,1
lautt,1
souers,1
moll,1
haugrud,1
carrino,1
feuerberg,1
bruscino,1
timone,1
schradle,1
curie,1
metevia,1
nogales,1
diede,1
curia,1
timons,1
fiedtkou,1
lauze,1
mehtani,1
gerwin,1
schadel,1
smaniotto,1
redlon,1
wergin,1
phare,1
schader,1
schmieder,1
hancock,1
creehan,1
latiolais,1
gerwig,1
ziniewicz,1
moir,1
steidl,1
pharo,1
snorton,1
steier,1
lurtz,1
croney,1
alrod,1
poydras,1
pharr,1
mingus,1
uecker,1
curio,1
bundley,1
nicholes,1
wittlinger,1
penhollow,1
curit,1
brimmer,1
gadbury,1
topick,1
paneto,1
larmer,1
gianunzio,1
banowetz,1
mohd,1
gasiorowski,1
neman,1
saabatmand,1
mogg,1
buxton,1
browers,1
curenton,1
printy,1
printz,1
grgurevic,1
croner,1
nicely,1
sheil,1
shein,1
sheaff,1
dewolf,1
diego,1
saechao,1
federgreen,1
mccartan,1
madalinski,1
merlan,1
cocke,1
cocks,1
zoellick,1
bazzano,1
pabey,1
delavega,1
lobdell,1
vredenburgh,1
boggio,1
juback,1
navarez,1
goring,1
mohl,1
calise,1
mohn,1
lairsey,1
keesling,1
lurry,1
finnefrock,1
mohs,1
ponting,1
mohr,1
vyas,1
calico,1
conigliaro,1
sheats,1
legaspi,1
kojima,1
mova,1
bellazer,1
daquip,1
dubbin,1
lusco,1
londner,1
mouw,1
hadsall,1
disandro,1
fedler,1
paben,1
bockelman,1
lusby,1
ohlenbusch,1
cochenour,1
asnicar,1
kilichowski,1
vactor,1
sturtz,1
curdy,1
luevano,1
vidovich,1
butala,1
heagney,1
waddell,1
reinsmith,1
menjiva,1
rasnic,1
curet,1
mcloud,1
blahnik,1
eccleston,1
cevera,1
phillies,1
luevand,1
girand,1
ruble,1
ethier,1
phann,1
caperton,1
powderly,1
espenscheid,1
curey,1
phang,1
nicotera,1
mosz,1
curbo,1
mota,1
shears,1
moss,1
lanius,1
most,1
mcdearmon,1
estler,1
motl,1
viernes,1
sheard,1
buchalter,1
larman,1
mote,1
shearn,1
califf,1
gartner,1
plasencia,1
curby,1
regino,1
motz,1
lovig,1
navarra,1
navarre,1
moua,1
wingerd,1
wayns,1
knockaert,1
lovin,1
widener,1
mott,1
novacek,1
preister,1
curci,1
buscher,1
moul,1
navarro,1
moun,1
wayne,1
zosel,1
wingert,1
bobola,1
regine,1
afshar,1
ridgill,1
lovie,1
regina,1
alred,1
mingle,1
phair,1
fosnough,1
nicholls,1
wiacek,1
atterbury,1
anderberg,1
kakacek,1
hildahl,1
stuttgen,1
devault,1
pontiff,1
more,1
nasuti,1
oballe,1
mora,1
morn,1
formisano,1
dishian,1
moro,1
lovet,1
mork,1
lover,1
mori,1
dragone,1
mort,1
rudesill,1
rubow,1
guedea,1
valerino,1
zagroba,1
morr,1
chalaban,1
fjetland,1
mory,1
mose,1
kirchhoff,1
mugrage,1
guedes,1
basaldua,1
maragno,1
mccartha,1
hauptmann,1
dweck,1
shedden,1
girard,1
wingett,1
waskiewicz,1
steine,1
althiser,1
gustin,1
schrader,1
moon,1
lavan,1
raffone,1
moos,1
cocco,1
moor,1
flaugher,1
shean,1
pucella,1
shead,1
maragni,1
mccartin,1
shryer,1
strassberg,1
zierden,1
gustis,1
alliston,1
steins,1
rashada,1
linehan,1
lairson,1
denjen,1
kollasch,1
panell,1
staniszewski,1
mccarthy,1
marseille,1
calija,1
berthelette,1
giraud,1
quattlebaum,1
turcios,1
treine,1
elsaesser,1
panela,1
loven,1
bramante,1
lovec,1
dejoode,1
unzueta,1
boggan,1
siurek,1
carrizo,1
hetling,1
loveh,1
cocca,1
bookbinder,1
crutchley,1
hildago,1
oliviera,1
violet,1
potempa,1
shear,1
redlin,1
marshell,1
shultis,1
digmann,1
hanville,1
olivieri,1
mitro,1
billings,1
sheth,1
redmer,1
eschbaugh,1
rexrode,1
svare,1
nagel,1
shetz,1
desselle,1
mitra,1
wendroth,1
cavanah,1
pergram,1
beshaw,1
mitri,1
denina,1
markakis,1
cechini,1
fratto,1
codde,1
sinegal,1
mcgrath,1
loupe,1
iveson,1
pariente,1
lockrem,1
dickason,1
frothingham,1
fratta,1
hismith,1
minhas,1
desomma,1
gaekle,1
sauler,1
mitts,1
fratus,1
regier,1
canzoneri,1
mittelman,1
naramore,1
frenz,1
nealious,1
leforge,1
thomsen,1
gayanilo,1
kozisek,1
mcroy,1
tumpkin,1
wheler,1
ridner,1
wyborny,1
selkirk,1
odriscoll,1
chretien,1
miskinis,1
gambell,1
gustus,1
lavey,1
coday,1
nager,1
hirschfeld,1
frend,1
vanhecke,1
loung,1
secondo,1
lavee,1
bivona,1
robben,1
kasula,1
gutherie,1
shufford,1
laven,1
freno,1
valerius,1
dilbeck,1
frens,1
laver,1
kornblatt,1
pippitt,1
alsandor,1
kracker,1
redman,1
mckechnie,1
blackson,1
bitah,1
merlos,1
bitar,1
serrett,1
molette,1
mcgrann,1
nagai,1
pfieffer,1
freme,1
mcgrant,1
laurin,1
fitchett,1
crutcher,1
mcgraph,1
mandino,1
demarse,1
biewald,1
crutchev,1
nafziger,1
kimbal,1
dietz,1
senate,1
korvin,1
bohlmann,1
manteuffel,1
szuba,1
laurie,1
wormwood,1
lauria,1
carhart,1
zgoda,1
louka,1
leclair,1
warburton,1
kenoyer,1
perreault,1
tallarico,1
szuch,1
roscioli,1
shampine,1
grawburg,1
brantner,1
louks,1
prince,1
glowinski,1
laurey,1
denike,1
rucks,1
yagle,1
rylands,1
bilello,1
sulieman,1
rucky,1
whelan,1
gutzler,1
senato,1
groeneveld,1
nagao,1
ackerley,1
mcgrane,1
gotthard,1
cholewinski,1
rexroat,1
zecchini,1
doeberling,1
rucki,1
aragan,1
guecho,1
aragao,1
mulroy,1
lavis,1
karalis,1
tiehen,1
mettler,1
casavez,1
mckenize,1
rexroad,1
lavin,1
winberry,1
bisso,1
kulling,1
shell,1
woodmancy,1
trenholm,1
maltese,1
shelp,1
morthland,1
kimber,1
tarufelli,1
shely,1
bendetti,1
rowden,1
orpin,1
moga,1
mettlen,1
moulinos,1
zigmond,1
zappavigna,1
sumerix,1
moen,1
espitia,1
moel,1
lavon,1
colapinto,1
lamotte,1
zevenbergen,1
kussmaul,1
sturdy,1
eldridge,1
speiser,1
gamberg,1
lavoy,1
musselwhite,1
cromie,1
nagle,1
brimley,1
orsburn,1
kimbel,1
laurel,1
lauren,1
ghazvini,1
moes,1
kachelmeyer,1
mcdearman,1
steich,1
papagni,1
laforrest,1
nickles,1
modi,1
parham,1
parhan,1
moberg,1
dietl,1
mode,1
shene,1
semmens,1
atwell,1
hennesy,1
shenk,1
mandigo,1
mody,1
engessor,1
sheng,1
sturch,1
hickert,1
henness,1
nucci,1
cromey,1
mcgrain,1
mckenrick,1
oehlert,1
diesi,1
mock,1
mcgrail,1
wermers,1
pabst,1
moch,1
pichler,1
brodine,1
korkmas,1
stanley,1
diers,1
praino,1
veilleux,1
swelgart,1
rasmus,1
gorczyca,1
maharrey,1
dieng,1
talamas,1
mcmullins,1
shepp,1
claybron,1
obrecht,1
mcgraff,1
deisch,1
rentfro,1
ruiloba,1
arjune,1
guadalupe,1
freud,1
orpen,1
bambino,1
rappenecker,1
lubman,1
colantuono,1
jacobsen,1
fretz,1
hinebaugh,1
frett,1
moad,1
merles,1
ciminera,1
moag,1
moan,1
deniro,1
armillei,1
flenaugh,1
bartlebaugh,1
moak,1
trinka,1
heinlen,1
kasuba,1
eisiminger,1
pandya,1
moat,1
bulick,1
bordeau,1
louth,1
rucci,1
nicklaw,1
jinright,1
blackington,1
nicklas,1
sherr,1
shers,1
leclare,1
mcgrade,1
frese,1
shern,1
mandich,1
sherk,1
robbie,1
trinkl,1
fresh,1
theeman,1
pontius,1
masaki,1
mcgrady,1
trinks,1
merlin,1
denise,1
shere,1
goldenman,1
ephriam,1
loury,1
neihart,1
retzer,1
rumberger,1
pabon,1
robbin,1
beliles,1
crolley,1
ybanez,1
louro,1
ashauer,1
aggas,1
frere,1
hackle,1
selking,1
shinoda,1
loura,1
calizo,1
redick,1
demario,1
ravo,1
hokama,1
ardinger,1
demaris,1
luoto,1
gadomski,1
marrello,1
ignasiak,1
yentsch,1
jarchow,1
rasole,1
formato,1
appia,1
duvernois,1
bougie,1
ravi,1
rawe,1
contes,1
mcelhaney,1
boughn,1
hosendove,1
szysh,1
kisling,1
varnado,1
haswell,1
lederhos,1
mackintosh,1
borders,1
contee,1
raus,1
conteh,1
raup,1
dillman,1
raul,1
trinkley,1
raum,1
tongate,1
ouillette,1
rauh,1
rauf,1
ogrady,1
rave,1
billiott,1
codey,1
demaria,1
rava,1
slocomb,1
coder,1
wilham,1
litchfield,1
twiford,1
lalinde,1
robayo,1
bujarski,1
rysanek,1
halpin,1
raye,1
knape,1
allocca,1
streitenberge,1
desorcy,1
righetti,1
mustafaa,1
patneaude,1
trites,1
knapp,1
raya,1
zeldin,1
mcgriff,1
allocco,1
rasool,1
cannaday,1
hazard,1
newstrom,1
jauhar,1
rawi,1
hibben,1
antonetty,1
steffy,1
rawl,1
defenbaugh,1
shomin,1
daddario,1
jenkins,1
appel,1
bouges,1
kniess,1
antonetti,1
desorbo,1
tastet,1
leinweber,1
razo,1
mashek,1
claussen,1
fajen,1
heuschkel,1
allyn,1
stukes,1
pippins,1
stankus,1
tritch,1
salmela,1
kicker,1
rauschenbach,1
placzek,1
rivenburg,1
kickel,1
kowitz,1
vanbruggen,1
acedo,1
oropesa,1
walford,1
guarisco,1
zorich,1
masher,1
mceachin,1
tabon,1
rayo,1
smallmon,1
christopherse,1
rayl,1
kunzler,1
ulich,1
euell,1
barginear,1
tabor,1
housholder,1
korsen,1
azore,1
raza,1
naone,1
podewils,1
brasier,1
knake,1
christopherso,1
stukel,1
matthews,1
bilcik,1
mariska,1
pyper,1
kasimis,1
burbidge,1
rymes,1
richerds,1
rymer,1
acebo,1
hoaglin,1
oflahrity,1
shelhamer,1
minogue,1
fairless,1
jenaye,1
knall,1
naomi,1
vollette,1
bozman,1
abrahamsen,1
anitok,1
gooslin,1
loaiza,1
kwong,1
edgerson,1
gutirrez,1
havlicek,1
carlough,1
hamsher,1
prechtel,1
knutson,1
layer,1
rincones,1
stefka,1
orlowsky,1
gehring,1
wegrzyn,1
susman,1
layel,1
nelsen,1
haberern,1
freberg,1
ditsch,1
heebsh,1
vaneffen,1
lueckenbach,1
corneau,1
orlowski,1
watah,1
metting,1
roehrman,1
stefan,1
demaray,1
mashak,1
colasurdo,1
robinsons,1
knaff,1
mashaw,1
luoma,1
edland,1
rann,1
rank,1
newtown,1
rang,1
sprowls,1
reddish,1
rane,1
hrna,1
adamcik,1
rand,1
rana,1
dehlinger,1
tefft,1
gaustad,1
almen,1
ramy,1
oleary,1
rams,1
luong,1
ramu,1
ramo,1
newens,1
striplin,1
ramp,1
ramm,1
pakele,1
osmundson,1
trayler,1
burckhard,1
chivalette,1
desormo,1
mckoy,1
rama,1
willcox,1
lorange,1
milne,1
urioste,1
vanwagoner,1
muhlenkamp,1
picarello,1
holmberg,1
cozzone,1
yamin,1
bransford,1
pylvainen,1
richiusa,1
riding,1
rapp,1
kurian,1
gartenhaus,1
rapa,1
shoman,1
hoschouer,1
demarco,1
jabbour,1
kranzler,1
neyland,1
rape,1
jennette,1
vanhoose,1
dickerman,1
water,1
kutella,1
redditt,1
duesterback,1
faith,1
newell,1
giglio,1
ferrell,1
demarce,1
milon,1
robare,1
lefleur,1
wates,1
mcquiggan,1
gonsoulin,1
suderman,1
falterman,1
milot,1
milos,1
zematis,1
pawley,1
picketts,1
chronister,1
pickette,1
rautenberg,1
scamardo,1
stiffler,1
spreen,1
rary,1
knabb,1
fawson,1
purcella,1
goerdel,1
thanasouk,1
kraushaar,1
kloiber,1
unterkofler,1
lanois,1
maggard,1
faucette,1
desforges,1
castlen,1
knaak,1
steffa,1
castles,1
nelson,1
didio,1
cornejo,1
giacalone,1
miltz,1
trennell,1
theisen,1
cornell,1
milum,1
gowell,1
otteson,1
demaree,1
hoganson,1
degagne,1
gamblin,1
schlichter,1
alman,1
holness,1
ferrero,1
almas,1
apple,1
redding,1
tritle,1
mogren,1
ouellet,1
dermott,1
eichstedt,1
rainbow,1
maggart,1
knabe,1
lanoie,1
isabel,1
stellato,1
ratz,1
padiong,1
cardonia,1
guiden,1
muzzy,1
canwell,1
reavley,1
denbow,1
guider,1
lorance,1
raub,1
reding,1
rath,1
shomer,1
ferreri,1
naegeli,1
frances,1
smithhisler,1
knack,1
naegele,1
nugal,1
francey,1
ferrera,1
rast,1
gillikin,1
grotberg,1
heintzman,1
blincoe,1
furgerson,1
gowens,1
vantreese,1
rase,1
papineau,1
rash,1
pawlak,1
rask,1
thidphy,1
gigler,1
corneil,1
palamino,1
rinderer,1
raso,1
dirocco,1
atienza,1
rasp,1
ocarroll,1
wankum,1
gompert,1
bavier,1
neblett,1
mallonee,1
knutsen,1
sneathen,1
wenderoth,1
paranada,1
redish,1
lehoux,1
teems,1
mith,1
faine,1
werber,1
mentkowski,1
hemmen,1
mita,1
naegle,1
pandiani,1
ulshafer,1
hellmuth,1
hemmes,1
hemmer,1
napieralski,1
ferniza,1
scheidegger,1
naranjo,1
mckew,1
binks,1
gleichweit,1
branton,1
coaxum,1
luccous,1
personette,1
merica,1
teele,1
dotter,1
pankratz,1
hetland,1
horbert,1
dragula,1
launius,1
mckey,1
waitkus,1
mckie,1
panaro,1
nerpio,1
runfola,1
fails,1
ostling,1
mynear,1
mckim,1
mckin,1
mimis,1
crenwelge,1
nishi,1
gertelman,1
ferrett,1
stgerard,1
saleado,1
robair,1
villante,1
yambo,1
gowers,1
ruhle,1
buffalo,1
watne,1
pechin,1
miernicki,1
finnemore,1
stohrer,1
cujas,1
sandquist,1
nampel,1
tacey,1
yamat,1
hsia,1
jolliffe,1
lovaglio,1
fairy,1
kopperud,1
arechiga,1
bruderer,1
petruzzi,1
commendatore,1
pecher,1
wuerz,1
nickols,1
watte,1
fredette,1
colliver,1
rinderle,1
faire,1
ulbricht,1
fulvio,1
santoscoy,1
watts,1
ohagan,1
ottesen,1
laatsch,1
mcandrews,1
orman,1
ziminski,1
faist,1
miya,1
cestari,1
hemlepp,1
wuest,1
montesinos,1
dottin,1
knazs,1
hoagland,1
tasson,1
erpelding,1
tenenbaum,1
aceto,1
feduniewicz,1
chadez,1
stankey,1
mimms,1
ackerman,1
layva,1
scire,1
mize,1
howdyshell,1
leveque,1
merida,1
lanosa,1
decraene,1
clearman,1
schafer,1
oldakowski,1
chadek,1
watrs,1
medovich,1
albrekht,1
brantly,1
regner,1
riculfy,1
haberstroh,1
scism,1
kortemeier,1
franchini,1
mihalchik,1
spielman,1
eckrich,1
delross,1
sprehe,1
nisly,1
clarity,1
auyer,1
bozwell,1
watry,1
acero,1
streight,1
muzii,1
minger,1
mimbs,1
mccollester,1
minges,1
pechar,1
fockler,1
lanoue,1
hibble,1
steeno,1
muzio,1
pechal,1
miko,1
korsak,1
mill,1
hittle,1
milo,1
staffon,1
branter,1
dottle,1
mile,1
sarkodie,1
mila,1
destime,1
mercante,1
kuritz,1
seikaly,1
winterfeldt,1
gouthier,1
consla,1
milz,1
sugabo,1
hornsby,1
bernhardt,1
lockette,1
swanick,1
teets,1
kurisu,1
ormes,1
destina,1
hoelter,1
destine,1
guidos,1
teetz,1
steely,1
amborn,1
bintz,1
mina,1
leiferman,1
gasior,1
kurzinski,1
mims,1
nanni,1
layson,1
mink,1
nanna,1
lescavage,1
mino,1
minn,1
dalziel,1
fischbein,1
labounta,1
ming,1
rainville,1
mini,1
simison,1
dennison,1
lartey,1
wamsley,1
biddlecome,1
seiffert,1
clampitt,1
bisagna,1
pickerell,1
mins,1
panepinto,1
blackner,1
labounty,1
bourland,1
majocka,1
ryman,1
carnahan,1
mingee,1
legassie,1
kohlmyer,1
nanny,1
fordyce,1
roethler,1
gerych,1
shinney,1
mewbourn,1
mering,1
rivkin,1
milburn,1
binns,1
shomaker,1
guidry,1
roback,1
tibbert,1
merine,1
mosebach,1
waterer,1
didyk,1
kreutzbender,1
steese,1
brunback,1
stetzenbach,1
ghamdi,1
mutherspaw,1
fenton,1
merino,1
mashni,1
artibee,1
kozyra,1
ormand,1
mckay,1
teepe,1
spreng,1
knarr,1
niebuhr,1
cavanagh,1
hulsizer,1
phelp,1
francher,1
feduccia,1
nantz,1
chapell,1
urlaub,1
poalino,1
gholston,1
koberg,1
luchetti,1
auyon,1
milbury,1
nyulassy,1
umbright,1
almon,1
knaus,1
breeland,1
lupez,1
almos,1
mira,1
luper,1
merila,1
mire,1
layng,1
klepacki,1
knauf,1
layne,1
stackpole,1
mimes,1
mcken,1
tacke,1
knaub,1
miro,1
addicks,1
mirr,1
lozzi,1
mckee,1
helgager,1
wojnicki,1
sholty,1
knatt,1
rabenstein,1
dermody,1
grimwood,1
pitcairn,1
highfill,1
settlemires,1
wankel,1
keesler,1
hemmie,1
steere,1
hemmig,1
wanker,1
mish,1
shoulder,1
vesperas,1
halper,1
gurrola,1
fehrle,1
miss,1
miga,1
khoury,1
searcy,1
nanthanong,1
mcfarling,1
bobian,1
halberstam,1
swanger,1
search,1
flanner,1
blacker,1
mcquiston,1
tegan,1
searby,1
graffeo,1
madore,1
parent,1
smitherman,1
nanes,1
schlottman,1
yantz,1
arruda,1
ingraffea,1
girardi,1
taglauer,1
tieken,1
chacon,1
nanez,1
zarebski,1
rhule,1
salisberry,1
yearous,1
yearout,1
macmaster,1
mier,1
frishman,1
midy,1
sanger,1
tramonte,1
sanges,1
sholes,1
tramonti,1
searer,1
pirozhkov,1
demotta,1
gilhousen,1
rebuldela,1
norviel,1
luchesi,1
nickol,1
dlabaj,1
nania,1
nanik,1
purwin,1
hinerman,1
zahradka,1
wittenmyer,1
pratillo,1
bagdasarian,1
diekrager,1
flessner,1
zazueta,1
pancho,1
laigle,1
rhump,1
laxen,1
buszak,1
mick,1
rosenstock,1
scavuzzo,1
stulce,1
miltenberger,1
prevatt,1
amentler,1
okins,1
borruso,1
mike,1
pribbenow,1
maskell,1
mika,1
bindrup,1
finocan,1
pareja,1
agins,1
huesing,1
kapraun,1
stieger,1
blackmon,1
juniel,1
baseley,1
nanka,1
okino,1
lizarrago,1
nanke,1
baseler,1
gabehart,1
antwine,1
zuniega,1
chrusciel,1
dellinger,1
sandovar,1
maizes,1
larson,1
tingstrom,1
ditter,1
conser,1
applebee,1
kilbourne,1
sandoval,1
lizarraga,1
rathmann,1
pinkowski,1
quintal,1
carvana,1
morrical,1
clarkin,1
arnaud,1
meritt,1
ofsak,1
quintas,1
brigmond,1
cheffer,1
holbrook,1
ryles,1
geitner,1
malstrom,1
nickle,1
weglarz,1
velega,1
ryley,1
parekh,1
junick,1
dobesh,1
wemmer,1
lansberg,1
rylee,1
mihm,1
fausnaught,1
heuser,1
dobert,1
rookard,1
mayville,1
heusel,1
kortge,1
rusinski,1
migl,1
rushenberg,1
sangha,1
khouri,1
purkett,1
curi,1
plenskofski,1
curo,1
rutkowski,1
curl,1
curb,1
cura,1
mozingo,1
modglin,1
cure,1
seargent,1
curd,1
binet,1
curz,1
mercando,1
yanke,1
bines,1
yanko,1
scherschligt,1
curt,1
slavens,1
hillered,1
quinter,1
linenberger,1
fantauzzi,1
pruitt,1
erchul,1
allam,1
fantauzzo,1
allan,1
wasco,1
allah,1
looney,1
quintel,1
adelmund,1
siebenthal,1
hitsman,1
rainforth,1
dichiaro,1
vangalder,1
nedina,1
praley,1
westerheide,1
gianola,1
lamorgese,1
dichiara,1
hultman,1
woodring,1
lupoe,1
cuti,1
mcloy,1
wesolick,1
kortum,1
swilling,1
kesterson,1
schettig,1
yoshikawa,1
labombar,1
cutt,1
sinotte,1
yanik,1
hostetler,1
nitti,1
heaviland,1
wasem,1
nitta,1
cush,1
geryol,1
waser,1
hopkin,1
minerd,1
minery,1
vientos,1
madole,1
gilreath,1
minero,1
skufca,1
melgaard,1
minert,1
miners,1
isaacs,1
turomsha,1
dicey,1
zurmiller,1
hsun,1
nance,1
backues,1
isaack,1
cibula,1
kaminetzky,1
diluzio,1
totino,1
schmoll,1
lupul,1
yanos,1
bobier,1
tassey,1
seeger,1
goswick,1
toting,1
tacata,1
steger,1
josselyn,1
binam,1
mcgregor,1
issler,1
cavalli,1
mias,1
romanson,1
chacko,1
fetterly,1
cavallo,1
quintin,1
miao,1
miah,1
thompon,1
duppstadt,1
stritzke,1
lehnen,1
arnall,1
nanas,1
blackie,1
lehner,1
schoessow,1
goranson,1
washurn,1
cuva,1
graffam,1
spofford,1
kunich,1
ausiello,1
mealing,1
klavuhn,1
auzat,1
inostraza,1
waska,1
wilburn,1
preheim,1
bilder,1
botcher,1
gledhill,1
bilden,1
romansky,1
emling,1
mehring,1
rorrer,1
sholar,1
isaksen,1
calcao,1
nanda,1
reiterman,1
tassin,1
nancy,1
colleran,1
bulcao,1
commander,1
dicello,1
michelman,1
wasik,1
dragotta,1
busskohl,1
pralle,1
yanni,1
nicewander,1
tassie,1
grimaldo,1
conrow,1
huntress,1
minks,1
conroy,1
bordges,1
wasko,1
yanda,1
alsbury,1
augspurger,1
sjolander,1
sinyard,1
venneman,1
servin,1
schnuerer,1
rago,1
knigge,1
eliott,1
allin,1
jojola,1
crogan,1
allio,1
dyment,1
allis,1
yokota,1
tieszen,1
shetter,1
ghantt,1
romanski,1
conrod,1
depierro,1
franchi,1
depierre,1
francis,1
marello,1
javellana,1
woodrich,1
seegar,1
rahe,1
yance,1
rahn,1
traylor,1
talkington,1
rahm,1
namur,1
nitka,1
francia,1
rahl,1
ganske,1
branson,1
yancy,1
bransom,1
ganska,1
minix,1
rahr,1
macquarrie,1
roanhorse,1
taniguchi,1
quinton,1
rady,1
neverman,1
mclin,1
millstead,1
gillilan,1
dawkins,1
madock,1
gambles,1
raef,1
gambler,1
verlato,1
rael,1
dicke,1
kleinsmith,1
zittel,1
raes,1
muchmore,1
holberton,1
steffey,1
cantrell,1
cianchetti,1
perrucci,1
lopiccolo,1
dicks,1
lauffer,1
huckleberry,1
schmoak,1
cull,1
factor,1
yanai,1
steffes,1
culp,1
deschene,1
huskinson,1
majuste,1
raff,1
steffen,1
matthees,1
servis,1
yanan,1
polikoff,1
rafi,1
cukaj,1
tabar,1
steffel,1
francke,1
croghan,1
lagerstrom,1
steffee,1
gouldie,1
grimaldi,1
catlin,1
serven,1
minon,1
tabak,1
rudiger,1
whitcraft,1
minor,1
rake,1
tabag,1
minot,1
hassard,1
brubaker,1
wason,1
ganser,1
gansen,1
allex,1
alley,1
allen,1
soloway,1
sundborg,1
killion,1
alles,1
aller,1
willens,1
gignac,1
allee,1
creenan,1
dittus,1
walkers,1
diluca,1
rall,1
molenda,1
minns,1
vallelonga,1
almodovar,1
osdoba,1
cuny,1
bizzle,1
killins,1
carpente,1
orner,1
branski,1
dipirro,1
bobino,1
cuna,1
siddons,1
ehrgott,1
branske,1
iglesia,1
cung,1
raid,1
xander,1
raif,1
puskarich,1
shrefler,1
raia,1
ewoldt,1
fensel,1
knight,1
tritto,1
malabey,1
jaquish,1
hurlbert,1
rais,1
finnigan,1
serratos,1
rail,1
matheson,1
isakson,1
dubiel,1
rain,1
mottershead,1
zavala,1
raio,1
hysquierdo,1
guetierrez,1
blackman,1
allie,1
rothschild,1
cupp,1
blackmar,1
biesheuvel,1
steffan,1
manzanilla,1
yanek,1
raja,1
boblitt,1
willems,1
raju,1
yaney,1
servey,1
francom,1
jaquith,1
yanez,1
cupe,1
rajk,1
server,1
yanes,1
goulden,1
mattheis,1
monclova,1
perkins,1
altenhofen,1
bleazard,1
sweeden,1
welliver,1
killick,1
villamil,1
pagani,1
hagarty,1
boldwyn,1
minch,1
pagano,1
mince,1
bondurant,1
mclay,1
fingerman,1
cinelli,1
minar,1
devotie,1
catlow,1
minas,1
cerruti,1
sidwell,1
satchwell,1
podsiad,1
hilfiker,1
searle,1
ichikawa,1
cerruto,1
navappo,1
ruivo,1
skeesick,1
cuba,1
layton,1
ontiveros,1
tokarski,1
estrem,1
searls,1
cubr,1
ontiveroz,1
norway,1
miner,1
weyer,1
mineo,1
bodamer,1
reddicks,1
coldwell,1
millstein,1
killian,1
gottlieb,1
cuch,1
reddick,1
ritcheson,1
sencabaugh,1
servan,1
erving,1
bakewell,1
mincy,1
cuda,1
fairfax,1
rhudy,1
levitre,1
gerloff,1
ervine,1
muckelroy,1
mcginnes,1
perking,1
gjertsen,1
cudd,1
cude,1
winningham,1
ceppetelli,1
blackmer,1
brierley,1
allum,1
rhude,1
abrahamson,1
llewellyn,1
fahey,1
niten,1
raco,1
rach,1
frankford,1
rack,1
dupaty,1
seedorff,1
pamperin,1
race,1
dicus,1
pokrzywa,1
eclarinal,1
brancazio,1
colaizzo,1
geraghty,1
perkiss,1
mobley,1
minge,1
lanthier,1
grinage,1
tabin,1
cultice,1
colaizzi,1
mingo,1
shihadeh,1
raby,1
mings,1
cuen,1
wichrowski,1
cuez,1
mines,1
reinking,1
rado,1
hochstetler,1
rade,1
fenske,1
verissimo,1
shimanuki,1
hathorne,1
sedlock,1
rada,1
heinzman,1
jaquins,1
cuff,1
sparkman,1
racz,1
kowing,1
levitsky,1
koolman,1
frenner,1
hammerstrom,1
brozowski,1
nwachukwu,1
raap,1
sifontes,1
corippo,1
raab,1
allor,1
pritts,1
estrin,1
raad,1
minic,1
allon,1
gerlock,1
oropeza,1
ditton,1
cofer,1
mclee,1
larsen,1
ruise,1
officer,1
ruisi,1
boatner,1
westhoff,1
kritter,1
rabe,1
taber,1
finklestein,1
tabet,1
fahie,1
dupass,1
taomoto,1
rabb,1
miquel,1
nicley,1
caraballo,1
mcginnis,1
gornto,1
brookshear,1
ramseyer,1
ruess,1
ruest,1
snaples,1
bogard,1
raupach,1
eilerman,1
minden,1
sprouls,1
minder,1
belschner,1
lagarde,1
broomell,1
weatherholtz,1
dufresne,1
molinere,1
yakow,1
sproule,1
francione,1
rosenberry,1
zeuner,1
shenkman,1
schau,1
carroca,1
schap,1
shanholtzer,1
schan,1
chabot,1
ritcher,1
starnauld,1
pujols,1
schak,1
lagares,1
sproull,1
mcnab,1
ritchey,1
stvictor,1
trentz,1
loynd,1
keough,1
brizuela,1
massaquoi,1
trento,1
bogart,1
spearin,1
locante,1
goldthwait,1
vannorsdell,1
santolucito,1
toland,1
manatt,1
arjona,1
sternisha,1
vonner,1
schab,1
leviton,1
schad,1
sankovich,1
schaf,1
stanish,1
olevera,1
mckenley,1
elizabeth,1
ybarbo,1
mcnay,1
indermuehle,1
kernagis,1
kunert,1
waver,1
breslawski,1
nivar,1
gantewood,1
backhuus,1
renaker,1
locklar,1
difelice,1
intihar,1
kunesh,1
declercq,1
millage,1
esoimeme,1
vannice,1
weemhoff,1
moradel,1
orkin,1
topete,1
launey,1
pallesen,1
ritchie,1
lumpp,1
waithe,1
levitin,1
buitrago,1
saurel,1
zoellner,1
saurey,1
priestley,1
stumer,1
saurer,1
jaskolka,1
sauret,1
hennigh,1
slagter,1
rivira,1
scher,1
chalmers,1
pardoe,1
saurez,1
laspina,1
schey,1
lesmerises,1
scheu,1
kasper,1
ponzio,1
namey,1
lehman,1
fehribach,1
namer,1
aloan,1
orendorff,1
gannaway,1
halwood,1
alevedo,1
snaders,1
ryken,1
speares,1
hennies,1
vrias,1
besler,1
bochicchio,1
collison,1
minzy,1
sprouse,1
ryker,1
besley,1
pynes,1
schee,1
sveen,1
reville,1
fratrick,1
schei,1
vongxay,1
revilla,1
ruetz,1
brzostek,1
april,1
standiford,1
villamar,1
brodnex,1
willars,1
gaufusi,1
veneable,1
culbertson,1
suskay,1
villaman,1
corrington,1
stavrou,1
mcdale,1
stavros,1
willard,1
pettinato,1
willame,1
scoggin,1
wiebold,1
cimmino,1
cumba,1
raybould,1
fontanetta,1
demeglio,1
oliver,1
mcfeeley,1
willams,1
spearow,1
levites,1
oliven,1
serret,1
serres,1
lalande,1
conver,1
yelder,1
bassano,1
posthuma,1
mussell,1
baczewski,1
newcom,1
olives,1
marchesseault,1
ramales,1
swartzbeck,1
naman,1
ambriz,1
sniezek,1
pagliaro,1
bassani,1
farrens,1
pagliari,1
greenland,1
loyer,1
lehmer,1
thilking,1
bendler,1
demoura,1
kurowski,1
aragones,1
pollmann,1
killius,1
fedora,1
pardon,1
mcdaid,1
demuizon,1
schie,1
brodnax,1
manlove,1
manalo,1
dyreson,1
bartylla,1
popadiuk,1
cyrulik,1
blakeman,1
waites,1
stumbo,1
htwe,1
malette,1
gladhart,1
fague,1
plosker,1
willand,1
cumby,1
farrell,1
locklin,1
hurford,1
fialho,1
maletta,1
albarran,1
ritchko,1
caldas,1
tippetts,1
hirschfield,1
miyanaga,1
cumbo,1
dechert,1
schon,1
squarciafico,1
schol,1
minty,1
drewski,1
schou,1
mintz,1
ledsinger,1
glazebrook,1
bahoora,1
schor,1
dryman,1
schop,1
szalankiewicz,1
schoo,1
tirrell,1
levitas,1
seabreeze,1
olivas,1
olivar,1
dacosta,1
bolinder,1
lanman,1
gumina,1
cachola,1
depaolo,1
minto,1
manary,1
saintamand,1
levitan,1
attridge,1
loyal,1
olliver,1
westler,1
minus,1
famiano,1
larrow,1
ferdolage,1
villalva,1
henning,1
sandoual,1
czubakowski,1
gershkovich,1
ambres,1
buscemi,1
villaluz,1
berkovitz,1
westley,1
zurawski,1
askins,1
hutmacher,1
dunigan,1
yakel,1
fulton,1
goynes,1
levitch,1
aloia,1
philavong,1
steczo,1
padeken,1
lucarell,1
lukaszewicz,1
loyed,1
westlie,1
insognia,1
sciuto,1
beachum,1
yaker,1
marquette,1
rabadan,1
hirschberg,1
chabez,1
bulfer,1
sinagra,1
tienda,1
depaoli,1
bassali,1
schaffhauser,1
dearring,1
lickey,1
malbrough,1
manard,1
serrin,1
depaola,1
lockley,1
mcdade,1
jewkes,1
anerton,1
pardun,1
richison,1
nuesca,1
calder,1
neris,1
schrawder,1
klingelhoefer,1
waldenmyer,1
pardue,1
nerio,1
teddy,1
houlberg,1
manago,1
taghon,1
twaddle,1
nesin,1
hunn,1
hund,1
wootten,1
hung,1
kremers,1
roblodowski,1
pettitt,1
hnatow,1
medlock,1
matherly,1
beacham,1
menietto,1
hunt,1
whitmer,1
gustave,1
guirgis,1
culhane,1
sigars,1
moulds,1
brightbill,1
tartamella,1
depratt,1
reiling,1
deprato,1
neske,1
rufer,1
anania,1
huor,1
matherne,1
lumpkins,1
scoggan,1
huot,1
geoffroy,1
senseney,1
perpall,1
zelaya,1
hupp,1
jencks,1
pardini,1
detweiler,1
traverso,1
traverse,1
bassage,1
cogar,1
pastorius,1
hupf,1
fagle,1
hupe,1
cogan,1
captain,1
chaban,1
traversa,1
agler,1
hupy,1
fazzari,1
gebers,1
gebert,1
villalta,1
junius,1
bobseine,1
slupe,1
gorney,1
trapasso,1
hillenbrand,1
dible,1
foussell,1
dwaileebe,1
fitting,1
rearick,1
hurd,1
olveira,1
yeldon,1
finazzo,1
paganico,1
gieselman,1
stanick,1
weglage,1
nalty,1
tremblay,1
moreida,1
augustyn,1
kildare,1
bohmann,1
drylie,1
frazee,1
wareheim,1
whitman,1
flockhart,1
frazey,1
sersen,1
lunch,1
askiew,1
frazer,1
wickemeyer,1
oleveda,1
stultz,1
stordahl,1
steinmuller,1
areizaga,1
villalon,1
stults,1
olivio,1
zomorodi,1
hendriks,1
argumedo,1
mione,1
stenback,1
schlesener,1
staniec,1
bazzle,1
barraclough,1
olivia,1
olivid,1
english,1
moulin,1
alosa,1
ruffo,1
sluss,1
jumalon,1
hulm,1
wavra,1
studyvin,1
hull,1
stanier,1
kroschel,1
mottley,1
hult,1
huls,1
pedelty,1
arntson,1
prakash,1
fiallo,1
wippert,1
goerges,1
fabiano,1
allhands,1
depetro,1
delaglio,1
fabiani,1
hume,1
sensenig,1
gorecki,1
padinha,1
warford,1
eskaran,1
sprengelmeyer,1
bogacz,1
drullard,1
humm,1
crogier,1
younglove,1
nerney,1
lundy,1
spurling,1
goergen,1
lunde,1
turlington,1
fagin,1
caldon,1
melchert,1
valotta,1
sigala,1
prisco,1
nickas,1
tehney,1
lundi,1
huft,1
dender,1
poeppelman,1
scrivener,1
trembley,1
cutrona,1
huff,1
cutrone,1
kaspar,1
castine,1
hemker,1
cholakyan,1
huey,1
braunberger,1
hemken,1
fausset,1
clarkston,1
ramundo,1
jeleniewski,1
binning,1
faggs,1
nesby,1
vanelderen,1
leimkuehler,1
akhtar,1
tirino,1
wootton,1
hugo,1
huge,1
anzaldua,1
glanzman,1
vancleave,1
hugi,1
hugh,1
hugg,1
schieber,1
pastorino,1
hennick,1
schiebel,1
kindred,1
prukop,1
benderman,1
ivener,1
popiolek,1
whipkey,1
larrea,1
boatman,1
zalamea,1
benasher,1
woodward,1
mccumiskey,1
wehunt,1
huhn,1
castile,1
schrager,1
guimond,1
perfecto,1
dugmore,1
castilo,1
lunan,1
delosanglel,1
fager,1
cundiff,1
nydegger,1
chauvette,1
anthony,1
nickey,1
menousek,1
huit,1
alouf,1
bookamer,1
carroll,1
tarnoff,1
fagen,1
cronenberg,1
brockenberry,1
ressler,1
shofner,1
neimeyer,1
dishner,1
bundren,1
quartaro,1
cyran,1
frailey,1
huie,1
treola,1
prisoc,1
bazzel,1
baddour,1
nickel,1
iatarola,1
punter,1
palilla,1
degirolamo,1
hathcox,1
hidalgo,1
oesterle,1
santamarina,1
brashears,1
franciosa,1
hubl,1
brilowski,1
beachem,1
beachel,1
beskom,1
beacher,1
mineau,1
minear,1
coppersmith,1
studdiford,1
niedzielski,1
yahraus,1
mosburg,1
huba,1
dejoseph,1
folkner,1
bogany,1
reglin,1
zelazo,1
huch,1
schusterman,1
macmanus,1
quinnett,1
huck,1
douyette,1
hillerud,1
levison,1
henderson,1
nalls,1
nally,1
kesselring,1
aprea,1
hendrics,1
junior,1
langseth,1
pichoff,1
jokela,1
hendrick,1
ohaire,1
dupaski,1
huzzard,1
prashad,1
clayborn,1
biersner,1
raftery,1
taake,1
mousley,1
pettine,1
lisiecki,1
paganini,1
achee,1
coger,1
cogen,1
loethen,1
cully,1
jarvinen,1
regler,1
olivos,1
kussman,1
gornie,1
mergen,1
mergel,1
ochotorena,1
fagan,1
fecteau,1
suskin,1
mineah,1
chamorro,1
parkhill,1
jernejcic,1
sumaran,1
hudy,1
shontz,1
balsley,1
longwith,1
cromartie,1
shonts,1
lannan,1
rogerson,1
manders,1
sauceman,1
hanzely,1
josephpauline,1
junkin,1
zolnoske,1
bejarano,1
tamburino,1
parcel,1
grollman,1
stasulis,1
dluhy,1
escribano,1
fesler,1
wauch,1
wilkin,1
arnhart,1
brasher,1
achin,1
sejkora,1
wiegert,1
boppre,1
pantoliano,1
chittenden,1
wilkie,1
csaszar,1
sarelas,1
hiemstra,1
orlof,1
piasecki,1
robidoux,1
francios,1
rufus,1
sechrest,1
navanjo,1
cumoletti,1
rittinger,1
steele,1
prange,1
orlow,1
lahtinen,1
sedenko,1
euber,1
cossaboom,1
metaxas,1
watanabe,1
cossaboon,1
villalba,1
kalmbach,1
napoleon,1
vreeland,1
dwire,1
krallman,1
wauer,1
juenemann,1
trentinella,1
catino,1
shamblin,1
lazer,1
mccourtney,1
karmazyn,1
mcgreevy,1
litano,1
mebane,1
gambill,1
mizzelle,1
lozon,1
idell,1
ballowe,1
vanderheiden,1
iovino,1
mincer,1
peppard,1
krajewski,1
zelada,1
yalon,1
halliman,1
nickodem,1
soulier,1
bazzell,1
blacksher,1
trisch,1
idema,1
gofman,1
drinnon,1
flagler,1
wilken,1
wielock,1
wilker,1
wilkes,1
petties,1
wieloch,1
astorino,1
frayre,1
opdahl,1
gambino,1
tibbets,1
kawano,1
mccuistion,1
shonka,1
provazek,1
buisson,1
huseby,1
gutreuter,1
vilkama,1
olazabal,1
mandell,1
pesante,1
brammell,1
boucouvalas,1
staffen,1
broward,1
blakeney,1
philpott,1
gregori,1
augustin,1
rodebush,1
sarbacher,1
wilkey,1
golonka,1
wotton,1
deridder,1
achor,1
hypolite,1
nickleberry,1
penovich,1
hohstadt,1
mikuszewski,1
farruggio,1
lazio,1
shinkle,1
hornung,1
goulart,1
jerger,1
laumea,1
mincey,1
chevarie,1
jergen,1
scripter,1
lenters,1
lockman,1
shambley,1
rosazza,1
bundschuh,1
romanoski,1
steege,1
fraze,1
feltner,1
landrigan,1
chernoff,1
rokicki,1
sovereign,1
lampinen,1
silerio,1
deneui,1
stilson,1
berteotti,1
klabunde,1
chionchio,1
dhruva,1
heritage,1
rannalli,1
deines,1
guevarra,1
reinsvold,1
hjelm,1
schoonmaker,1
cuneo,1
mulvey,1
jenrette,1
serianni,1
teece,1
richrdson,1
kreiter,1
creeley,1
richmond,1
tyrone,1
frayne,1
donigan,1
kaltenbach,1
alnas,1
deperro,1
rasheed,1
middendorf,1
waddill,1
kunzman,1
poolheco,1
gotthelf,1
cundy,1
regener,1
looper,1
shongo,1
gregory,1
vanderkooi,1
heinold,1
augustus,1
seevers,1
bilbao,1
fitchpatrick,1
diaco,1
sluis,1
mincks,1
ridgell,1
hornlein,1
shones,1
lutkins,1
langwith,1
swenceski,1
vacarro,1
ronsani,1
collura,1
asfour,1
steeby,1
obriant,1
wadding,1
zuerlein,1
schweizer,1
discenza,1
huwe,1
marenco,1
manhardt,1
analla,1
samayoa,1
eastin,1
triska,1
desisles,1
deperte,1
smialek,1
levreault,1
kushaney,1
filonuk,1
casazza,1
beagley,1
jendro,1
robinzine,1
junker,1
fiddelke,1
upwall,1
huus,1
daulerio,1
hirliman,1
husselbee,1
mckaughan,1
holtkamp,1
shelden,1
minchella,1
oberry,1
cunas,1
husein,1
kozielski,1
frati,1
reichman,1
vandrunen,1
waugh,1
lannen,1
lozey,1
tarella,1
balloon,1
rodrigeuz,1
magalong,1
duchemin,1
drinnen,1
sluka,1
hutt,1
etling,1
biedekapp,1
hedemann,1
huth,1
brashaw,1
denery,1
tieman,1
oberst,1
zymowski,1
arabie,1
dadisman,1
arabia,1
kujala,1
frase,1
pembroke,1
fulsom,1
kawata,1
fulson,1
hust,1
hatridge,1
huss,1
nystrom,1
huso,1
freydel,1
husk,1
edgerton,1
stopyra,1
hush,1
dishmon,1
hilmer,1
huse,1
bodiford,1
marengo,1
rutgers,1
alquisira,1
pettaway,1
glaeser,1
lazar,1
herschaft,1
pastures,1
kellams,1
selders,1
gicker,1
sanderfur,1
section,1
chaknis,1
poncedeleon,1
lagasca,1
mcnuh,1
eastep,1
eastes,1
eerkes,1
duffney,1
frary,1
hurt,1
easter,1
hurm,1
hurn,1
huro,1
wilkos,1
krushansky,1
hurl,1
boudin,1
collums,1
hilmes,1
shaak,1
pawlik,1
depietro,1
waddick,1
cluckey,1
shack,1
schow,1
corners,1
bustamente,1
calemine,1
kujawa,1
neloms,1
neren,1
boudle,1
wangerin,1
gillings,1
frayer,1
portuondo,1
cibrian,1
kaderlik,1
somsana,1
zarnick,1
ligons,1
willison,1
straface,1
scites,1
sedlachek,1
wojnaroski,1
sirucek,1
raybourn,1
shade,1
easton,1
shadd,1
ruger,1
wreyford,1
frank,1
cohan,1
ybarro,1
fenninger,1
swartzman,1
frans,1
sveum,1
langland,1
maggert,1
cornett,1
shaer,1
hartzfeld,1
lannom,1
remiasz,1
shady,1
cuenca,1
rugga,1
maltais,1
mynatt,1
lannon,1
svetz,1
incarnato,1
cuellar,1
franc,1
ybarra,1
shehane,1
eichstadt,1
hilman,1
gorman,1
dipippo,1
teder,1
halsey,1
amolsch,1
clites,1
carnagey,1
franz,1
lunetta,1
trobaugh,1
pembrook,1
shaff,1
trench,1
pramuk,1
shafi,1
ruggs,1
shafe,1
neria,1
stthomas,1
tolayo,1
wilkus,1
carnighan,1
monsalve,1
doniger,1
tumolo,1
lewand,1
ambroz,1
masero,1
carabajal,1
whitner,1
grandbois,1
ganotisi,1
lazusky,1
canevari,1
lastella,1
schul,1
timson,1
schue,1
shehata,1
whitney,1
wellnitz,1
schug,1
waynick,1
schuh,1
schub,1
lorraine,1
bolenbaugh,1
frame,1
nerby,1
zelasko,1
ceronsky,1
cornely,1
nugen,1
schur,1
matrone,1
schut,1
leithoff,1
redrick,1
schum,1
hochhalter,1
kreisel,1
dwelle,1
tankard,1
shain,1
langlais,1
reichler,1
koyanagi,1
calero,1
kreiser,1
servoss,1
scialdone,1
deneke,1
settlemire,1
pippert,1
boullion,1
tellado,1
merhar,1
mcilvaine,1
carskadon,1
syracuse,1
huseth,1
welling,1
kujath,1
cranston,1
darland,1
hemley,1
ncneal,1
cwik,1
launer,1
contos,1
galyean,1
lewark,1
shake,1
cushard,1
palmour,1
hetsler,1
roerish,1
deneen,1
karagiannis,1
fisichella,1
gormly,1
gazaway,1
maclaughlin,1
schaich,1
shepler,1
catlett,1
hemler,1
frahm,1
ponyah,1
kailey,1
mckennan,1
lazor,1
lazos,1
lopuzzo,1
shala,1
shepley,1
balderama,1
godinho,1
shall,1
francies,1
lofaso,1
segroves,1
dooling,1
oglesby,1
frair,1
orlin,1
schnettler,1
frain,1
lanzilotta,1
erekson,1
pehowich,1
southerly,1
garnache,1
stracener,1
kosicki,1
shamp,1
godines,1
shami,1
gebhard,1
bornstein,1
cholula,1
vivenzio,1
lindenberger,1
lofaro,1
godinez,1
shams,1
willen,1
cybulski,1
feltmann,1
willer,1
snedeker,1
gebhart,1
nerad,1
roetcisoender,1
shani,1
mcginley,1
shane,1
villacana,1
shand,1
sheldon,1
dotson,1
hallinan,1
pippens,1
ploskunak,1
nakaoka,1
shank,1
fraga,1
fleishman,1
bilbro,1
gehlbach,1
wingard,1
cluxton,1
ruthledge,1
dishman,1
frago,1
wilmarth,1
martirano,1
deneal,1
dials,1
karagiannes,1
sotolo,1
mastroianni,1
lebsack,1
lukasik,1
niver,1
nives,1
breitling,1
niven,1
byrnes,1
gillaspie,1
owings,1
shinkel,1
meaders,1
frady,1
pitaniello,1
diana,1
sajdak,1
drymon,1
shape,1
ideue,1
palmore,1
espenschied,1
mckenney,1
pawluk,1
zelasco,1
stumpe,1
stumpf,1
stumph,1
dillehay,1
empleo,1
daubney,1
hammarlund,1
mcnew,1
diano,1
bramasco,1
wingate,1
jackiewicz,1
stumpp,1
stumpo,1
diani,1
sanderfer,1
seaton,1
norkaitis,1
apsey,1
lepretre,1
artiaga,1
mcnee,1
aughtman,1
wetterauer,1
senseman,1
masell,1
degooyer,1
share,1
cohen,1
troncoso,1
kristofferson,1
stumme,1
hilkert,1
naeher,1
pardee,1
sharr,1
cardimino,1
trenor,1
eyerman,1
polchinski,1
sharp,1
yagues,1
cacciotti,1
cohea,1
boblak,1
shark,1
sharf,1
cohee,1
kizer,1
parden,1
mejorado,1
lewars,1
betsinger,1
regensburg,1
frack,1
pardey,1
hollinghurst,1
pardew,1
collamore,1
loyst,1
mammoccio,1
shary,1
berkovich,1
streifel,1
lagasse,1
buterbaugh,1
vanhaitsma,1
celenza,1
brave,1
morgana,1
dinan,1
carlile,1
zaldana,1
bravo,1
smisek,1
ahart,1
haviland,1
hunnicut,1
hurston,1
chirco,1
battistini,1
dionne,1
basiliere,1
baison,1
carlill,1
kingore,1
mamros,1
arthur,1
manansala,1
gerlich,1
chiras,1
stempien,1
wallingford,1
derrig,1
petzoldt,1
libberton,1
rodrick,1
brawn,1
pfaffinger,1
tillema,1
morgans,1
burtin,1
comings,1
palacious,1
morgano,1
burtis,1
moncier,1
torkildsen,1
hemple,1
weant,1
lesesne,1
husain,1
carline,1
bason,1
carlini,1
basom,1
lorson,1
ulses,1
skilling,1
matusiewicz,1
bierschbach,1
dallmier,1
comacho,1
braye,1
stamas,1
carlino,1
perlmutter,1
heusley,1
ihlenfeld,1
clemmon,1
diebol,1
cuttino,1
tofte,1
arthun,1
melbourne,1
besanson,1
quinnan,1
gebbia,1
oberley,1
gebbie,1
cutting,1
samain,1
kellermann,1
gimble,1
howlingwolf,1
bridgforth,1
pippenger,1
vierthaler,1
briede,1
spetter,1
glasscock,1
persechino,1
morock,1
wease,1
herlihy,1
deedrick,1
althouse,1
basil,1
gordley,1
dines,1
klintworth,1
decesare,1
warrender,1
weast,1
montgonery,1
vonderheide,1
spettel,1
weckerly,1
ellenwood,1
rocchio,1
brase,1
weare,1
stamey,1
passley,1
brash,1
bashi,1
rodrigo,1
raeside,1
feemster,1
bourgeois,1
huirgs,1
basha,1
mayenschein,1
genous,1
weary,1
flander,1
hannaway,1
faraone,1
helfrey,1
antonakos,1
wears,1
brass,1
conwright,1
snodderly,1
patete,1
samano,1
prakoth,1
lozada,1
dinco,1
brath,1
hardacre,1
carrison,1
lasater,1
rathje,1
oberlin,1
uyematsu,1
brandeis,1
stamer,1
lozado,1
bratz,1
bratt,1
bratu,1
ahalt,1
derricott,1
quinney,1
braun,1
heitmuller,1
bosson,1
braum,1
jericho,1
hempel,1
sundeen,1
duewall,1
rathke,1
braue,1
gibas,1
sossamon,1
braud,1
polkinghorn,1
dedinas,1
theodorov,1
gianelli,1
hubka,1
diones,1
basua,1
derrah,1
heilig,1
langhans,1
briehl,1
herzig,1
hasty,1
altadonna,1
deslandes,1
haste,1
dinis,1
radmall,1
talbot,1
gimbel,1
axsom,1
axson,1
diniz,1
cummiskey,1
vogelpohl,1
niesman,1
valverde,1
ohalloran,1
spanish,1
basta,1
brimfield,1
monasterio,1
milholland,1
nishiyama,1
dinho,1
hubin,1
giard,1
suggs,1
seilhymer,1
glascott,1
klosowski,1
sinsabaugh,1
rathel,1
boza,1
cloffi,1
tuason,1
boze,1
bostock,1
bezio,1
taliman,1
boyl,1
boyn,1
defusco,1
dings,1
scheibelhut,1
macdougal,1
delegeane,1
frieze,1
creviston,1
benthall,1
boys,1
ollison,1
boyt,1
rather,1
niimi,1
farrare,1
lebouef,1
baisey,1
stephan,1
moncion,1
stoots,1
uptegrove,1
burtch,1
quinnie,1
casaceli,1
slovacek,1
chanchuan,1
lasswell,1
boye,1
boyd,1
scicutella,1
heidtke,1
casalman,1
mccright,1
gwalthney,1
chischilly,1
pierpoint,1
heiler,1
yzquierdo,1
meucci,1
samaan,1
vieyra,1
wiechert,1
swyers,1
boxx,1
tichacek,1
huber,1
muskelly,1
dobrowski,1
barberr,1
ingargiola,1
barbero,1
guiberteau,1
derrer,1
langhart,1
oberloh,1
barberi,1
stephco,1
arceneaux,1
orcholski,1
hybarger,1
whitmire,1
ingargiolo,1
leuthold,1
barbera,1
ullman,1
herzer,1
mcdeavitt,1
dekay,1
whatoname,1
bouleris,1
sothman,1
samaha,1
bramlett,1
hubel,1
bezak,1
braver,1
wildfong,1
bassi,1
sebben,1
lawnicki,1
rathai,1
mcrobbie,1
basse,1
mcglaun,1
moroni,1
carodine,1
mcredmond,1
marshman,1
stephen,1
gamino,1
basso,1
hochschild,1
mcgrogan,1
hubbs,1
kapsalis,1
sugai,1
hilburn,1
ahaus,1
hubby,1
vescio,1
grueser,1
caldarone,1
mcsweeny,1
morono,1
voeltz,1
frease,1
hasse,1
spohnholz,1
dibartolo,1
lambson,1
quicho,1
schaumann,1
sugar,1
cifuentes,1
wolfensperger,1
harling,1
kiffer,1
fahrner,1
fahrney,1
hotard,1
yunker,1
dilella,1
pendola,1
javarone,1
bossen,1
griffon,1
colatruglio,1
dilello,1
bossey,1
lozano,1
ihrke,1
shiiba,1
arrambide,1
kaemmerer,1
okelly,1
culajay,1
eisbach,1
niskala,1
sylvia,1
masteller,1
gruis,1
auwaerter,1
dimon,1
fiotodimitrak,1
mickley,1
terrible,1
zambito,1
presa,1
stooks,1
sylvis,1
barkdull,1
mickler,1
vickerson,1
budzik,1
brauer,1
mickles,1
pascuzzi,1
press,1
kueter,1
prest,1
molleker,1
chiappari,1
bishopp,1
hilzer,1
uldrich,1
featheroff,1
ruhter,1
palmquist,1
prete,1
preti,1
schwien,1
mcauley,1
sturtevant,1
herzberg,1
reuter,1
gildner,1
schwier,1
cressey,1
dickins,1
winterbottom,1
prety,1
kovarovic,1
wiedemann,1
lamport,1
routledge,1
ahlborn,1
sorvig,1
ihrig,1
peshek,1
raviscioni,1
drinkwater,1
giang,1
erstad,1
willegal,1
preus,1
sumera,1
prevo,1
childes,1
urreta,1
sumers,1
rangitsch,1
baites,1
stankaitis,1
gruen,1
ladell,1
langeness,1
bethley,1
lozaro,1
whigham,1
montelongo,1
remily,1
aspacio,1
querio,1
harriman,1
cohenour,1
chemin,1
burtts,1
hasha,1
puorto,1
sylver,1
rheingans,1
miscione,1
souchet,1
cheadle,1
mandril,1
basye,1
doyscher,1
morgado,1
mckouen,1
tekautz,1
gruhn,1
bridegroom,1
sterba,1
capuzzi,1
shiigi,1
darrington,1
ottogary,1
haske,1
autullo,1
stoops,1
mcaulay,1
addiego,1
hasko,1
odekirk,1
massicotte,1
wilcoxson,1
webbs,1
delucian,1
kaleiwahea,1
agbisit,1
neubig,1
oppenheimer,1
houghland,1
ondrusek,1
wolfert,1
sheirich,1
hotaki,1
rindels,1
lasasso,1
beyke,1
miskiewicz,1
dauria,1
gruba,1
grubb,1
bater,1
grube,1
bates,1
hardister,1
sossaman,1
teagues,1
camden,1
fulop,1
barrows,1
kemble,1
batey,1
derivan,1
mastenbrook,1
brault,1
voiles,1
kinman,1
zeidler,1
preza,1
papitto,1
vetterick,1
vandiver,1
schweinfurth,1
debarba,1
braune,1
brueck,1
braund,1
sekerak,1
zwiefelhofer,1
acimovic,1
dollison,1
sylvan,1
humbard,1
dekok,1
highsmith,1
tillett,1
massella,1
patera,1
lalley,1
fonseca,1
sedlacek,1
hakkila,1
alliman,1
landess,1
asante,1
toczek,1
callejas,1
scarlet,1
scarles,1
gruda,1
hinajosa,1
samara,1
mcalarney,1
dekle,1
staley,1
bathe,1
najarro,1
weber,1
boshers,1
grudt,1
passman,1
owensby,1
aboudi,1
kottwitz,1
kwang,1
griffth,1
landers,1
retzler,1
kaeding,1
gruca,1
parmley,1
tillery,1
gruby,1
landero,1
sicola,1
batie,1
barrott,1
micklos,1
kazakos,1
queros,1
apolo,1
hasen,1
genova,1
hasek,1
sparlin,1
haser,1
jeffcoat,1
eperson,1
batis,1
lothringer,1
pfefferkorn,1
osting,1
neubauer,1
hammacher,1
maroney,1
trumper,1
jinkens,1
batas,1
bastarache,1
stalls,1
bossie,1
salling,1
caddell,1
angelovich,1
boshell,1
fults,1
donalson,1
allbones,1
clemmer,1
burhans,1
oberman,1
mahoney,1
christenbury,1
clemmey,1
ehrlich,1
giscombe,1
batch,1
padavano,1
condello,1
burtle,1
stalma,1
stemmerman,1
fonsecn,1
brause,1
pekas,1
smithhart,1
burton,1
hartzler,1
banzhaf,1
pekar,1
kwapniewski,1
terman,1
mceady,1
guerrette,1
hasch,1
querry,1
chartier,1
nuessen,1
tompson,1
carlise,1
gulinson,1
fultz,1
sundell,1
booras,1
maronge,1
bogosh,1
mcglade,1
comegys,1
fannings,1
bjorkman,1
batel,1
querta,1
hasan,1
hasak,1
moessner,1
bouchard,1
hasas,1
farmsworth,1
magouliotis,1
peick,1
tavolacci,1
wais,1
wait,1
hauan,1
buehler,1
vosburg,1
wair,1
preda,1
wain,1
boan,1
boal,1
sroufe,1
boas,1
stanco,1
mutolo,1
waid,1
stockett,1
boak,1
filipelli,1
guillary,1
svancara,1
dinkel,1
jasinski,1
smithj,1
wahr,1
wahs,1
hagger,1
wahn,1
hazelton,1
elliot,1
haggen,1
smithe,1
mcmurtrey,1
hoggan,1
volkman,1
bursik,1
voelkerding,1
wahl,1
serisky,1
klebanow,1
vondoloski,1
flener,1
barks,1
jackon,1
blackstone,1
siebold,1
desiato,1
goldsby,1
lichtenstein,1
wagy,1
stockert,1
shildneck,1
bursey,1
ciuffreda,1
barko,1
visser,1
lorton,1
zuckerman,1
sannicolas,1
brittain,1
wagg,1
citrin,1
nimmer,1
staner,1
stuenkel,1
duplechain,1
wage,1
luzania,1
gettys,1
carilli,1
haggin,1
veazey,1
barke,1
carillo,1
bock,1
deist,1
boch,1
stanek,1
deiss,1
longnecker,1
friedt,1
bobb,1
heiman,1
friedl,1
kwack,1
boaz,1
lestronge,1
krzewinski,1
senegal,1
baudoin,1
friede,1
redbird,1
funke,1
boorom,1
stands,1
bobo,1
okonski,1
kotonski,1
talaga,1
preas,1
elling,1
bobe,1
baril,1
imfeld,1
body,1
crandell,1
vanslander,1
furlotte,1
tiberio,1
wicketts,1
balicki,1
stange,1
baris,1
prehm,1
mcmurtrie,1
bario,1
throop,1
prehn,1
virkler,1
boeh,1
stango,1
boen,1
stangl,1
barie,1
boer,1
degracia,1
boes,1
begley,1
baria,1
dusseault,1
bairos,1
kibbee,1
bernasconi,1
mooreland,1
dinkin,1
weidert,1
haggis,1
magdalena,1
roddick,1
webre,1
walt,1
mashall,1
squillante,1
boda,1
walz,1
stanfa,1
bode,1
malmgren,1
bodi,1
deitz,1
rathburn,1
golumski,1
debarge,1
wald,1
wale,1
waln,1
thrope,1
bodo,1
volkmer,1
walp,1
braughton,1
schachterle,1
aswegan,1
walk,1
barbella,1
wall,1
traber,1
krynicki,1
barnhurst,1
endecott,1
hundemer,1
boga,1
diogo,1
barge,1
vinzant,1
baldock,1
stania,1
norby,1
newland,1
bogh,1
bargo,1
bogg,1
griffan,1
boge,1
wala,1
pomroy,1
fregeau,1
waka,1
lilburn,1
wake,1
schmeiser,1
stanis,1
marturano,1
artist,1
swansbrough,1
dicioccio,1
chiulli,1
togni,1
barga,1
sahler,1
stepps,1
corsello,1
barff,1
gholson,1
boey,1
sebald,1
norat,1
lepine,1
steppe,1
sallies,1
bursch,1
bares,1
barer,1
preer,1
norbo,1
throne,1
barnick,1
friehe,1
kibbey,1
zezima,1
clagett,1
hobstetter,1
dinkle,1
barroso,1
frosto,1
nored,1
eikleberry,1
lozaya,1
maranto,1
burtner,1
wiltsey,1
norem,1
funez,1
noren,1
vagott,1
waas,1
marantz,1
funes,1
jevtic,1
cammarano,1
doerner,1
barus,1
waag,1
axton,1
preli,1
lortie,1
prell,1
cutchember,1
barut,1
braam,1
barto,1
mcquitty,1
tisdell,1
sartin,1
liotta,1
griffee,1
hunker,1
schowengerdt,1
pantaleon,1
bartl,1
bogner,1
groombridge,1
barth,1
shidler,1
barte,1
plymire,1
klutts,1
barta,1
lespedes,1
gagarin,1
wescom,1
bartz,1
boufford,1
beyer,1
chittick,1
barts,1
rothbart,1
barsh,1
trabue,1
ignoria,1
turnier,1
bruess,1
volbert,1
chenot,1
feinstein,1
griffey,1
tannehill,1
kalbfleisch,1
baumeister,1
beyea,1
belisle,1
kluttz,1
talamo,1
hoggle,1
sawhill,1
elliff,1
griffes,1
pankowski,1
baires,1
segers,1
griffen,1
panozzo,1
funck,1
griffel,1
ellies,1
mendias,1
haakenstad,1
wahpekeche,1
delosrios,1
higgason,1
homesley,1
barra,1
fergusson,1
jackel,1
briden,1
barre,1
beyda,1
eddington,1
gildore,1
conolly,1
bishoff,1
barry,1
granelli,1
soleman,1
preis,1
mendiaz,1
gruse,1
marante,1
hemrich,1
hemrick,1
grush,1
barro,1
hutsell,1
hucks,1
elliem,1
barrs,1
noris,1
hatto,1
howton,1
grupa,1
flegler,1
grupe,1
hatta,1
shakespeare,1
barefoot,1
wada,1
grupp,1
linamen,1
ovalles,1
edell,1
peine,1
bognar,1
redfern,1
wade,1
griffie,1
beyal,1
heitzmann,1
schuckman,1
bridge,1
barrois,1
cammarata,1
pettibon,1
wiedenheft,1
nazelrod,1
wesche,1
norko,1
maedche,1
beyah,1
brawer,1
wach,1
griffin,1
serpico,1
baron,1
wack,1
stepien,1
bareford,1
rossbach,1
brugger,1
baros,1
goldrup,1
griffis,1
biangone,1
juanico,1
klaameyer,1
edens,1
brawdy,1
miears,1
barna,1
hemond,1
blackstock,1
barne,1
sartor,1
esary,1
grund,1
grune,1
lickness,1
funchess,1
whisonant,1
wiltsie,1
heimer,1
lambros,1
barno,1
premo,1
lesneski,1
mutone,1
barns,1
barnt,1
hinostroza,1
bopp,1
kinlin,1
rapalo,1
declerk,1
scozzafava,1
friese,1
braig,1
samantha,1
vaughns,1
getter,1
stampe,1
grijalva,1
congdon,1
gettel,1
waye,1
brais,1
mathiesen,1
goggans,1
boster,1
storrer,1
bosten,1
burlingame,1
bostel,1
stamps,1
brain,1
reusch,1
braim,1
berridge,1
arties,1
wackenheim,1
khairallah,1
severance,1
kemppainen,1
bord,1
bora,1
dinos,1
pevsner,1
marrara,1
rohowetz,1
wayt,1
ways,1
brahm,1
filsaime,1
hudec,1
brage,1
partelow,1
tohen,1
born,1
croushorn,1
cheney,1
sattley,1
vroman,1
borr,1
louwagie,1
braga,1
bors,1
santell,1
hudek,1
borg,1
lomartire,1
custis,1
toher,1
bachand,1
bork,1
marrano,1
nicklous,1
bosa,1
uranga,1
machkovich,1
linneman,1
bose,1
huddy,1
postlewaite,1
pellecchia,1
bocker,1
giasson,1
sattler,1
bory,1
bragg,1
mcneilly,1
boso,1
bost,1
chenoweth,1
dejes,1
boss,1
bosh,1
conable,1
delanuez,1
uniacke,1
friesz,1
artiga,1
hudes,1
gettig,1
friess,1
friest,1
learman,1
braff,1
ruybal,1
bradt,1
petchulis,1
beaudoin,1
both,1
brady,1
hunkin,1
smitty,1
bott,1
sorvillo,1
mattison,1
gettis,1
dehaemers,1
mastera,1
codispoti,1
botz,1
farrall,1
kinley,1
stockdill,1
vicencio,1
juliano,1
bracy,1
funai,1
zurheide,1
fayson,1
lockridge,1
barze,1
bour,1
farrand,1
guemmer,1
bradd,1
mayhall,1
brade,1
mascarena,1
juliana,1
slaybaugh,1
ohotto,1
bouy,1
bove,1
kondel,1
bova,1
custer,1
swietoniowski,1
ciarrocchi,1
cummins,1
cerminaro,1
cumming,1
meringolo,1
kaloustian,1
mercier,1
grizzard,1
peitz,1
brach,1
beldin,1
castagnola,1
schiavi,1
tiotuico,1
brace,1
gettle,1
schiavo,1
couillard,1
farrant,1
hatke,1
bowe,1
kudasik,1
hinkson,1
brack,1
bowl,1
tepezano,1
jordahl,1
spaniel,1
poeppel,1
bown,1
debenedittis,1
zuehl,1
spanier,1
artice,1
moerbe,1
torivio,1
kebort,1
talaro,1
hudas,1
winley,1
dekenipp,1
gerling,1
almendarez,1
bagnall,1
eldert,1
masters,1
hudak,1
elders,1
baisch,1
stefaniak,1
wapp,1
pretzel,1
kinlaw,1
basey,1
nuncio,1
pretzer,1
gibes,1
bohs,1
bohr,1
tommasino,1
boho,1
bohn,1
bohm,1
bohl,1
beaudette,1
penrod,1
frosch,1
yearling,1
thibadeau,1
saborido,1
latchaw,1
stepro,1
madrigal,1
kirkland,1
bernitsky,1
bois,1
boin,1
birkmaier,1
koulabout,1
miriello,1
boid,1
ward,1
frutiger,1
boie,1
reynolds,1
ware,1
warf,1
williemae,1
camcam,1
stefanich,1
ebener,1
hoerner,1
scavone,1
billigmeier,1
betacourt,1
oksen,1
outten,1
oquin,1
friels,1
dequinzio,1
scavona,1
stefanick,1
belfield,1
reynaga,1
wann,1
burson,1
thonney,1
wank,1
wang,1
bostow,1
basco,1
belden,1
hagenbaugh,1
wand,1
valseca,1
boje,1
boston,1
ingvolostad,1
klepfer,1
tracey,1
want,1
intrieri,1
branz,1
brant,1
schonack,1
magdaleno,1
brano,1
brann,1
brank,1
brang,1
basel,1
truscott,1
voytek,1
brand,1
hohmann,1
brana,1
gibby,1
earehart,1
gibbs,1
opalka,1
redfear,1
carbajal,1
bolt,1
mashack,1
ortmeier,1
watt,1
briceno,1
bolz,1
kondos,1
bolf,1
bole,1
bold,1
hanselman,1
haggan,1
incorvaia,1
grussendorf,1
ziemski,1
dellano,1
brame,1
omahony,1
chiappetta,1
waud,1
boll,1
haggar,1
bolk,1
bostic,1
dechart,1
stopka,1
whiteford,1
chenet,1
seltzer,1
petrucci,1
hooker,1
citron,1
groholski,1
seltzen,1
dizadare,1
gennaria,1
sermersheim,1
petrucco,1
braly,1
flagstad,1
luchterhand,1
bjornberg,1
wave,1
basch,1
ocasio,1
hatch,1
hubiak,1
pietrzykowski,1
friend,1
warn,1
warm,1
wark,1
sutcliffe,1
warr,1
sarafian,1
haseloff,1
warp,1
bond,1
schiano,1
bona,1
bong,1
wary,1
bone,1
moerke,1
wash,1
bonk,1
booser,1
boni,1
bono,1
ozaki,1
bonn,1
brake,1
boor,1
boos,1
killinger,1
boot,1
wasp,1
bagnato,1
hodgson,1
dechant,1
andino,1
stamos,1
delpriore,1
palevic,1
teschler,1
wass,1
andina,1
veazie,1
booe,1
yamamoto,1
koguchi,1
book,1
lundman,1
dubill,1
boom,1
jackso,1
boon,1
anding,1
freber,1
kantrowitz,1
boop,1
westrich,1
majewski,1
hoogendoorn,1
pitsenbarger,1
westrick,1
bright,1
wilshire,1
szynkowicz,1
noser,1
arredla,1
nosek,1
nosel,1
miyake,1
brighi,1
trochesset,1
shorkey,1
schooling,1
blakely,1
defino,1
stubbolo,1
rosseel,1
cambel,1
bittel,1
penson,1
duval,1
briggs,1
zeherquist,1
ackah,1
gruenewald,1
horsfield,1
bault,1
kluver,1
bitter,1
behrman,1
prybylski,1
lovensheimer,1
mcguffie,1
bellipanni,1
mcjunkins,1
minrod,1
mcguffin,1
lucatero,1
suttell,1
marrotte,1
turnham,1
friedline,1
burras,1
michalenko,1
howser,1
rodillas,1
lampman,1
coppage,1
kellywood,1
mollberg,1
veshedsky,1
morman,1
chamber,1
baune,1
clemons,1
hoyle,1
braskett,1
simonelli,1
steffler,1
fortini,1
meullion,1
onifade,1
morning,1
sykes,1
karcher,1
defina,1
fortino,1
monaghan,1
miyagi,1
aplin,1
byrley,1
pointon,1
dezalia,1
baysinger,1
wienandt,1
nosal,1
knowiton,1
adkerson,1
walvatne,1
mciver,1
oshell,1
sonsteng,1
seykoski,1
lucius,1
neehouse,1
nunery,1
hoyos,1
niskanen,1
gordner,1
fridal,1
wuellenweber,1
riccitelli,1
spritzer,1
heindl,1
havas,1
craawford,1
haugabrook,1
commons,1
vaughan,1
friday,1
pensky,1
nowden,1
acken,1
burrel,1
acker,1
wollyung,1
hoyne,1
penski,1
cotsis,1
bokman,1
ormond,1
guillermo,1
teater,1
cambia,1
nigro,1
drenth,1
rolstad,1
fesmire,1
mclauchlin,1
packard,1
cheever,1
cheeves,1
mcguffee,1
mcguffey,1
courtway,1
pensis,1
burres,1
burrer,1
petrides,1
dellaca,1
todor,1
freudenthal,1
wizar,1
cebula,1
cuthbertson,1
vieweg,1
newburg,1
toussiant,1
newburn,1
nezich,1
irineo,1
roelfs,1
sarson,1
newbury,1
asiello,1
maberry,1
benecke,1
savageau,1
pomella,1
vaughen,1
geffre,1
phommatheth,1
skalecki,1
formanek,1
newberger,1
berquist,1
uhrin,1
nigon,1
cauthron,1
fergason,1
gigantino,1
kabzinski,1
barquera,1
ulcena,1
howson,1
burtman,1
alvero,1
mccolloch,1
hauth,1
cassinelli,1
grinnan,1
delhoyo,1
bautz,1
meinhard,1
garivay,1
liburd,1
todesco,1
vanpoucke,1
pointer,1
meinhart,1
dornbrook,1
trinkle,1
baute,1
ferrebee,1
uhrig,1
demel,1
camble,1
stassinos,1
grumbach,1
columbia,1
demeo,1
hoyer,1
chaboya,1
demer,1
crecelius,1
defide,1
naftzinger,1
buhman,1
pedrogo,1
nagamine,1
vesely,1
callaway,1
pathak,1
cipolla,1
majcher,1
remlin,1
birkeland,1
winship,1
fortier,1
coppolino,1
heinen,1
lacrosse,1
heiner,1
heines,1
malleck,1
sieligowski,1
ligman,1
heiney,1
dechaine,1
ribbink,1
loflin,1
vankoten,1
arildsen,1
hyett,1
heinly,1
cambra,1
kaszinski,1
cambre,1
puehler,1
bettridge,1
tarricone,1
mistretta,1
bauza,1
kirkpatric,1
marcoline,1
nosis,1
marcolina,1
shrigley,1
nissila,1
flanary,1
cavagna,1
schoeneman,1
getson,1
remley,1
demby,1
dilsaver,1
rossean,1
duvel,1
vanarsdall,1
dembo,1
wauford,1
rosseau,1
horowitz,1
vanarsdale,1
coolbrith,1
bramhall,1
mathieson,1
dinnen,1
heinle,1
cerrillo,1
mcleese,1
demay,1
yanosky,1
deman,1
domino,1
demas,1
hyers,1
demar,1
hauze,1
mizzi,1
bitsui,1
picknell,1
goodenberger,1
kossak,1
scholnick,1
alvelo,1
heinke,1
dominy,1
ososki,1
sodomka,1
holifield,1
heinis,1
volckmann,1
heinig,1
byndon,1
digerolamo,1
mormon,1
domina,1
santano,1
mirbaha,1
domine,1
cordner,1
darwich,1
night,1
vanderhorst,1
teator,1
santana,1
mackowiak,1
nedved,1
webb,1
lilienthal,1
northrup,1
mclaney,1
demny,1
winker,1
lofman,1
winkel,1
wedin,1
kudrick,1
tribbey,1
juza,1
akuna,1
laducer,1
protain,1
coultas,1
lifland,1
haulk,1
goudge,1
norse,1
demos,1
clavijo,1
lucian,1
lennard,1
scullin,1
sarabia,1
weck,1
dishong,1
bairam,1
hassell,1
fengler,1
lennart,1
langreck,1
pischke,1
wedd,1
wede,1
rolston,1
syrstad,1
wedo,1
criscione,1
sealock,1
pedroni,1
lucido,1
trifero,1
hoffhines,1
lucidi,1
wedi,1
lillywhite,1
cheong,1
weder,1
cussen,1
demme,1
wineinger,1
macisaac,1
boutwell,1
demma,1
wincapaw,1
weed,1
smothers,1
wedge,1
glazener,1
kossen,1
sueda,1
silvius,1
klimesh,1
seacrist,1
goudie,1
beermann,1
fuoco,1
lichtenfeld,1
kossey,1
haakenson,1
trivisonno,1
lucich,1
camara,1
palazola,1
boecker,1
demmy,1
tidmore,1
derosa,1
schechtman,1
cuttler,1
burrus,1
demoranville,1
mczeal,1
burrup,1
horstmann,1
deross,1
cromedy,1
beadling,1
schmaltz,1
derose,1
haupt,1
bendavid,1
mallett,1
bewig,1
athanasiou,1
nihei,1
whittinghill,1
penrose,1
rittenberry,1
juve,1
hirata,1
kleinmann,1
staffeld,1
hooley,1
wedel,1
niheu,1
chmielewski,1
palmerton,1
juul,1
goodpastor,1
steinburg,1
carvalho,1
mcduffie,1
uhrhammer,1
leibfried,1
demko,1
stoutenger,1
rozeboom,1
guderian,1
lucien,1
regulski,1
rittenour,1
lucier,1
pedrosa,1
jeanbart,1
nybo,1
atala,1
tisdale,1
hauss,1
seamans,1
miyata,1
hagert,1
tribble,1
federkeil,1
hause,1
despino,1
haury,1
kossin,1
grinman,1
demik,1
herwig,1
conoley,1
crampton,1
muhlbach,1
ockey,1
ocker,1
suehs,1
ocken,1
hubenthal,1
bitzenhofer,1
burlett,1
pedroso,1
novicki,1
wead,1
samowitz,1
ivans,1
learned,1
nyce,1
bizub,1
immediato,1
norma,1
weal,1
wear,1
turziano,1
patenaude,1
oquendo,1
thielman,1
mckosky,1
deltoro,1
beaudrie,1
bitsko,1
honeywell,1
ellman,1
raynolds,1
garofalo,1
beaureguard,1
mcsparren,1
lehane,1
spilman,1
baves,1
burris,1
baver,1
sentinella,1
bingham,1
shoulars,1
bangura,1
hauck,1
millhouse,1
ogren,1
kissack,1
hauch,1
sechang,1
misrahi,1
alvear,1
leubner,1
mcduffee,1
havener,1
carvallo,1
penatac,1
hassett,1
kolassa,1
tumlison,1
winkle,1
jura,1
deroos,1
jure,1
neidich,1
mcduffey,1
zuziak,1
drenon,1
digiuseppe,1
jurs,1
inloes,1
brodsky,1
casolary,1
mulcahy,1
maranan,1
scachette,1
hubley,1
turowski,1
garofano,1
arters,1
hirano,1
hubler,1
bochat,1
kibble,1
hauge,1
protano,1
haugh,1
hoyte,1
jury,1
steinmiller,1
chitty,1
zahler,1
yonker,1
just,1
dudzinski,1
exline,1
fennimore,1
romanoff,1
stirman,1
hauer,1
perrenoud,1
carvalno,1
mclauchlen,1
chauhan,1
rossell,1
mallery,1
clowser,1
oquenda,1
demus,1
suell,1
hauff,1
maassen,1
vancheri,1
yezek,1
petanick,1
cusson,1
demry,1
guillebeau,1
gamlin,1
demro,1
huxford,1
primack,1
vigoren,1
suess,1
remkus,1
zaldivar,1
fisger,1
mullican,1
slotkin,1
july,1
guillama,1
stanly,1
hocutt,1
dimodica,1
vandagriff,1
cugini,1
yankovitz,1
coaster,1
ogram,1
hiraki,1
panzarino,1
jump,1
klasing,1
palmertree,1
kossow,1
suero,1
smack,1
latendresse,1
capasso,1
pedroza,1
deroko,1
acothley,1
jung,1
june,1
jund,1
pedrozo,1
gwinn,1
coulter,1
north,1
santiesteban,1
junk,1
minster,1
burrow,1
demps,1
bellizzi,1
spratling,1
northrop,1
boches,1
molaison,1
wikholm,1
nortz,1
bekerman,1
trader,1
hauke,1
columbus,1
mcivor,1
brodsho,1
norum,1
ventimiglia,1
roekle,1
marando,1
amezquita,1
stanke,1
drabicki,1
cappellano,1
bochek,1
marconis,1
fracassa,1
brockman,1
plomma,1
marandi,1
dunmead,1
stanko,1
gwilt,1
deltora,1
fridge,1
caviness,1
maranda,1
winkey,1
kliment,1
lucion,1
rasinski,1
deroin,1
vassallo,1
fracasso,1
gehrlein,1
said,1
college,1
peguese,1
warthen,1
schreiber,1
saia,1
kissane,1
lestrange,1
shulenberger,1
schwery,1
sais,1
sporcic,1
saiz,1
faraldo,1
sain,1
montminy,1
saik,1
maraldo,1
mizer,1
benedix,1
gochanour,1
peguero,1
sahe,1
dexheimer,1
chiapetto,1
buhlig,1
schwerd,1
catanzano,1
lineman,1
penton,1
coulson,1
chiapetti,1
saha,1
sterry,1
beukelman,1
cypret,1
sahr,1
sahu,1
brucki,1
siracuse,1
minson,1
vanpelt,1
alzaga,1
sucre,1
siracusa,1
dellefave,1
sahm,1
havelka,1
sahl,1
marales,1
sortor,1
irelan,1
strausser,1
gjelaj,1
sage,1
meggett,1
quidas,1
dublin,1
edgin,1
hoxie,1
aristizabal,1
brucks,1
fiereck,1
buhler,1
barbian,1
schwetz,1
sebesta,1
sago,1
batko,1
hoxit,1
chmura,1
pindell,1
sagi,1
gloster,1
dinning,1
safe,1
dainels,1
mizia,1
safa,1
batiz,1
gutoski,1
schmandt,1
camack,1
beaudet,1
moorhead,1
bertrano,1
dobrowolski,1
saez,1
remmel,1
saft,1
bertrand,1
suzuki,1
apkin,1
leonpacher,1
remmen,1
fischetti,1
heidelberg,1
succop,1
pechart,1
staple,1
souvannakhiry,1
juhl,1
safi,1
handsome,1
wollenburg,1
leckie,1
gremminger,1
vanosdol,1
zenisek,1
takehara,1
pompei,1
dousay,1
notah,1
smail,1
jugo,1
huang,1
llerena,1
caughman,1
tossie,1
dulemba,1
okura,1
schlesier,1
migliaccio,1
pompey,1
schwenk,1
schwent,1
hawes,1
bissada,1
bathurst,1
kahana,1
sterns,1
prescott,1
karcich,1
moncher,1
sassone,1
mauzey,1
schwend,1
sada,1
donilon,1
lostetter,1
catanzaro,1
sade,1
schwemm,1
brammer,1
auiles,1
souvannakhily,1
desjarlais,1
huschle,1
roemen,1
namsaly,1
akwei,1
delligatti,1
lahmers,1
juen,1
juel,1
chisem,1
bostrom,1
notch,1
bickerton,1
sack,1
bator,1
morlan,1
barbier,1
roemer,1
crockette,1
sirpilla,1
stoeckert,1
members,1
morlas,1
judy,1
baton,1
roszel,1
mizee,1
saas,1
morentin,1
saba,1
palischak,1
sabb,1
bowyer,1
sabi,1
dubberly,1
jude,1
gaskamp,1
colleen,1
hanrath,1
gaukel,1
sabe,1
juda,1
duberstein,1
judd,1
calnick,1
brucie,1
poinson,1
hazelrig,1
sheppard,1
ligler,1
schwander,1
steinway,1
quinoes,1
melzer,1
sabo,1
grabowiecki,1
vonasek,1
saal,1
covington,1
saam,1
hageny,1
sherbondy,1
saar,1
saad,1
delco,1
lewellyn,1
shamapande,1
zeleznik,1
dickman,1
marallo,1
delce,1
saab,1
portillo,1
batun,1
pockette,1
macchiarella,1
neidecker,1
paalan,1
delbo,1
zukerman,1
batts,1
sitterding,1
batto,1
schweim,1
schwein,1
cliff,1
portilla,1
juba,1
lippincott,1
sarria,1
clift,1
jubb,1
hagene,1
pesiri,1
batty,1
batte,1
belair,1
smalt,1
dryer,1
batta,1
sarris,1
lautzenheiser,1
mclawhorn,1
hagens,1
smale,1
delay,1
shuttlesworth,1
small,1
deley,1
escue,1
morles,1
frickel,1
spinuzzi,1
bonaventure,1
moynihan,1
benigni,1
guempel,1
click,1
unsworth,1
deleo,1
bussani,1
tradup,1
benigno,1
holdsworth,1
lavergne,1
mozdzierz,1
baadsgaard,1
joswick,1
delee,1
stapel,1
delea,1
chisam,1
kleist,1
morley,1
weech,1
juan,1
bonaventura,1
fricker,1
vanosdel,1
zubke,1
sterle,1
stonum,1
dellenbaugh,1
hively,1
blye,1
osorno,1
kneeskern,1
batra,1
alexis,1
davault,1
simcock,1
perniciaro,1
radebaugh,1
nakonechny,1
mijangos,1
maccarthy,1
escoe,1
kitamura,1
sacchetti,1
paletta,1
peggs,1
goodpaster,1
kleine,1
maytubby,1
notik,1
osorio,1
ladeau,1
notis,1
parlavecchio,1
camano,1
svedin,1
sauvage,1
nealley,1
osoria,1
yankovich,1
pawlowicz,1
yzaguirre,1
heckendorf,1
benedek,1
mcnevin,1
beland,1
hedler,1
schweer,1
pagliuca,1
carinio,1
hedley,1
valorie,1
quider,1
jauregui,1
balsano,1
galiano,1
lampley,1
scullen,1
nquyen,1
bussard,1
pentek,1
delap,1
bakanauskas,1
blum,1
homewood,1
delao,1
hanhardt,1
brayer,1
jaureguy,1
dubler,1
toevs,1
vasiliou,1
zitzmann,1
heitland,1
holstrom,1
sculley,1
konger,1
spendlove,1
clapsaddle,1
fullard,1
roginson,1
denoble,1
stockham,1
sudar,1
smarr,1
sudak,1
ravenscroft,1
sudan,1
blue,1
toews,1
enfield,1
hagele,1
overmyer,1
maceachern,1
synowiec,1
caringi,1
traugott,1
smart,1
remmie,1
beaudin,1
waston,1
deberg,1
mcclatcher,1
succar,1
verville,1
mcclatchey,1
briere,1
alexandropoul,1
mckennie,1
kokubun,1
clint,1
beucke,1
balsamo,1
beaudry,1
maccarter,1
cline,1
hartkopf,1
zottola,1
briese,1
bevel,1
clink,1
grosshans,1
seumanu,1
trudeau,1
cornwell,1
brroks,1
schulteis,1
lowthert,1
skillern,1
krupiak,1
delli,1
lawall,1
cannistraro,1
della,1
pimple,1
brought,1
suder,1
delle,1
bevan,1
indest,1
morison,1
labossiere,1
byfield,1
kinnison,1
whelton,1
barbish,1
hyden,1
althoff,1
storton,1
edgerly,1
pesina,1
galbavy,1
hyder,1
harmeson,1
nyahay,1
kinnie,1
lincourt,1
mcelroy,1
aubuchon,1
weeks,1
borsellino,1
distin,1
helferty,1
mccuaig,1
hervey,1
verghese,1
mahomly,1
lamborn,1
alzate,1
fishel,1
nathans,1
lewellen,1
anacker,1
hoshall,1
degroote,1
slingerland,1
setera,1
ventrice,1
munzell,1
delfi,1
collett,1
mccreadie,1
weeda,1
bitton,1
sanlatte,1
esche,1
kelderman,1
loflen,1
klepchick,1
okubo,1
wilkison,1
festerman,1
balluch,1
lastinger,1
delfs,1
drainer,1
parrington,1
bevis,1
gloston,1
bevil,1
brient,1
neuwirth,1
kinnon,1
kaszuba,1
maguire,1
bauch,1
brieno,1
bauce,1
hoyal,1
hannasch,1
debell,1
kleier,1
haveman,1
uccellini,1
koester,1
krawczyk,1
denoon,1
pendley,1
dufficy,1
mohrmann,1
keville,1
wixon,1
wixom,1
hervig,1
dantonio,1
bever,1
entler,1
ladden,1
delia,1
spanicek,1
stonis,1
huban,1
sawina,1
mcglawn,1
weege,1
grinner,1
morisky,1
okuda,1
bruschi,1
delio,1
skillett,1
chisum,1
heintz,1
linderman,1
deliz,1
sabiston,1
sherrock,1
kinnan,1
woolever,1
knoeppel,1
flagge,1
guthmiller,1
stonge,1
cadotte,1
bauer,1
parzych,1
rippetoe,1
dreyfuss,1
posusta,1
flaggs,1
tosten,1
shifflett,1
ploszaj,1
denoia,1
bevly,1
demetriou,1
baugh,1
okuna,1
dammeyer,1
pellitier,1
clive,1
mahomes,1
plonka,1
lamudio,1
maenaga,1
landacre,1
permann,1
pesick,1
pasinski,1
liddell,1
okuno,1
huard,1
bramlet,1
caughlin,1
ternes,1
southern,1
dieterle,1
flagel,1
souhrada,1
weers,1
mckennon,1
banasiak,1
flager,1
southers,1
winegar,1
katsbulas,1
distad,1
haver,1
edgar,1
goldfarb,1
stoney,1
haven,1
havel,1
ulven,1
terney,1
deluz,1
weese,1
lawary,1
delva,1
bittle,1
bruder,1
callegari,1
wohlfarth,1
bramley,1
fricke,1
renderos,1
trudell,1
fricks,1
stones,1
havey,1
stoner,1
magouyrk,1
hervol,1
ringhand,1
benedum,1
dorazio,1
heinze,1
kinner,1
zucca,1
schultens,1
obermuller,1
debeer,1
kinney,1
laware,1
zucco,1
clise,1
enochs,1
fisher,1
vanderboom,1
recendez,1
francoise,1
collelo,1
nowell,1
clish,1
apley,1
spiller,1
buttars,1
tomkiewicz,1
sudol,1
deloy,1
blosfield,1
buttaro,1
chisom,1
buttari,1
zemjanis,1
falzarano,1
brookover,1
grabarczyk,1
weems,1
jamwant,1
deloe,1
lucksom,1
delos,1
bottomley,1
fitanides,1
meggers,1
quilliams,1
delon,1
morisey,1
carballo,1
lighthill,1
kowalowski,1
gerhauser,1
attilio,1
clipp,1
iverslie,1
delph,1
mieloszyk,1
rombough,1
tofil,1
chamble,1
girgenti,1
havis,1
havir,1
okula,1
roelle,1
ulvan,1
eichmann,1
holbach,1
delre,1
distel,1
shiers,1
weitzel,1
zlotnick,1
omdahl,1
huscher,1
gobler,1
teschner,1
gacusan,1
hemric,1
nkomo,1
barbini,1
nivison,1
podwoski,1
masiclat,1
howat,1
elhard,1
dochterman,1
morioka,1
ethridge,1
govindeisami,1
andera,1
picciano,1
stokke,1
burows,1
cloonan,1
leandry,1
zanter,1
handwerk,1
andert,1
gamela,1
mcniel,1
biddix,1
pumarejo,1
pensa,1
tokay,1
ickes,1
barbano,1
hedrington,1
tokar,1
novencido,1
grizzell,1
blakley,1
pense,1
andere,1
penso,1
rosebur,1
stickel,1
zadina,1
renteria,1
biddie,1
sticker,1
gruening,1
anderl,1
anders,1
penta,1
pittelkow,1
clarendon,1
haraguchi,1
nimtz,1
mcniff,1
roacho,1
trygg,1
mulhollen,1
pentz,1
wordell,1
neufer,1
sprouffske,1
beetley,1
caddick,1
roache,1
brazil,1
unthank,1
penuel,1
dickens,1
stubbins,1
brazie,1
howen,1
barnell,1
hower,1
skyles,1
howes,1
hanavan,1
broomhead,1
gawthorp,1
annonio,1
birthwright,1
gouger,1
hewatt,1
heiple,1
bitonti,1
gaucin,1
barness,1
orabuena,1
zoucha,1
kashani,1
becklund,1
biddle,1
febbraio,1
fatica,1
hookano,1
macpartland,1
hassanein,1
zweifel,1
trevillion,1
peckenpaugh,1
diorio,1
barners,1
lozeau,1
bixby,1
blailock,1
bruccoleri,1
tryba,1
ivaska,1
rienstra,1
stueber,1
sievertsen,1
sumida,1
strasters,1
ashworth,1
brazle,1
montanari,1
deschepper,1
zarella,1
frobish,1
montanaro,1
marmolejo,1
goldfeld,1
gianandrea,1
dubois,1
koslow,1
oguinn,1
steman,1
ventura,1
penya,1
leandro,1
bixel,1
grochowski,1
zabenko,1
hoerter,1
freeze,1
ruhoff,1
dickert,1
venture,1
hillsgrove,1
soileau,1
sukhu,1
venturi,1
daddona,1
beuth,1
ravotta,1
symon,1
beute,1
vonderkell,1
hockaday,1
waszmer,1
jebbett,1
haxton,1
penix,1
holweger,1
waddington,1
heward,1
shellenbarger,1
whiters,1
kiniry,1
baldrey,1
hufstedler,1
sharpsteen,1
morson,1
miyao,1
offutt,1
hassler,1
ebanks,1
coolbaugh,1
ferlenda,1
engelhart,1
halliburton,1
paskett,1
jakuboski,1
narducci,1
pavelko,1
hoskinson,1
williston,1
zantow,1
reynalds,1
lennihan,1
obregon,1
prestage,1
pavelka,1
guillette,1
baldree,1
howle,1
zermeno,1
abdelaziz,1
wiste,1
abbadessa,1
nelisse,1
barbati,1
stenerson,1
barnett,1
laseter,1
barbato,1
romines,1
hantzarides,1
wekenborg,1
brazan,1
stemen,1
sawney,1
phonharath,1
djuric,1
paskert,1
yetto,1
gamero,1
codner,1
chillemi,1
seybold,1
indeck,1
steinberger,1
balcitis,1
lofland,1
penna,1
gauntlett,1
haxby,1
feggins,1
sonoda,1
goliday,1
howey,1
workman,1
mutton,1
mennella,1
welters,1
estridge,1
mountjoy,1
curameng,1
patane,1
blad,1
barbaro,1
leflore,1
blaydon,1
trocchio,1
oertel,1
barbare,1
tauscher,1
pomeroy,1
barbara,1
golladay,1
blau,1
pehowic,1
tabbert,1
blas,1
grealish,1
markstrom,1
tedrow,1
blan,1
kinion,1
reynaldo,1
pommer,1
penny,1
pavella,1
staneart,1
oberhaus,1
taraschke,1
patierno,1
nimrod,1
dubose,1
engelhard,1
defoe,1
cirocco,1
livengood,1
paddock,1
schiele,1
schield,1
aubert,1
lampson,1
stoudenmire,1
mistry,1
marvray,1
holdaway,1
mcnish,1
turano,1
higashi,1
dubord,1
beuse,1
brazee,1
mccleveland,1
whelehan,1
rychlicki,1
brazen,1
mandaloniz,1
howie,1
brazel,1
montemurro,1
fester,1
simpliciano,1
cherep,1
blem,1
howse,1
zahnke,1
giehl,1
remondini,1
windover,1
bayardo,1
blew,1
bley,1
ciotti,1
mortis,1
kroft,1
galayda,1
allbritten,1
bambrick,1
mortin,1
blea,1
hawks,1
blee,1
grahams,1
chrestman,1
doering,1
uhlir,1
huotari,1
dennen,1
simmelink,1
rieves,1
denner,1
patajo,1
washmuth,1
uhlig,1
zolman,1
ricciardelli,1
kroes,1
howry,1
dworak,1
pataki,1
duffett,1
apker,1
prejsnar,1
maratos,1
denney,1
travillian,1
degen,1
kottraba,1
wolfing,1
misura,1
luckner,1
benedict,1
hazelhurst,1
krohn,1
goldman,1
sundahl,1
gellinger,1
elhadi,1
glosser,1
inghram,1
benedick,1
padillia,1
mixer,1
stemme,1
quickle,1
symes,1
zaremba,1
krogh,1
mcburney,1
tennessee,1
maycock,1
blackmoore,1
winick,1
blay,1
esparza,1
degeorge,1
niner,1
stanislaw,1
epperly,1
duboise,1
fandino,1
kulzer,1
rhody,1
centorino,1
wisse,1
morter,1
shimer,1
diegel,1
bermudez,1
mackenthun,1
veasley,1
bashara,1
lamaitre,1
janhunen,1
lofstrom,1
stavrositu,1
mardesich,1
tissot,1
morten,1
honeysucker,1
dennig,1
mortel,1
lansdale,1
dennie,1
vasiloff,1
orange,1
pavelec,1
schoenrock,1
dennin,1
tetrick,1
burpee,1
dennis,1
shimek,1
freels,1
hedeen,1
oertle,1
sorrel,1
vankomen,1
collman,1
schutter,1
diffendal,1
tausch,1
urraca,1
feltenberger,1
elhassan,1
aksoy,1
daudelin,1
ritchlin,1
stokan,1
kosman,1
spanner,1
ninke,1
facello,1
pilgrim,1
damberger,1
woodling,1
trasher,1
barbaza,1
luening,1
ciotta,1
hawke,1
jeavons,1
wardwell,1
segundo,1
governale,1
mcchriston,1
wison,1
rhode,1
bermudes,1
rhodd,1
groskreutz,1
wisor,1
misumi,1
berenguer,1
krock,1
rhoda,1
didriksen,1
trembinski,1
bazelais,1
lecocq,1
rhoad,1
welland,1
kronk,1
schwabenbauer,1
boshard,1
macadangdang,1
glosson,1
hyche,1
sickafoose,1
okoye,1
wiser,1
giere,1
wansing,1
giera,1
bedgood,1
krone,1
breault,1
loberg,1
jubert,1
penza,1
rhoan,1
allbritton,1
hemanes,1
nestingen,1
beaulac,1
celeste,1
krome,1
stickle,1
avolio,1
maimone,1
lacewell,1
kromm,1
wiedrich,1
mazanec,1
stokey,1
bentzen,1
giese,1
haselton,1
hulstrand,1
piskura,1
teigen,1
meireles,1
stokel,1
ninos,1
fuhri,1
holroyd,1
berkbigler,1
kropp,1
nuccitelli,1
culverson,1
stoker,1
stokes,1
boshart,1
mutter,1
sadolsky,1
kropf,1
wisch,1
shimko,1
danoski,1
sukup,1
hubner,1
kroon,1
gaudio,1
gaudin,1
mixon,1
sixtos,1
giesy,1
spilski,1
vietor,1
sukut,1
thornell,1
schwede,1
uhler,1
uhles,1
bosworth,1
penrice,1
schweda,1
roethel,1
wellard,1
zahnow,1
koning,1
jipson,1
fesperman,1
brillant,1
gietz,1
webley,1
lobell,1
litmanowicz,1
sitosky,1
hagler,1
romaniak,1
huddleson,1
jaeschke,1
carvajal,1
krois,1
schnyer,1
stahle,1
sowders,1
foresta,1
clevinger,1
hayslip,1
stahly,1
corathers,1
cominotti,1
hagley,1
gniewek,1
fedderly,1
roaden,1
roades,1
howze,1
blom,1
degan,1
blok,1
coughenour,1
irene,1
kroll,1
landing,1
steinbrecher,1
landini,1
blow,1
netherland,1
notte,1
shimon,1
chauffe,1
chubicks,1
veerkamp,1
vietti,1
notto,1
klosterman,1
kaufhold,1
freese,1
gaudet,1
notti,1
corsilles,1
romanick,1
hawse,1
robaina,1
panfilov,1
hendsbee,1
vanschoiack,1
gabrysch,1
goldston,1
hanauer,1
rynn,1
nedrow,1
raczka,1
krows,1
sinning,1
pursell,1
rieland,1
moschetti,1
nothnagel,1
circelli,1
artega,1
bremseth,1
orlinski,1
benedith,1
tenamore,1
brehm,1
ryon,1
klegin,1
gulledge,1
moschetto,1
pritz,1
orlinsky,1
fyler,1
deere,1
fyles,1
stolpe,1
donnell,1
mattioli,1
rievley,1
pritt,1
deglopper,1
mccrossen,1
ryll,1
donnely,1
ryle,1
stolly,1
sylva,1
brege,1
sylve,1
denhartog,1
krout,1
spoelstra,1
vranek,1
ginsburg,1
krous,1
salmonsen,1
askegren,1
stairs,1
deese,1
burnum,1
voetmann,1
vranes,1
billotti,1
tolen,1
shiloh,1
toler,1
toles,1
beuther,1
blenker,1
banke,1
prisk,1
mcadams,1
billotte,1
henderlite,1
violette,1
rondell,1
deschamps,1
palermo,1
hoopes,1
hooper,1
colecchi,1
ogles,1
novoa,1
bolster,1
brees,1
breer,1
cloke,1
mattione,1
violetta,1
buhite,1
freimark,1
mcelhinney,1
banko,1
ogley,1
finwall,1
banks,1
dedrickson,1
breed,1
deetz,1
pothoven,1
speakman,1
deets,1
breen,1
kitsmiller,1
kross,1
close,1
everleth,1
stockard,1
bidell,1
brihon,1
bredy,1
vanvickle,1
mizrahi,1
brede,1
okoro,1
bania,1
theiler,1
mayrose,1
iarossi,1
breda,1
fidsky,1
rysz,1
krotz,1
roethle,1
sonnabend,1
stolte,1
clore,1
tolar,1
edith,1
whorton,1
dikes,1
diket,1
chaumont,1
banik,1
diker,1
schouweiler,1
gosewisch,1
wiedman,1
thammorongsa,1
myklebust,1
banis,1
smietana,1
stolts,1
baney,1
sallmen,1
mcglohon,1
bohnenblust,1
prive,1
caballes,1
banez,1
cuddington,1
yeske,1
dinola,1
beynon,1
brech,1
breck,1
devenport,1
alsbrooks,1
england,1
clopp,1
loiseau,1
tolan,1
feierman,1
katzenbach,1
kuhens,1
staudenmeier,1
fraction,1
thevenin,1
dottavio,1
gucciardi,1
dovenmuehler,1
santagata,1
franich,1
bjorlin,1
elleby,1
gucciardo,1
brean,1
tomblin,1
bream,1
driggins,1
shilts,1
moevao,1
bigford,1
cloos,1
bangs,1
breau,1
breaz,1
amancio,1
sorrow,1
straughan,1
bandt,1
kinerson,1
ostler,1
kothenbeutel,1
aemmer,1
koskie,1
betti,1
banda,1
ivins,1
berenger,1
sylla,1
bread,1
eberts,1
taschereau,1
metzinger,1
dicharry,1
betts,1
nauyen,1
betty,1
banet,1
banes,1
zahner,1
baligod,1
morron,1
zahnen,1
santigo,1
schoenmaker,1
prill,1
banek,1
robinso,1
piertraccini,1
moreschi,1
morrow,1
pollutro,1
prime,1
lofink,1
prima,1
konick,1
brumfield,1
sonnee,1
fylnn,1
thurness,1
hamamoto,1
bandy,1
sweazey,1
digrande,1
cloer,1
novel,1
burlile,1
swithenbank,1
theilen,1
sonner,1
talent,1
sonnen,1
lofing,1
giger,1
hacher,1
sonnek,1
wirta,1
betry,1
hachez,1
hachey,1
wirth,1
gastellum,1
banas,1
stoltz,1
wujcik,1
banco,1
coryell,1
cottle,1
schustrich,1
clock,1
schifko,1
hovis,1
wirtz,1
rothberg,1
hendershott,1
oldenburg,1
bance,1
mastine,1
quickel,1
barvosa,1
sparrow,1
segars,1
tuminello,1
degeare,1
huffstutter,1
ryun,1
dansereau,1
gerbino,1
deeks,1
sanzone,1
hattier,1
burling,1
canestrini,1
ostlie,1
mizwicki,1
wisehart,1
travillion,1
mcburnie,1
ellsbury,1
arbour,1
cheser,1
deely,1
prior,1
dinora,1
mansmann,1
hovey,1
orewiler,1
skarzynski,1
gebauer,1
risinger,1
adickes,1
englade,1
vandixon,1
bingman,1
fujii,1
hayer,1
hayes,1
hayek,1
simank,1
atchison,1
segala,1
deems,1
sabellico,1
mccrossin,1
smetak,1
cordoba,1
novik,1
arrieta,1
kjelland,1
segall,1
adelgren,1
cottom,1
seneker,1
cotton,1
rhone,1
goggin,1
hovde,1
primm,1
primo,1
jacobsohn,1
buccheri,1
lassiter,1
quella,1
lampron,1
pendill,1
lampros,1
muckleroy,1
szulimowski,1
hovda,1
haydt,1
haydu,1
fausnaugh,1
prine,1
inkavesvanitc,1
altmiller,1
jimmerson,1
bolstad,1
emrick,1
emrich,1
rhome,1
pring,1
prinn,1
dammann,1
morris,1
roeker,1
hover,1
pozzuoli,1
morrin,1
hoven,1
prins,1
goldfischer,1
zenbaver,1
wehmeier,1
prinz,1
okolo,1
okoli,1
lavzon,1
skipworth,1
lauterborn,1
deruso,1
fessel,1
crichton,1
stolze,1
uribazo,1
sobeck,1
froozy,1
elsheimer,1
valasquez,1
petrilli,1
tolve,1
survant,1
whitely,1
deluccia,1
michelstein,1
blakemore,1
stivers,1
brazzi,1
petrillo,1
stella,1
pendl,1
meredith,1
pride,1
cordovi,1
smallwood,1
lalone,1
slipper,1
laferte,1
leander,1
petrilla,1
brugler,1
lampsas,1
culcasi,1
suwannakintho,1
dinovi,1
capalbo,1
dinovo,1
rosenbrook,1
denman,1
cottam,1
eberle,1
homerding,1
santini,1
bolebruch,1
price,1
declark,1
sassman,1
gardinier,1
prich,1
winham,1
pratten,1
simard,1
santino,1
webster,1
hallenbeck,1
eberly,1
dzama,1
luckman,1
defee,1
zuehlke,1
paskell,1
pardall,1
koslan,1
andebe,1
defeo,1
brevo,1
ellens,1
pence,1
amesquita,1
wenstrom,1
brockett,1
brockert,1
penas,1
capaldo,1
ellena,1
mollison,1
cousineau,1
stelly,1
mcnitt,1
whiteis,1
steurer,1
delucchi,1
cordoza,1
quillman,1
prial,1
capaldi,1
syler,1
melecio,1
stelle,1
hendrickx,1
hendricks,1
bashline,1
penaz,1
annarino,1
stello,1
novak,1
ryce,1
novad,1
cronholm,1
dollings,1
brett,1
sininger,1
bretz,1
betit,1
shiley,1
morsey,1
turnner,1
stmartin,1
schiess,1
ducharme,1
langlitz,1
rondeau,1
durrwachter,1
stempert,1
ellett,1
edick,1
hagelgans,1
breth,1
bretl,1
cotter,1
edmond,1
trodden,1
flesch,1
cottew,1
ryba,1
markworth,1
cotten,1
reimund,1
shedrick,1
penha,1
prigg,1
fernandz,1
stansbury,1
bernardin,1
fernando,1
betha,1
trollope,1
gerbitz,1
geach,1
prattis,1
defir,1
reynero,1
clapper,1
frescas,1
stolar,1
eberst,1
doucett,1
peskin,1
hamalak,1
segawa,1
trantham,1
eberth,1
marashi,1
ryal,1
ellery,1
ellers,1
ryan,1
sydney,1
shyne,1
ellert,1
prier,1
kattner,1
kingry,1
pries,1
brest,1
labkovsky,1
sydner,1
sydnes,1
dambakly,1
ellerd,1
pleasanton,1
hollobaugh,1
penez,1
parkerson,1
ballweg,1
papetti,1
pergerson,1
priem,1
shirilla,1
kennealy,1
novas,1
turbin,1
dilillo,1
venghaus,1
cordona,1
tromley,1
zynda,1
ratley,1
cordone,1
slaymaker,1
rygg,1
sorsby,1
birden,1
nimmo,1
stepney,1
raczak,1
ledermann,1
tarpley,1
stunkard,1
bantz,1
phetteplace,1
osthoff,1
tryon,1
nouri,1
kiphart,1
hunger,1
nowlan,1
noury,1
stolfi,1
banta,1
ryen,1
brend,1
ryer,1
closs,1
barbagelata,1
mccornack,1
nowlen,1
tolly,1
breitbart,1
brockell,1
nimox,1
ryea,1
stoler,1
brent,1
iannone,1
charping,1
nimon,1
haywood,1
holdvogt,1
banse,1
tolle,1
szopinski,1
galicia,1
wirch,1
ernandez,1
kinville,1
nouth,1
cherne,1
turben,1
kierzewski,1
turber,1
turbes,1
zackery,1
stoldt,1
kapichok,1
cloud,1
dalphonse,1
breon,1
dagata,1
cherny,1
cimiano,1
stonebrook,1
flanders,1
dempster,1
stolle,1
wirfs,1
zelkind,1
zywiec,1
crusinberry,1
mannebach,1
gottardo,1
zavadoski,1
ryks,1
toepfer,1
roghair,1
stowman,1
betak,1
elefritz,1
wiren,1
marasco,1
wires,1
keidong,1
etchison,1
birdin,1
nowley,1
sporich,1
mesidor,1
caspari,1
hayword,1
volking,1
koogler,1
passino,1
brems,1
sobers,1
sydnor,1
sobery,1
passini,1
egleston,1
feibusch,1
breit,1
banos,1
caspary,1
salwasser,1
beuthin,1
denmon,1
nowlin,1
kolarik,1
sannella,1
zerbel,1
lapeyrouse,1
uffelman,1
wyrostek,1
fondriest,1
stelzl,1
elguezabal,1
cordoua,1
goldner,1
maiava,1
vascocu,1
zwilling,1
bozinovich,1
zbierski,1
papazian,1
bernardon,1
laferty,1
esera,1
staine,1
espericueta,1
stains,1
tolin,1
guadalajara,1
nyseth,1
staino,1
cherry,1
cloyd,1
cordova,1
dolores,1
flamio,1
deritis,1
kinkin,1
birt,1
ewbank,1
waszak,1
birr,1
biro,1
mcmartin,1
masterton,1
liddick,1
birk,1
beste,1
mennenga,1
ruhman,1
gearn,1
bisi,1
rumery,1
bish,1
willeford,1
rechtzigel,1
lucero,1
bise,1
librandi,1
acord,1
tatsuno,1
letsinger,1
foutain,1
bracamontes,1
zellmann,1
bereznak,1
hotze,1
bastianelli,1
seeholzer,1
biss,1
palazzolo,1
ryback,1
alvizo,1
mankoski,1
hohenbrink,1
cendan,1
kingman,1
mohseni,1
moravick,1
serapio,1
rothmiller,1
schonfeld,1
peltz,1
pelto,1
rodrequez,1
goettsch,1
schoellkopf,1
kinkle,1
pinkleton,1
lennert,1
faretra,1
trenbeath,1
fenstermaker,1
franceschi,1
quinlin,1
mcmonigle,1
mesecar,1
beldon,1
eichorn,1
geary,1
langdale,1
laserna,1
spicher,1
quigley,1
brdar,1
carlone,1
bird,1
carloni,1
rieske,1
roshannon,1
oshiro,1
binn,1
bink,1
walquist,1
catania,1
dresel,1
bing,1
birdon,1
schilder,1
dildy,1
belyoussian,1
dilda,1
binz,1
fonner,1
olubunmi,1
streicher,1
flamer,1
nevland,1
sokolski,1
bilodeau,1
guanche,1
dileo,1
swierczynski,1
hazan,1
diles,1
amunrud,1
diley,1
pelot,1
glotfelty,1
pelow,1
zimlich,1
klukken,1
tajudeen,1
oshima,1
jessamy,1
furlough,1
brizendine,1
sokolsky,1
pearyer,1
truiolo,1
clepper,1
birdow,1
gealy,1
mcilwraith,1
essinger,1
quinley,1
strothmann,1
dresch,1
bile,1
dethomas,1
bill,1
reynaud,1
ollmann,1
longstaff,1
kuchera,1
palazzola,1
bartuska,1
lights,1
marzella,1
whitham,1
lassalle,1
simister,1
wiersema,1
bowersmith,1
acors,1
geans,1
hepworth,1
geant,1
lizana,1
carstens,1
lighty,1
kownacki,1
mandoza,1
biven,1
hedgecock,1
schacter,1
chaudet,1
facenda,1
akram,1
bina,1
elkayam,1
alessandrini,1
jaysura,1
marcantel,1
zomberg,1
sittloh,1
lynady,1
neidert,1
pelis,1
alviso,1
heathcock,1
paongo,1
brensel,1
turnley,1
drapeaux,1
stolinski,1
minnie,1
nilan,1
cynthia,1
vanbeck,1
tomasetti,1
robinett,1
lamprecht,1
ziebarth,1
rapier,1
rossing,1
kazan,1
rossini,1
kazar,1
maciarello,1
cariker,1
galeano,1
boulette,1
richberg,1
weyhrauch,1
harriger,1
cowling,1
houck,1
reynard,1
alvira,1
hazel,1
aarestad,1
huguley,1
hazen,1
dilan,1
galeana,1
houch,1
hazer,1
elberson,1
maalouf,1
meharg,1
moberley,1
pella,1
houde,1
alerte,1
mallach,1
baltierra,1
minney,1
orobona,1
ditommaso,1
donnellon,1
olshefski,1
minner,1
pelle,1
heusner,1
quinlan,1
kazda,1
maendel,1
matuszek,1
hyams,1
salzar,1
domebo,1
zuluaga,1
bryton,1
hiestand,1
vanbeek,1
vasguez,1
diotte,1
tiogangco,1
gozalez,1
acoff,1
neubaum,1
latunski,1
zumbrunnen,1
kohrman,1
genier,1
viesca,1
lamunyon,1
peles,1
klingerman,1
houey,1
hannegan,1
olckhart,1
houff,1
paciolla,1
restivo,1
bingler,1
drust,1
wishman,1
sorola,1
oshita,1
riesgo,1
cumiskey,1
horkley,1
kruczek,1
alvino,1
stofsky,1
mirchandani,1
alvine,1
hough,1
houge,1
luloff,1
arebela,1
frontz,1
bingley,1
hyatt,1
kazee,1
cordrey,1
lucena,1
morneau,1
hazim,1
edlow,1
harrigan,1
rieser,1
terinoni,1
rockman,1
genich,1
klinekole,1
minnis,1
matuszak,1
rempel,1
mckentie,1
mitrani,1
walinski,1
coviello,1
pingitore,1
bitz,1
minnix,1
riesen,1
bumbalough,1
guilboard,1
oberpriller,1
delaguardia,1
hazle,1
bernardez,1
walkowski,1
soroka,1
besse,1
drury,1
coppess,1
treherne,1
fauntleroy,1
houis,1
mannings,1
besso,1
brugman,1
kazin,1
lucear,1
artale,1
lamprey,1
morral,1
troche,1
haefner,1
besen,1
slackman,1
ocanaz,1
ziolkowski,1
boothe,1
battistoni,1
beser,1
battistone,1
roeger,1
ocanas,1
mclarty,1
abrantes,1
winget,1
onisick,1
denley,1
zurcher,1
winger,1
allison,1
silvers,1
typhair,1
mehall,1
gollhofer,1
roegge,1
phanthanouvon,1
piontek,1
dieteman,1
chachere,1
kissell,1
chesla,1
haverly,1
tilbury,1
barrios,1
stentzel,1
rainbolt,1
dernier,1
burnap,1
burnam,1
hiteman,1
edlin,1
cassanova,1
sarwar,1
barak,1
seacrest,1
sellner,1
baral,1
caughorn,1
chapdelaine,1
abbington,1
barad,1
wyland,1
vanwingerden,1
guarino,1
clabaugh,1
huggard,1
clemson,1
hayne,1
converse,1
suitt,1
schuyleman,1
suits,1
christmann,1
barrile,1
yardley,1
guarini,1
deily,1
kuehneman,1
jodoin,1
booten,1
gebel,1
cavins,1
nowak,1
drumm,1
neurohr,1
mendell,1
hothan,1
doughtery,1
turcio,1
dorminy,1
marotta,1
liddiard,1
bocskor,1
marotte,1
douthit,1
houle,1
marotti,1
monckton,1
magginson,1
selbert,1
marotto,1
laffitte,1
grosclaude,1
terrone,1
kazmi,1
morren,1
hayoz,1
barca,1
amoros,1
luckadoo,1
barco,1
albritton,1
barch,1
ulsamer,1
barck,1
barbu,1
groenke,1
barbo,1
besio,1
bergfalk,1
deike,1
morrey,1
uboldi,1
dillinger,1
justason,1
niles,1
barby,1
barbe,1
coppens,1
barba,1
floore,1
maclain,1
schreimann,1
spurrier,1
addleman,1
nierenberg,1
cavitt,1
fellows,1
burnet,1
baras,1
burnes,1
burner,1
soffer,1
baran,1
soffel,1
damewood,1
baray,1
kosoff,1
baraw,1
lenberg,1
conorich,1
quelch,1
beska,1
edler,1
ivens,1
iliffe,1
kiebler,1
burney,1
acoba,1
beske,1
stribble,1
palfreyman,1
hayre,1
barda,1
salzer,1
houpt,1
barde,1
oppenheim,1
bardo,1
deihl,1
nevilles,1
acock,1
houpe,1
ventress,1
hayse,1
edley,1
strzelczyk,1
gladish,1
lobbins,1
hayth,1
christoforou,1
stepan,1
housh,1
dirollo,1
suing,1
house,1
lanouette,1
baque,1
rosenthal,1
hoopii,1
fotheringham,1
okray,1
houltberg,1
gossage,1
nowick,1
alviar,1
ellias,1
lindenmuth,1
elliam,1
mallard,1
moeser,1
birely,1
farabaugh,1
vierra,1
rainbott,1
wichland,1
haworth,1
stoica,1
grafenstein,1
turybury,1
lizama,1
bornman,1
burnie,1
vierps,1
viguerie,1
barritt,1
capracotta,1
knedler,1
caramella,1
bivin,1
leibowitz,1
francescon,1
mallary,1
sittman,1
sturdivant,1
mallari,1
edlao,1
ivery,1
ivers,1
maulsby,1
mcleary,1
sumlar,1
houts,1
deida,1
ramaswamy,1
moesch,1
pafundi,1
chrysler,1
gaufin,1
lamblin,1
michalowski,1
hinzmann,1
houtz,1
deschaine,1
fronek,1
holzinger,1
lebarron,1
genito,1
gordils,1
saccone,1
mendesa,1
flanery,1
hamiter,1
copass,1
dimling,1
maniatis,1
sickels,1
drude,1
peasnall,1
barrish,1
turchi,1
willington,1
vigueras,1
goerner,1
delamater,1
dirienzo,1
bilchak,1
fronce,1
hiscock,1
hedger,1
stasiuk,1
caulfield,1
druck,1
hedges,1
holtmann,1
kinker,1
hulshoff,1
jenkin,1
suite,1
kinkel,1
cavill,1
krygier,1
silveri,1
besch,1
rusiecki,1
padgette,1
vanderschaege,1
missel,1
tanzman,1
besco,1
pelyo,1
silvera,1
portello,1
leheny,1
lethco,1
amorim,1
vickerman,1
drube,1
hassing,1
rumschlag,1
missey,1
kilcrease,1
amorin,1
edgeman,1
breitenbucher,1
wolthuis,1
houze,1
stromski,1
gossack,1
ocallahan,1
czlapinski,1
glaviano,1
salmonson,1
besaw,1
hoople,1
sumler,1
rifenburg,1
duchesne,1
suire,1
lepley,1
berth,1
vanderheyden,1
primeau,1
berte,1
rhodehamel,1
mcgarrigle,1
berti,1
berto,1
tiedemann,1
gverrero,1
sumlin,1
hibshman,1
cleaveland,1
natcher,1
sirkoch,1
lagatella,1
tretter,1
mchenry,1
reuven,1
doggette,1
tanberg,1
debari,1
meisinger,1
deyarmond,1
vetterkind,1
berganza,1
bohnker,1
caswell,1
konkle,1
irani,1
tsutsui,1
southwick,1
jacaruso,1
polczynski,1
berum,1
chepiga,1
amores,1
schwabe,1
stjulian,1
franken,1
frankel,1
brenton,1
thoennes,1
newbauer,1
outzen,1
beougher,1
berri,1
mckensie,1
snellen,1
saladino,1
depeyster,1
maffitt,1
sneller,1
mclaren,1
weidler,1
sauveur,1
hosterman,1
ladika,1
melvin,1
berry,1
popescu,1
fromme,1
friedhaber,1
cerrello,1
minors,1
arntzen,1
thyfault,1
javaux,1
lichtenberg,1
wiuff,1
jaurigue,1
fulco,1
trudics,1
debarr,1
poutre,1
jaurigui,1
padamadan,1
boggus,1
berkovitch,1
neizer,1
colquitt,1
heisse,1
kunshier,1
fulda,1
berta,1
ocampo,1
hoosier,1
palamara,1
danziger,1
collick,1
trettin,1
tatlock,1
hamiton,1
mckowen,1
prellwitz,1
godette,1
diloreto,1
holdness,1
hackbart,1
hatake,1
minott,1
hatala,1
giorgianni,1
adkins,1
mccastle,1
kikuchi,1
setaro,1
mamula,1
joynes,1
dimes,1
mcalhaney,1
fergeson,1
fluhman,1
nuce,1
dimeo,1
spartin,1
joyner,1
quisenberry,1
hagist,1
beabout,1
mesoloras,1
yeung,1
abbitt,1
fenniman,1
mofield,1
romanini,1
vieths,1
gilmartin,1
collica,1
pignotti,1
skovlund,1
mcmannus,1
ehlman,1
collier,1
konkol,1
pervine,1
dausch,1
maccord,1
island,1
swimmer,1
offret,1
szaflarski,1
osowski,1
stroinski,1
heaston,1
neugin,1
miura,1
arneberg,1
janysek,1
kalberer,1
kappelmann,1
dersch,1
stirrup,1
deierlein,1
lebovic,1
thouvenel,1
sabados,1
berlo,1
heimann,1
schmeisser,1
hassian,1
arreaga,1
maccoll,1
woodliff,1
tiffee,1
kolesar,1
kinniburgh,1
iyengar,1
duyer,1
morphy,1
nunz,1
barrier,1
nuno,1
coulston,1
nunn,1
barries,1
saulter,1
ladieu,1
ambroziak,1
wiltrout,1
pesner,1
massenberg,1
degre,1
muralles,1
hagins,1
beckstrand,1
clinkscales,1
nuon,1
getachew,1
collins,1
dimas,1
pittillo,1
schwald,1
schwalb,1
barriga,1
mojica,1
lofties,1
halifax,1
hassick,1
quarrell,1
degro,1
wickizer,1
medawar,1
booton,1
dinneen,1
kizewski,1
jinkins,1
zylka,1
buhmann,1
talicska,1
apgar,1
ruhnke,1
aarsvold,1
kleese,1
null,1
berks,1
dingeldein,1
noxon,1
berky,1
ladick,1
bryson,1
freeby,1
plessinger,1
berka,1
steinborn,1
fulks,1
seaholm,1
tijing,1
schwalm,1
crannell,1
schwall,1
ulrey,1
stasiak,1
farrauto,1
berke,1
bankston,1
terron,1
rusinko,1
gieck,1
burciaga,1
schaunaman,1
tetreau,1
tiffin,1
standerfer,1
brigantino,1
peetoom,1
flesher,1
putalavage,1
belliston,1
baerga,1
berra,1
schattschneid,1
dangler,1
alesse,1
alessi,1
goldhaber,1
heimark,1
trebesch,1
baughman,1
smsith,1
hatada,1
gobrecht,1
reichel,1
gilpatric,1
gossard,1
colling,1
berns,1
bernt,1
collini,1
berno,1
gilding,1
duguay,1
rappleyea,1
sauchez,1
berni,1
suhar,1
bernd,1
liukko,1
barrick,1
stainback,1
berne,1
billups,1
sailors,1
nuhn,1
archiopoli,1
stainbach,1
berna,1
kinabrew,1
turnbough,1
blenman,1
degon,1
edgemon,1
frigge,1
bartosiak,1
oedekerk,1
konkel,1
goodhart,1
landham,1
hotek,1
loncaric,1
berdy,1
schwarz,1
witry,1
holbein,1
santamaria,1
frankum,1
peleg,1
cornwall,1
schwart,1
winsett,1
munguia,1
vondrasek,1
beres,1
wenzel,1
trevillian,1
delgenio,1
bias,1
zwolensky,1
beren,1
bedenfield,1
warbritton,1
ligget,1
macintyre,1
herline,1
zeidman,1
herling,1
cellucci,1
burman,1
alesna,1
schwark,1
didlake,1
schwarm,1
sinitiere,1
zoller,1
yemchuk,1
greinke,1
flakne,1
frashure,1
nobriga,1
reichow,1
dehne,1
cordray,1
bica,1
searchfield,1
lasanta,1
sarvas,1
witty,1
barbeau,1
fredin,1
bice,1
pelch,1
kanduth,1
meggitt,1
witts,1
bick,1
miraglia,1
saucier,1
debaca,1
charleston,1
sferra,1
berch,1
cashdollar,1
weaks,1
lahmann,1
beras,1
deback,1
bibb,1
nutt,1
dewaele,1
evenstad,1
burlingham,1
hilyar,1
zamostny,1
schwass,1
hinckley,1
tauras,1
balagtas,1
syner,1
pelak,1
losacco,1
bibo,1
origer,1
sitaca,1
duzan,1
biby,1
ochoa,1
witte,1
hodgman,1
muterspaw,1
seahorn,1
nuss,1
housand,1
grossklaus,1
schwanz,1
nusz,1
culberth,1
buhrman,1
staker,1
markette,1
stakes,1
harriett,1
kisamore,1
oravetz,1
derrow,1
schumaker,1
nute,1
stakem,1
nuth,1
maritnez,1
momplaisir,1
doshier,1
haumesser,1
ovitt,1
berhe,1
carrizales,1
ovitz,1
minock,1
trombetta,1
pastorin,1
zollar,1
manista,1
eichner,1
basinski,1
carlock,1
nuse,1
prehoda,1
nush,1
southall,1
cracolici,1
berga,1
sambucetti,1
weishaupt,1
rubinstein,1
mallegni,1
berge,1
engelking,1
sharrard,1
benischek,1
parkison,1
playford,1
iuliucci,1
breidenbaugh,1
donnelley,1
frigon,1
bergh,1
ahern,1
huneke,1
reichle,1
vongkhamphanh,1
schandel,1
bergo,1
bramham,1
southand,1
scherrman,1
berey,1
nikas,1
salyer,1
gauger,1
pudenz,1
berez,1
heisel,1
delbrocco,1
forpahl,1
okoniewski,1
diltz,1
lavalais,1
paulshock,1
heimburger,1
schrubbe,1
hiraldo,1
blauser,1
heiser,1
terrio,1
michelena,1
gecan,1
adolfo,1
terris,1
dilts,1
deschenes,1
heisey,1
dagdag,1
machesky,1
blausey,1
holberg,1
omland,1
kowalcyk,1
sharratt,1
brunscheen,1
barach,1
dilox,1
orrock,1
lofthus,1
videtto,1
emmerling,1
eliszewski,1
brunnemer,1
partipilo,1
baraby,1
wetmore,1
pheonix,1
stepler,1
lombardino,1
dwinell,1
virgadamo,1
wakabayashi,1
mcdonough,1
roehrs,1
sarvis,1
sciulli,1
baradi,1
biancardi,1
lichenstein,1
bihm,1
sciullo,1
bihl,1
donnellan,1
wartman,1
yongue,1
shwab,1
duryea,1
critzman,1
duryee,1
grdina,1
mister,1
bild,1
rundquist,1
bila,1
rednour,1
lamartina,1
capanna,1
garfunkel,1
flavors,1
terrey,1
greiner,1
barberis,1
terrel,1
stegmann,1
terres,1
barberio,1
flakes,1
flaker,1
summar,1
bilagody,1
southard,1
kacher,1
kachel,1
hovantzi,1
bramlitt,1
heathcote,1
dilliard,1
biez,1
beran,1
frankin,1
buttery,1
dilks,1
synovic,1
berdine,1
bier,1
bies,1
beedles,1
destree,1
yennard,1
butters,1
bien,1
veasman,1
prillaman,1
fyock,1
biel,1
sucgang,1
shewchuk,1
kalafarski,1
alesci,1
frankie,1
gartland,1
fisler,1
magnifico,1
bielefeld,1
eschief,1
theuner,1
usilton,1
denker,1
sarver,1
liggin,1
herzog,1
harleston,1
kearsley,1
brensnan,1
ochal,1
pelligra,1
witek,1
neufeld,1
huelsman,1
onishea,1
winett,1
withy,1
reinoehl,1
sarvey,1
kempster,1
burrichter,1
noorani,1
dehan,1
monville,1
adolph,1
stakoe,1
bigg,1
waltersheid,1
dehay,1
dills,1
summey,1
gougis,1
mccaster,1
synan,1
fougner,1
beniquez,1
dille,1
fukui,1
hilyer,1
restifo,1
metcalf,1
hudelson,1
skibicki,1
mielczarek,1
holbert,1
summer,1
perkoski,1
dilly,1
froman,1
cotham,1
fritchley,1
lundeby,1
slowinski,1
vizcaino,1
akright,1
barbar,1
greenidge,1
uriarte,1
strutton,1
pesek,1
jeffus,1
debry,1
blackbum,1
hintzen,1
kochanski,1
sargeant,1
bittman,1
joki,1
caroselli,1
whitteker,1
brumit,1
flever,1
testolin,1
stjulien,1
callender,1
carosella,1
acuff,1
flitter,1
mishler,1
mctarnaghan,1
barban,1
measom,1
meason,1
chartraw,1
heyliger,1
whalen,1
johe,1
rodrigres,1
morgia,1
causley,1
dibella,1
nietzer,1
campillo,1
debus,1
hierholcer,1
mcbee,1
john,1
brecheen,1
strauser,1
whaler,1
bergamine,1
rykowski,1
dombek,1
pesch,1
eisele,1
pesce,1
whaley,1
sucher,1
carland,1
fudge,1
aalbers,1
sanagustin,1
dupar,1
sourwine,1
dupas,1
burlin,1
dupay,1
odum,1
reusswig,1
fernandes,1
divan,1
bajorek,1
tankesly,1
quader,1
gounder,1
pfendler,1
scarcia,1
glidewell,1
wagenheim,1
herriage,1
fernandez,1
quinteros,1
rowton,1
tohill,1
lundeen,1
betterton,1
dibello,1
gildersleeve,1
lepard,1
trapper,1
dauterive,1
cruden,1
jons,1
gerleman,1
santellan,1
jaussi,1
trappey,1
duffany,1
cother,1
evinger,1
ostrem,1
mccollins,1
troike,1
petrullo,1
edney,1
suchla,1
sandmann,1
windus,1
paciorek,1
balletta,1
morguson,1
pesin,1
salvage,1
eyermann,1
burley,1
morgen,1
yielding,1
unterreiner,1
joor,1
joos,1
morger,1
noiseux,1
barbee,1
balletto,1
edner,1
howerter,1
viands,1
barber,1
bartolomei,1
bergamini,1
bartolomeo,1
barben,1
frabizio,1
dupes,1
fulling,1
joma,1
dunmore,1
jome,1
hefferon,1
siluis,1
burlew,1
joly,1
teyler,1
humphreys,1
liukkonen,1
badanguio,1
diver,1
vafiades,1
linthicum,1
stadel,1
diven,1
zunino,1
bronchetti,1
divel,1
rasanen,1
andringa,1
gidaro,1
hugghis,1
jone,1
huffner,1
jong,1
handshoe,1
nayman,1
digiouanni,1
deacetis,1
dupee,1
troilo,1
stader,1
jobs,1
athan,1
handshaw,1
nodine,1
lobach,1
athas,1
dilthey,1
huckabaa,1
athay,1
cioppa,1
quebral,1
slanina,1
bloodsaw,1
aylward,1
alipio,1
buzis,1
santrizos,1
jobe,1
ednie,1
winzelberg,1
alamo,1
odor,1
runzler,1
hackbarth,1
scrabeck,1
odom,1
niang,1
odon,1
mcsparin,1
ditolla,1
szczepanek,1
mcsharry,1
acuna,1
mazurowski,1
lohmeier,1
moreshead,1
jock,1
meluso,1
stefanowicz,1
vandehei,1
lundell,1
ocallaghan,1
ainscough,1
palchetti,1
alameda,1
alano,1
wetzstein,1
mitschelen,1
scivally,1
aland,1
poinsett,1
metzer,1
vandehey,1
tacderen,1
odle,1
hostettler,1
stlawrence,1
robusto,1
calleros,1
vrable,1
yidiaris,1
dillard,1
hagerman,1
metzel,1
fortson,1
metzga,1
giacomazzi,1
lukander,1
joas,1
lundemo,1
rimbach,1
mesrobian,1
daykin,1
divin,1
romaine,1
flitton,1
rumore,1
huckabay,1
mcglinn,1
doornbos,1
boltinghouse,1
shadburn,1
divis,1
kroell,1
nolton,1
buzek,1
kathan,1
kalahiki,1
buntenbach,1
morgon,1
antunez,1
rothlisberger,1
jubran,1
neathery,1
dalcour,1
begaye,1
antunes,1
noyer,1
mckenzie,1
allenbach,1
howerton,1
noyes,1
fonger,1
troise,1
ellson,1
sawaya,1
troisi,1
laguardia,1
dunson,1
schweigert,1
derian,1
mcquarrie,1
villamarin,1
platero,1
colunga,1
inglish,1
stubbert,1
beaupre,1
callendar,1
skibisky,1
pesso,1
szczepanik,1
harmeyer,1
alepin,1
vondracek,1
mcbay,1
shvey,1
heppeard,1
rancatti,1
jody,1
ehrenzeller,1
demeris,1
suchan,1
dehombre,1
seligson,1
dewoody,1
super,1
rozelle,1
suttles,1
jeffry,1
tacderan,1
rastogi,1
soundara,1
geckles,1
biggerstaff,1
sulejmanovski,1
gisondi,1
eshom,1
burandt,1
derico,1
bhat,1
derick,1
bhan,1
sengbusch,1
rauscher,1
wirght,1
derentis,1
tichenor,1
ladner,1
penzel,1
gallucci,1
rockett,1
joel,1
buzby,1
binggeli,1
vanasselt,1
huegel,1
whiteman,1
dalessandro,1
vanruiten,1
brawley,1
shurley,1
perun,1
catalli,1
goggins,1
updyke,1
hidrogo,1
ruacho,1
kerntke,1
featherstone,1
fuapau,1
kueker,1
druckhammer,1
larotta,1
brelsford,1
hefferan,1
mcneff,1
tarantino,1
atzinger,1
blackston,1
mcwethy,1
salvati,1
defouw,1
oder,1
hightower,1
petruzzelli,1
belkin,1
volkers,1
volkert,1
vrabel,1
kereluk,1
malandra,1
krutsch,1
reulet,1
duong,1
sevigny,1
foucher,1
rumple,1
oddo,1
trojak,1
debey,1
trojan,1
debes,1
andary,1
koshar,1
odeh,1
bramall,1
lukaskiewicz,1
perry,1
mcneer,1
sebek,1
comunale,1
mcnees,1
fleury,1
lafevre,1
odem,1
salvato,1
oden,1
debem,1
odea,1
seber,1
apfel,1
mcneel,1
aharoni,1
cuccia,1
perri,1
alavi,1
busacker,1
perre,1
feldpausch,1
guarin,1
joya,1
concienne,1
perro,1
delessio,1
mashiah,1
bosket,1
oddi,1
rodewald,1
payette,1
joye,1
mackowski,1
perra,1
judkins,1
romandia,1
barash,1
allbert,1
hilsabeck,1
siebers,1
siebert,1
raxter,1
cromeens,1
froberg,1
lozito,1
cheeks,1
pivec,1
peffley,1
etulain,1
calnimptewa,1
sieberg,1
province,1
crudup,1
cuccaro,1
conover,1
nonnemacher,1
brunsting,1
schoener,1
andaya,1
badagliacca,1
bulacan,1
vandeputte,1
freetage,1
hellmann,1
gittings,1
labrecque,1
ireson,1
belken,1
beichner,1
athey,1
teachey,1
berlingo,1
delcueto,1
aylsworth,1
zych,1
schlichenmaye,1
grinter,1
alamin,1
naylor,1
guarno,1
remaly,1
kaopua,1
frautschi,1
tryner,1
rapkin,1
topinka,1
provines,1
mcneil,1
gragson,1
alamia,1
boccard,1
odil,1
odin,1
cipkowski,1
alioto,1
hattley,1
byrant,1
sagastegui,1
komorowski,1
laskosky,1
wofford,1
gamage,1
bjerk,1
hakim,1
cilfone,1
hewett,1
westrope,1
laskoski,1
kirberger,1
gouker,1
rapelyea,1
vulgamore,1
mcclement,1
maushardt,1
boozer,1
rumpel,1
villacorta,1
culotti,1
sawada,1
cahall,1
werkheiser,1
hillstrom,1
katzberg,1
belarde,1
morgas,1
jost,1
joss,1
soboleski,1
morgan,1
thoroughman,1
hakey,1
culotta,1
maupin,1
siebens,1
hakes,1
sampogna,1
dering,1
mcall,1
florea,1
jose,1
tufano,1
buzza,1
crumrine,1
florek,1
muther,1
jorn,1
floren,1
brumby,1
klukas,1
flores,1
buzzi,1
eisert,1
schoenig,1
rhoderick,1
butorac,1
lobato,1
messamore,1
zuniga,1
gilruth,1
jory,1
florez,1
klukan,1
florey,1
buzzo,1
borrelli,1
humbird,1
snyder,1
borrello,1
mirzadeh,1
defont,1
kleban,1
bulliner,1
brittian,1
sonkin,1
rumpca,1
andriopulos,1
jore,1
vulgamott,1
guevara,1
vafiadis,1
livinton,1
fortunato,1
guyette,1
carriker,1
silverstone,1
dredge,1
cataldo,1
brunetto,1
perza,1
haken,1
kincaid,1
lozier,1
sucharski,1
hakel,1
haker,1
prothro,1
nollette,1
cataldi,1
perze,1
bitzel,1
estwick,1
getman,1
arreola,1
brunetta,1
antonacci,1
altheimer,1
defoor,1
brunette,1
derion,1
bitzer,1
brunetti,1
schlageter,1
salvant,1
thress,1
hooser,1
debow,1
stallones,1
kincade,1
cinalli,1
burkly,1
curnutt,1
brumer,1
brumet,1
diprima,1
silton,1
burkle,1
alamos,1
holifeild,1
mclamore,1
jagiello,1
reinart,1
gallamore,1
medland,1
meinberg,1
malander,1
swolley,1
dejean,1
deford,1
defore,1
sawaia,1
thorington,1
coppler,1
alaya,1
thurber,1
dodgion,1
floras,1
hatherly,1
ketterman,1
deboe,1
odam,1
mishkin,1
zunich,1
oday,1
brodzik,1
trevithick,1
floran,1
askwith,1
straugter,1
ortlieb,1
schuckert,1
chalupsky,1
hypes,1
mckearney,1
schuckers,1
walezak,1
derita,1
nilmeier,1
catalan,1
keyton,1
klebes,1
jove,1
mcneal,1
kleber,1
mcnear,1
dubson,1
soriano,1
derito,1
lafever,1
cassandra,1
nascimento,1
hubbel,1
debro,1
porrello,1
schoenle,1
guevana,1
carullo,1
horelick,1
nollman,1
pivin,1
joun,1
sedgwick,1
nunlee,1
reinard,1
ciciora,1
livernoche,1
derise,1
nettleingham,1
ciarletta,1
masturzo,1
mcconnaughhay,1
ylonen,1
buonocore,1
rossotto,1
alampi,1
sprecher,1
dauila,1
nunley,1
joto,1
vandestreek,1
updegrove,1
stastny,1
belardo,1
frewing,1
dease,1
searl,1
tenerovich,1
ellrod,1
salcedo,1
magallanes,1
denzel,1
scherbring,1
seard,1
mcnett,1
denzer,1
senesenes,1
dears,1
mearns,1
girauard,1
peral,1
hagberg,1
rosener,1
cicione,1
ceovantes,1
deary,1
setlak,1
gerlach,1
quilliam,1
workowski,1
quillian,1
sears,1
kandoll,1
malboeuf,1
seary,1
asaeli,1
magallanez,1
suffield,1
tatsuta,1
burkey,1
perce,1
sease,1
picklesimer,1
absher,1
wagenaar,1
heckathorn,1
zadroga,1
deats,1
edman,1
fenster,1
raffaele,1
ustico,1
lahren,1
deasy,1
rosendo,1
albin,1
eyestone,1
lincicome,1
moates,1
meisner,1
alben,1
brenner,1
alber,1
grosland,1
percy,1
belfanti,1
somerset,1
burkin,1
chkouri,1
pettway,1
cruell,1
morfin,1
bascomb,1
perch,1
axley,1
sichel,1
ryberg,1
diwan,1
perea,1
deare,1
dominquez,1
berrell,1
dearo,1
whiteley,1
kemmler,1
mcevers,1
flitsch,1
brunke,1
moeller,1
sebion,1
vanderburg,1
seara,1
salceda,1
chizek,1
pezzulo,1
quenzer,1
beuerle,1
quenzel,1
najjar,1
steinman,1
fuell,1
kullas,1
golliday,1
armitage,1
pennant,1
perez,1
klimavicius,1
perey,1
cesena,1
guevin,1
rosenau,1
cacciatori,1
dedeaux,1
denzin,1
seang,1
cacciatore,1
mearse,1
steiskal,1
maccarino,1
grammont,1
brisk,1
hanneman,1
peres,1
berreth,1
caltabiano,1
peret,1
stasser,1
lydick,1
barcia,1
stahlberg,1
dubrey,1
stassen,1
woodlock,1
goepfert,1
ruan,1
cringle,1
melton,1
vanderwoude,1
dubree,1
maccarini,1
barcik,1
coulthard,1
albee,1
beeching,1
delpozo,1
kosinski,1
albea,1
vanvolkinburg,1
scarber,1
sonier,1
skogen,1
waddouds,1
ruby,1
rubinoff,1
jackola,1
heroux,1
richmon,1
motonaga,1
herout,1
apela,1
alban,1
seale,1
burket,1
seals,1
burkes,1
burker,1
vankammen,1
rubi,1
lilyquist,1
orantes,1
kellough,1
burkel,1
tabron,1
sealy,1
treadwell,1
morfee,1
maderas,1
peria,1
lezcano,1
nimura,1
powanda,1
cardenos,1
brite,1
brunow,1
geery,1
baublitz,1
perie,1
geers,1
bedlion,1
frings,1
zalwsky,1
stoyer,1
ruch,1
brunot,1
spitale,1
dumpert,1
brito,1
ruck,1
lindemuth,1
huffman,1
rathgeb,1
brits,1
deschambeault,1
britt,1
alberico,1
outlaw,1
britz,1
belluz,1
petrillose,1
cheely,1
salway,1
spigner,1
eddens,1
jauron,1
bellus,1
perin,1
shuhi,1
berliner,1
acton,1
heiserman,1
steyer,1
protich,1
kintop,1
gawrych,1
kinton,1
apshire,1
zanola,1
winch,1
mckinstry,1
mcnell,1
cernota,1
hynum,1
shulthess,1
topacio,1
sadeghi,1
buyes,1
stimpert,1
suglia,1
quijas,1
mcneme,1
minnatee,1
dubray,1
hannaman,1
loterbauer,1
bellue,1
vanwart,1
scheve,1
barboza,1
wasmus,1
ottoson,1
passero,1
penington,1
perks,1
shuff,1
scarbro,1
bruntz,1
perko,1
highland,1
shuga,1
pezzuti,1
heider,1
hattman,1
heiden,1
arriaga,1
schewe,1
pezzuto,1
chisnall,1
slutzky,1
perla,1
passeri,1
piechoski,1
brennon,1
fritchman,1
fertitta,1
albor,1
passalacqua,1
zaborski,1
osterberger,1
wince,1
hagood,1
hunter,1
hartranft,1
mochizuki,1
iturbide,1
berrett,1
scrobola,1
wendorff,1
turnage,1
lecroy,1
jording,1
meares,1
swinford,1
campobasso,1
monteverde,1
rekemeyer,1
schepp,1
sinnett,1
hunten,1
seavy,1
arkema,1
bachtold,1
mannick,1
muyres,1
guilbeau,1
arkell,1
liwanag,1
perna,1
buyak,1
wings,1
perng,1
tourikis,1
wingo,1
deruiter,1
stirgus,1
schirrmacher,1
perno,1
boudoin,1
winik,1
heidel,1
oest,1
gussler,1
weitkamp,1
dunton,1
derham,1
beyrer,1
scherb,1
shuey,1
plotts,1
saintfleur,1
debar,1
mildenstein,1
amderson,1
peron,1
perow,1
gunagan,1
kveton,1
heineken,1
scherr,1
peros,1
perot,1
bellon,1
kemler,1
lasalle,1
scherf,1
buyck,1
cheese,1
carlington,1
barbour,1
lafromboise,1
bellow,1
buscarino,1
actis,1
wines,1
lobban,1
routson,1
winer,1
gaudreau,1
binderup,1
seate,1
rodrguez,1
weninger,1
winek,1
gheewala,1
seats,1
cheers,1
volkens,1
scherz,1
pallansch,1
ruescher,1
pflieger,1
shrier,1
chojnacki,1
kensinger,1
winge,1
gaytan,1
vanhamme,1
shuck,1
zambarano,1
angustia,1
ashalintubbi,1
toussaint,1
howenstine,1
whitelaw,1
neisen,1
endreson,1
heidler,1
deacy,1
artrip,1
moreta,1
arriano,1
jaurez,1
brien,1
rung,1
greenmyer,1
simoniello,1
briel,1
yoneda,1
shure,1
brier,1
endresen,1
rund,1
bries,1
marrion,1
sulloway,1
rump,1
driggers,1
bullivant,1
menhennett,1
moretz,1
schemm,1
seace,1
marriot,1
hooten,1
mcclinsey,1
amparo,1
chwalek,1
barbosa,1
schelp,1
winks,1
fotopoulos,1
kaigler,1
bartnick,1
debelak,1
brigg,1
falencki,1
bazzi,1
schelb,1
hunson,1
halon,1
everline,1
dunne,1
salesses,1
rull,1
wardsworth,1
cardenal,1
harvard,1
cardenas,1
shupp,1
schell,1
ottosen,1
tuberville,1
sobina,1
guardia,1
rockers,1
wiza,1
putton,1
wolford,1
rupe,1
nitzschke,1
imaino,1
shupe,1
trowbridge,1
brushwood,1
kleifgen,1
brihm,1
rathfon,1
ruot,1
derensis,1
andueza,1
michalski,1
rodenbaugh,1
macrowski,1
waddoups,1
barbre,1
bierkortte,1
dunks,1
gongora,1
quijada,1
mcginnity,1
getler,1
ciriello,1
manwill,1
windam,1
schenz,1
janosek,1
bosley,1
dailing,1
harvath,1
runk,1
quesada,1
hazlewood,1
bennett,1
scheno,1
spicker,1
eadens,1
lowthorp,1
shelstad,1
bosler,1
oehl,1
sherrell,1
hedrix,1
boslet,1
oehm,1
vandesteene,1
schenk,1
ogunyemi,1
catanzarite,1
chrest,1
benneth,1
janosko,1
bartunek,1
janoski,1
brian,1
huckabey,1
briar,1
schein,1
robinson,1
shunk,1
brassfield,1
kroeker,1
scheid,1
schoeman,1
barbone,1
moynahan,1
warnberg,1
madamba,1
mozley,1
schmidgall,1
albus,1
scheib,1
kontogianis,1
laperouse,1
sahagian,1
dunten,1
lankford,1
schehl,1
cuadras,1
schehr,1
shull,1
strozewski,1
haverty,1
shult,1
bellis,1
liebross,1
brice,1
shulz,1
rupp,1
sobilo,1
halko,1
demeter,1
bellin,1
shula,1
lampert,1
dunny,1
halle,1
preskitt,1
poehlman,1
janosik,1
harryman,1
brick,1
halla,1
barbur,1
ruta,1
alalem,1
morera,1
dambrozio,1
orebaugh,1
ruth,1
ridgebear,1
halls,1
adonis,1
hallo,1
russ,1
hodgkin,1
rust,1
bride,1
rusu,1
rusk,1
rusi,1
wansley,1
rush,1
windes,1
oshman,1
ruhlin,1
winder,1
moresi,1
halma,1
deady,1
bramble,1
hally,1
ruse,1
gerland,1
rury,1
scandrett,1
rosenow,1
dibenedict,1
snitker,1
gronlund,1
hardsock,1
sunga,1
biddick,1
grzegorek,1
albro,1
bried,1
huckabee,1
winne,1
swymer,1
brinn,1
ruef,1
anichini,1
lafauci,1
rued,1
fuery,1
brint,1
maxberry,1
rueb,1
ventris,1
brine,1
schoemer,1
bring,1
wakely,1
zampieri,1
ruel,1
ozier,1
brink,1
hales,1
wintz,1
duntz,1
haley,1
bruner,1
scheel,1
macintosh,1
rotert,1
scheer,1
brunet,1
petronella,1
wion,1
shurman,1
bruney,1
deale,1
dusing,1
belasco,1
scheuerman,1
bellen,1
wine,1
wind,1
rude,1
rudh,1
wing,1
orndorff,1
brion,1
broussard,1
ruda,1
wink,1
rudd,1
rudo,1
rudi,1
mertine,1
wint,1
wasner,1
schickedanz,1
kandarian,1
bellew,1
quijano,1
barbarin,1
winn,1
belles,1
rudy,1
mertins,1
beller,1
wins,1
rugg,1
nozum,1
oberlies,1
ruge,1
debello,1
barbaria,1
barbin,1
rugh,1
verhoeven,1
roehling,1
hackford,1
shillinger,1
dicecco,1
lepage,1
mitnick,1
christaldi,1
ruopoli,1
penninger,1
lauster,1
khensamphanh,1
barbie,1
zirkind,1
dallmann,1
zerger,1
petrulis,1
halim,1
shelhorse,1
ruff,1
rufe,1
halik,1
wipf,1
mengarelli,1
rufi,1
deahl,1
scheff,1
fuess,1
fuest,1
glotzbach,1
erskin,1
rufo,1
njango,1
ackmann,1
niswonger,1
eisenhower,1
schweinert,1
debella,1
lawhon,1
sodervick,1
richner,1
staschke,1
wiechman,1
michioka,1
seago,1
ruis,1
boccia,1
wish,1
ullery,1
wise,1
brennen,1
wisk,1
barbot,1
dickson,1
kleinberger,1
whitelow,1
barbor,1
dulany,1
wist,1
kingery,1
berkhimer,1
wiss,1
boccio,1
kerekes,1
schear,1
klecha,1
hubach,1
ceniceros,1
antinore,1
wisz,1
ruiz,1
halas,1
halat,1
tagupa,1
stroebel,1
shutt,1
garelik,1
windon,1
windom,1
opiola,1
ruhn,1
wire,1
wirf,1
nakahara,1
melter,1
setler,1
quilling,1
guilbert,1
deans,1
ruhl,1
antinoro,1
bellah,1
bellar,1
ruic,1
bellas,1
gayton,1
cohagan,1
piccione,1
wirt,1
corsetti,1
mickels,1
troidl,1
piccioni,1
bidding,1
mickell,1
vanderjagt,1
gedye,1
windle,1
haldi,1
dubrow,1
jammer,1
brill,1
falconeri,1
vanbergen,1
boratko,1
dormane,1
cration,1
deang,1
bernbeck,1
jackosn,1
kecskes,1
baldwin,1
gonnerman,1
kasowski,1
shute,1
windly,1
rule,1
kirylo,1
zahran,1
wenclawiak,1
scheck,1
smelcer,1
karsten,1
woskobojnik,1
schech,1
deane,1
landstrom,1
lenyard,1
beppu,1
foraker,1
halen,1
shurr,1
landowski,1
halek,1
stoyle,1
dealy,1
schegetz,1
nesslein,1
stoecklin,1
desjardin,1
mcmanuis,1
radvany,1
bocchi,1
helberg,1
brimm,1
ruka,1
masterson,1
huntley,1
balangatan,1
witt,1
minzel,1
helbert,1
brennan,1
zellinger,1
mickens,1
witz,1
keuper,1
slanker,1
offord,1
boudrieau,1
gladys,1
whedbee,1
pacubas,1
mclyman,1
clossin,1
diodonet,1
knuth,1
moreci,1
smida,1
wirick,1
gansburg,1
benty,1
hanninen,1
dixey,1
bentz,1
teravainen,1
bertone,1
bottorff,1
fierman,1
barrena,1
bamford,1
dushaj,1
bertoni,1
smidt,1
bento,1
wittliff,1
haggerty,1
knutt,1
denyer,1
steltzer,1
denyes,1
bardin,1
omalley,1
shortey,1
ealand,1
quirion,1
nabarowsky,1
quimet,1
okumoto,1
bardis,1
barrell,1
hooton,1
goldwyn,1
shorten,1
stableford,1
twine,1
moreau,1
shortes,1
brletich,1
shorter,1
dreese,1
schlesser,1
knust,1
mausey,1
shavers,1
dunay,1
bense,1
quimby,1
turrell,1
cutbirth,1
kretschmer,1
brininger,1
sokoloff,1
cresswell,1
dixie,1
bente,1
neuman,1
manners,1
arriaza,1
neives,1
blevens,1
musitano,1
mauser,1
lomuscio,1
benya,1
nakashima,1
boehler,1
melser,1
mendrin,1
werdlow,1
salvey,1
hamby,1
smiht,1
closser,1
doukas,1
camarena,1
seratti,1
bardes,1
camareno,1
belitz,1
patteson,1
barden,1
welsh,1
arribas,1
obst,1
strzalkowski,1
benzi,1
cheeney,1
schworm,1
wodarski,1
sumruld,1
gainor,1
dolberry,1
benyo,1
gladue,1
bruker,1
haman,1
piske,1
bethers,1
garwood,1
hamar,1
kemick,1
hamai,1
welti,1
plourd,1
giguere,1
sutphen,1
quiring,1
viener,1
hamad,1
kruyt,1
quirino,1
nordstrand,1
hagner,1
mehaffy,1
demetro,1
bertoli,1
copping,1
kretschman,1
troccoli,1
pisha,1
bonifacio,1
hilbner,1
welte,1
klepacz,1
salvio,1
salvia,1
kately,1
shortle,1
neither,1
welty,1
silsby,1
outman,1
rosenhagen,1
hamberry,1
weltz,1
castellan,1
castellaw,1
hinkley,1
bergfeld,1
penkalski,1
deeds,1
krupa,1
koebel,1
callanan,1
smily,1
kretschmann,1
matturro,1
dungy,1
salvas,1
pearman,1
faehnle,1
ellenburg,1
beyt,1
simonetti,1
spanswick,1
twito,1
stoutt,1
beyl,1
simonetta,1
twitt,1
stonestreet,1
simonetty,1
beza,1
fletes,1
barredo,1
dixon,1
almstead,1
gulisano,1
oberson,1
cardinalli,1
whitelightnin,1
krupp,1
barreda,1
schamberger,1
camarero,1
lasiter,1
belile,1
halse,1
hymon,1
donivan,1
titlow,1
ruys,1
heyward,1
parrotte,1
krumm,1
egidio,1
kruml,1
stours,1
schmidtka,1
parrotta,1
barnthouse,1
vandenbos,1
latimore,1
schmidtke,1
smink,1
morein,1
fattig,1
mehner,1
scurti,1
gainer,1
stoute,1
gaines,1
mcginister,1
wombolt,1
keliiholokai,1
rathjen,1
medbery,1
andujar,1
raveling,1
berthiaume,1
fackrell,1
ketterling,1
ruyz,1
twist,1
twiss,1
velazques,1
velazquez,1
gainey,1
ficenec,1
necaise,1
bruzewski,1
seacord,1
waetzig,1
belina,1
knupp,1
brandewie,1
tschumperlin,1
morenz,1
gossett,1
ruwe,1
betz,1
halyk,1
krush,1
kruse,1
mckusker,1
kruss,1
rutland,1
beul,1
krostag,1
morena,1
salloum,1
krutz,1
hamaker,1
beus,1
melson,1
orban,1
bjerke,1
didway,1
cawthorne,1
pinckney,1
cerritos,1
scarano,1
fearnow,1
evanchyk,1
panzella,1
oberski,1
moreno,1
eatough,1
wilczynski,1
scifres,1
imber,1
ruud,1
hiraoka,1
morely,1
casuscelli,1
rutz,1
utzinger,1
barreca,1
ramsdale,1
bosman,1
roarty,1
mavropoulos,1
rutt,1
ruts,1
duonola,1
obie,1
pavlock,1
gronewald,1
despain,1
ruvo,1
moraites,1
nenninger,1
baizer,1
echevarria,1
sundt,1
leadbetter,1
goodling,1
boehlke,1
suffern,1
mackson,1
obin,1
santopietro,1
morell,1
swensson,1
sunde,1
stedman,1
hamelin,1
boglioli,1
berg,1
dinehart,1
lavadera,1
amster,1
berk,1
berl,1
bern,1
guareno,1
devenney,1
bera,1
denogean,1
parmele,1
rylaarsdam,1
newquist,1
tenant,1
obenauer,1
brawner,1
arguillo,1
wortley,1
chatters,1
hamor,1
krugh,1
goodmanson,1
hamon,1
smerdon,1
lasaint,1
martindale,1
calderwood,1
orama,1
dutcher,1
obey,1
rinderknecht,1
strohmayer,1
sumey,1
ober,1
titler,1
sedar,1
wehrman,1
norquist,1
kataoka,1
lowcks,1
colicchio,1
seder,1
beto,1
rindone,1
kroenke,1
macwilliams,1
beth,1
menendez,1
niemitzio,1
barkdoll,1
best,1
moraitis,1
yarzabal,1
bess,1
repress,1
paddilla,1
okeson,1
fugah,1
dumpe,1
billesbach,1
belich,1
besa,1
barientos,1
kruer,1
bery,1
gauron,1
benjamen,1
bert,1
bers,1
hamme,1
kruel,1
graveline,1
bero,1
parmely,1
poniatowski,1
dewolff,1
dewolfe,1
lafarge,1
banwarth,1
maurus,1
tornese,1
welby,1
bena,1
bend,1
krull,1
poortinga,1
tonrey,1
hoheisel,1
buenviaje,1
bene,1
noordam,1
yniguez,1
frilot,1
danowski,1
steinour,1
hartzell,1
hufford,1
bemo,1
ploude,1
aberson,1
hamre,1
pettiford,1
caramelo,1
hamra,1
emanuelson,1
hanford,1
attles,1
mcdonel,1
cavers,1
khachatoorian,1
belz,1
cruikshank,1
dohring,1
meardon,1
heptinstall,1
saluto,1
lenning,1
butkiewicz,1
ebrani,1
hardemon,1
belk,1
bell,1
peppe,1
belieu,1
schmautz,1
sanfratello,1
slonecker,1
passaro,1
chollett,1
depedro,1
mordue,1
belt,1
obas,1
obar,1
mclatchy,1
lafarga,1
callison,1
shumiloff,1
weldy,1
dedicke,1
dumke,1
zunker,1
vanwert,1
vitolas,1
rumphol,1
despard,1
nehlsen,1
edmons,1
barcus,1
truxillo,1
hampe,1
herold,1
scallion,1
silberhorn,1
lorman,1
cordell,1
robillard,1
turnbull,1
faylor,1
busselberg,1
klumpp,1
dutremble,1
cavett,1
morningstar,1
welde,1
klumph,1
maiers,1
mercure,1
highshaw,1
hinderliter,1
dedic,1
beno,1
eskin,1
benn,1
welch,1
breitbach,1
mizukami,1
kruis,1
benz,1
asencio,1
bens,1
bent,1
maurin,1
bein,1
hardeman,1
kroener,1
hamer,1
livings,1
summa,1
hames,1
barfuss,1
sockwell,1
mcdonal,1
rinner,1
twiet,1
septelka,1
beil,1
beik,1
mercuri,1
beja,1
jerrel,1
hamff,1
arqueta,1
mccrimon,1
killingsworth,1
dorweiler,1
malbaurn,1
ogiba,1
barrett,1
ettison,1
erisman,1
barreto,1
mercury,1
behn,1
shoddie,1
behm,1
honzell,1
macksey,1
careaga,1
behr,1
delling,1
hochberg,1
kennington,1
summy,1
welms,1
behl,1
plough,1
furgeson,1
arguilez,1
intveld,1
santizo,1
boehlar,1
shelling,1
dorminey,1
troiani,1
saulsbury,1
stillwagon,1
stover,1
sichta,1
placeres,1
troiano,1
trancoso,1
harlowe,1
wolfley,1
merthie,1
mcelyea,1
stovel,1
kosinar,1
bela,1
hydrick,1
stcharles,1
bartlette,1
dearinger,1
hamdn,1
eskew,1
zumwalt,1
arquero,1
rooney,1
sutphin,1
esker,1
tassinari,1
stallsworth,1
grzyb,1
dethlefsen,1
hamed,1
pitek,1
pitel,1
hebblethwaite,1
sczygiel,1
pacifico,1
tygart,1
hamel,1
betzen,1
betzel,1
ogier,1
betzer,1
sweetwood,1
enstrom,1
beed,1
bogust,1
conales,1
eatman,1
outler,1
sulkowski,1
beel,1
beem,1
cappellini,1
beek,1
segalla,1
been,1
cordero,1
rviz,1
trullinger,1
bees,1
boudewyns,1
beer,1
sedor,1
thongdy,1
welke,1
dedon,1
kitterman,1
kaschmitter,1
outley,1
papadakis,1
barrera,1
fasciano,1
bede,1
widgeon,1
delahoussaye,1
wasmer,1
vaninetti,1
schaumberg,1
denapoli,1
mickleberry,1
lundburg,1
pitch,1
wells,1
hokula,1
shipwash,1
begg,1
stringfield,1
stoval,1
thornley,1
allenson,1
lawing,1
bestine,1
barresi,1
barrero,1
twigg,1
hynek,1
heroth,1
bollbach,1
mccampbell,1
hynes,1
gombos,1
betzig,1
hamid,1
hamic,1
barrete,1
eskaf,1
esperon,1
stewardson,1
cernoch,1
welle,1
closson,1
galbiso,1
chetram,1
hynds,1
bega,1
coppedge,1
hamil,1
axman,1
suckow,1
athans,1
bebo,1
friley,1
hubble,1
assalone,1
lindloff,1
demarsico,1
scherzer,1
eaglen,1
rubendall,1
eagles,1
girdner,1
imbrenda,1
songco,1
saluja,1
rudeen,1
lofton,1
richoux,1
lucash,1
roatch,1
kasahara,1
linscott,1
giachino,1
glasglow,1
mcphillips,1
massingale,1
rumsey,1
calway,1
bech,1
mihatsch,1
beck,1
muthig,1
hayashida,1
terell,1
heineman,1
floria,1
gutenson,1
demattos,1
mauras,1
kawashima,1
florio,1
florin,1
burian,1
mcqueeny,1
gioacchini,1
pirolli,1
likens,1
cheairs,1
shrum,1
floris,1
reinbolt,1
barela,1
pirollo,1
layfield,1
bear,1
beas,1
beat,1
villalpando,1
beau,1
mallone,1
bean,1
westaway,1
beaz,1
holthoff,1
auerswald,1
reinbold,1
genung,1
winans,1
zysk,1
wolfman,1
stellmacher,1
mercurio,1
propheter,1
wingerter,1
chehab,1
quintania,1
boehmke,1
beam,1
beal,1
finzel,1
burlock,1
patalano,1
hance,1
hurter,1
burick,1
floros,1
defilippi,1
boehmer,1
gesmondi,1
rappold,1
feddersen,1
defilippo,1
crissman,1
rinkenberger,1
harriage,1
dahline,1
seminole,1
burich,1
hanby,1
aljemal,1
dortilla,1
peckinpaugh,1
baudino,1
victory,1
thorstenson,1
imgrund,1
kleindienst,1
reierson,1
staggs,1
arniotes,1
sanpedro,1
bompane,1
bareis,1
pitka,1
joaquin,1
hanan,1
mordan,1
gaskins,1
beauman,1
hornbarger,1
himmelright,1
puffinberger,1
linscomb,1
norseth,1
huckstep,1
varakuta,1
maurey,1
loftus,1
hanek,1
hanel,1
morden,1
stirewalt,1
cossett,1
mccarville,1
handt,1
hands,1
hagman,1
skoien,1
kuenzi,1
hermus,1
handy,1
songer,1
delagado,1
carrillo,1
celadon,1
cosgrove,1
ocus,1
roeder,1
marruffo,1
drabek,1
boudjouk,1
fraizer,1
wheller,1
hazarika,1
roedel,1
stager,1
sekula,1
gohlke,1
davirro,1
shellito,1
neujahr,1
gaskill,1
steppig,1
maurer,1
wence,1
demattia,1
closter,1
mensinger,1
wenck,1
teegarden,1
whiteaker,1
wencl,1
ovens,1
hurtig,1
saluan,1
pepin,1
hanneken,1
dayley,1
hewell,1
nicklien,1
hutsler,1
harloff,1
hurtis,1
acrey,1
malloch,1
wende,1
pepka,1
angstadt,1
nudelman,1
fugit,1
perkerson,1
marberry,1
gladden,1
visalli,1
begeal,1
shamburg,1
dedek,1
wendt,1
wendy,1
pinheiro,1
penaloza,1
ocon,1
fatula,1
pallerino,1
zyla,1
rathbone,1
dineen,1
pecinousky,1
dumes,1
jennie,1
loftis,1
goulas,1
loftin,1
thrill,1
swiatkowski,1
acree,1
tensley,1
gamboa,1
calliste,1
dumez,1
melroy,1
koppenhaver,1
acres,1
quintanar,1
mcfarren,1
slawter,1
hylle,1
niemants,1
balduzzi,1
hagenbuch,1
reigleman,1
leonberger,1
fugle,1
broomhall,1
teresi,1
sharrett,1
mcgeehan,1
teresa,1
imboden,1
eskra,1
benjamin,1
pepez,1
borkowski,1
burlison,1
maenius,1
keywan,1
rautenstrauch,1
riesenberg,1
gimlin,1
imada,1
peper,1
artola,1
grobstein,1
italia,1
waskom,1
bahlmann,1
trumbauer,1
gruenes,1
pitre,1
winebarger,1
titmus,1
hamza,1
vietzke,1
eaglin,1
dematteo,1
waskow,1
dabadie,1
hession,1
fuger,1
columbo,1
hartenstein,1
maicus,1
fitzrandolph,1
sedam,1
douglas,1
buehrle,1
quiles,1
dedaj,1
vansant,1
hernan,1
calabrese,1
dereus,1
sumas,1
suman,1
lotspeich,1
dumag,1
dumar,1
avitabile,1
renigar,1
kroells,1
pitts,1
hessing,1
dumas,1
duman,1
augenstein,1
dumay,1
lungsford,1
duemmel,1
bammon,1
felicetti,1
tencer,1
pitta,1
domann,1
ostlund,1
weinberger,1
salzmann,1
benac,1
hemsworth,1
yasuda,1
tseng,1
toaston,1
sonderegger,1
steagall,1
sulzman,1
jenner,1
jenney,1
hencken,1
gautam,1
essepian,1
hodgkinson,1
bandasak,1
necessary,1
steinmeyer,1
benak,1
affronti,1
mickonis,1
thillet,1
schofield,1
hanns,1
herner,1
malanado,1
bench,1
benck,1
stoltenberg,1
hoover,1
maratre,1
hanni,1
hanno,1
bittick,1
hanna,1
runnion,1
huggett,1
leanard,1
bence,1
balthrop,1
tonsil,1
boekhout,1
penalosa,1
boevers,1
majersky,1
fendrick,1
ciafardoni,1
rudolph,1
maffett,1
sulek,1
derfus,1
ruckdeschel,1
pylant,1
hedtke,1
acron,1
hanoa,1
hurtado,1
cherrington,1
castellon,1
benek,1
decio,1
deleston,1
hymel,1
mallinak,1
buttino,1
hymen,1
pfundt,1
hymer,1
jochems,1
benes,1
benet,1
hudnall,1
castellow,1
hymes,1
hessian,1
pankhurst,1
running,1
mckittrick,1
dreggs,1
budrow,1
bendy,1
earlywine,1
kosiba,1
medieros,1
sartwell,1
pinckley,1
goldhammer,1
maeder,1
ochs,1
fitzloff,1
villemarette,1
smits,1
bendt,1
smith,1
morcos,1
mujalli,1
bendu,1
dulle,1
khemmanivong,1
bussiere,1
ocha,1
benda,1
taboada,1
smitz,1
saltus,1
montecalvo,1
dreger,1
vansciver,1
kaltved,1
guastella,1
hanry,1
kroemer,1
salvadore,1
deleonardo,1
splitt,1
benge,1
barfield,1
rajaphoumy,1
davalos,1
baltodano,1
sulik,1
sulin,1
bogenschneide,1
pietropaolo,1
scharfenberg,1
behrens,1
shaughnessy,1
hoshino,1
dieterich,1
umbdenstock,1
kosakowski,1
nicholason,1
oesterling,1
wehrley,1
overy,1
plunket,1
sierras,1
dulin,1
kupihea,1
windland,1
manseau,1
thrift,1
sulit,1
behrend,1
ireton,1
maedke,1
offner,1
turcotte,1
escalera,1
kosier,1
hockey,1
casbeer,1
gamble,1
pyland,1
pirrello,1
ashfield,1
hantz,1
grustas,1
ragland,1
carthens,1
benik,1
zingarelli,1
hermenau,1
heminover,1
lafevers,1
vanstraten,1
pekarek,1
hozempa,1
hanus,1
blackaby,1
martinolli,1
clemmens,1
pailet,1
goulet,1
boschult,1
plover,1
woolridge,1
schacher,1
ridpath,1
kingham,1
loften,1
cefaratti,1
dorrill,1
hocker,1
christopoulos,1
haney,1
sully,1
bruley,1
benke,1
zaborowski,1
rudell,1
greiber,1
benko,1
haner,1
hanes,1
baessler,1
hanaway,1
bencivenga,1
secky,1
blackard,1
cangialosi,1
ferreira,1
naslund,1
borries,1
linnecke,1
iglehart,1
chellis,1
benje,1
springsteen,1
titman,1
kendzierski,1
henslin,1
hanft,1
escalero,1
whalan,1
hundley,1
wiemann,1
tharrington,1
dorrian,1
boehman,1
kiflezghie,1
paille,1
teichmiller,1
korpela,1
krulish,1
breakell,1
bitting,1
aitkins,1
gentsy,1
mceirath,1
frydman,1
davison,1
rapley,1
quiterio,1
livecchi,1
salton,1
dahling,1
koneval,1
wensman,1
robishaw,1
ollivierre,1
esler,1
mansell,1
dimitrov,1
sulla,1
schindler,1
stezzi,1
hanis,1
frankovich,1
wempa,1
mifflin,1
wempe,1
hodgins,1
mieles,1
eschete,1
phaymany,1
minskey,1
bethell,1
jersey,1
capdeville,1
taubert,1
hopkins,1
bardos,1
ascensio,1
smeenk,1
decos,1
springstead,1
yerkovich,1
bardon,1
hooghkirk,1
heidebrink,1
holaway,1
secor,1
benoy,1
decou,1
bandarra,1
meininger,1
lowber,1
mielke,1
benno,1
stagno,1
gamber,1
quilty,1
gentry,1
ghazal,1
henslee,1
freddrick,1
bentancourt,1
gambel,1
serasio,1
destefanis,1
hanke,1
madarang,1
benne,1
fugua,1
gambee,1
hensley,1
deakyne,1
rhine,1
beljan,1
instasi,1
loftman,1
lansden,1
eatherly,1
brizeno,1
coppinger,1
hensler,1
jividen,1
hanko,1
dorries,1
benny,1
terpstra,1
benns,1
hanks,1
mullenbach,1
petropulos,1
hanle,1
melquist,1
sarzynski,1
stower,1
belmarez,1
brumwell,1
headings,1
bocage,1
hyman,1
hymas,1
rauchwerger,1
cogdill,1
maiden,1
bendzus,1
vacchiano,1
borrigo,1
misove,1
shelburne,1
saltis,1
hernon,1
carathers,1
hanly,1
cossell,1
bartleson,1
rosmarin,1
belfiore,1
coutermarsh,1
dicesare,1
afurong,1
wingerson,1
blossomgame,1
dewaard,1
nieva,1
dermer,1
orrill,1
brola,1
zorrilla,1
hatheway,1
broll,1
cicarella,1
mckusick,1
knock,1
roll,1
mccroskey,1
huffine,1
gehle,1
broks,1
luckett,1
wildermuth,1
knoch,1
rolf,1
rold,1
rola,1
barnoski,1
prati,1
brome,1
halbur,1
baghdasarian,1
copher,1
pardieck,1
tromble,1
mcgibbon,1
prato,1
osollo,1
rojo,1
pratt,1
prats,1
prast,1
kettering,1
nieto,1
sutor,1
accetta,1
marousek,1
mcguiness,1
calvin,1
prata,1
wassam,1
gailey,1
denicola,1
driggars,1
huggler,1
prass,1
gonsalves,1
rois,1
noonkester,1
hillyer,1
artley,1
killingbeck,1
sickel,1
hanzl,1
smelko,1
brailey,1
roja,1
gailes,1
rohs,1
tocci,1
fenchel,1
wakham,1
zephier,1
hoglen,1
rohl,1
rohm,1
rohn,1
dutra,1
mehalko,1
rohr,1
chhabra,1
mintos,1
poulos,1
roig,1
mintor,1
delanoche,1
burkhalter,1
roik,1
minton,1
zoulek,1
ciolek,1
goldfeder,1
tocco,1
vellutini,1
gambaiani,1
buchwalter,1
root,1
chreene,1
roos,1
magwire,1
chilinskas,1
vielma,1
sumbera,1
height,1
nicklaus,1
hatzell,1
dutro,1
maruschak,1
morkve,1
ropp,1
dusett,1
fraschilla,1
disharoon,1
dutta,1
leimkuhler,1
markert,1
calvey,1
rons,1
belous,1
takiguchi,1
bruins,1
wussow,1
mehalic,1
calver,1
inscore,1
wolfred,1
burgun,1
roof,1
wassel,1
vielle,1
levandofsky,1
rood,1
wasser,1
leatherwood,1
sandhaus,1
roon,1
brohl,1
mccalister,1
clayborne,1
roop,1
brigman,1
sydow,1
rook,1
swarthout,1
brohn,1
room,1
remele,1
putney,1
romp,1
wehrsig,1
goodfield,1
belovs,1
shotkoski,1
steven,1
prawl,1
ocran,1
mcinnish,1
gentes,1
stever,1
genter,1
shockency,1
giumarro,1
rona,1
rong,1
rone,1
mussenden,1
ronk,1
wolfram,1
anibal,1
hursey,1
ifantides,1
kroeger,1
kleckley,1
ronn,1
friske,1
zuazo,1
dziak,1
bourbeau,1
pearson,1
anshutz,1
wantland,1
clarence,1
kaszton,1
vankampen,1
lundahl,1
hoglan,1
gaulke,1
brostoff,1
fransen,1
roma,1
rome,1
pasquale,1
delangel,1
hanemann,1
romm,1
romo,1
rott,1
broce,1
doerrer,1
brock,1
edris,1
lundvall,1
broch,1
vanoflen,1
scantlin,1
difranco,1
redfield,1
witsell,1
roth,1
koehly,1
rote,1
knoke,1
rota,1
zubia,1
marvier,1
broda,1
sickle,1
praml,1
rosu,1
rost,1
brode,1
ross,1
brodi,1
callaham,1
poulin,1
callahan,1
holzhauer,1
roso,1
reifsteck,1
beltz,1
nicholson,1
ihnat,1
minten,1
stevey,1
rosi,1
zubik,1
rosh,1
steves,1
brodt,1
belts,1
minter,1
humbert,1
rose,1
knole,1
blochberger,1
brody,1
rosa,1
calvan,1
wassil,1
mintey,1
koehne,1
hohmeier,1
songster,1
knoll,1
prall,1
belue,1
ciolli,1
gehri,1
alaimo,1
frison,1
reichhardt,1
rangnow,1
granados,1
broad,1
carrousal,1
gentis,1
carriger,1
rork,1
hudgeons,1
counselman,1
gallipeau,1
broas,1
colburn,1
poulet,1
beaushaw,1
bramblett,1
mertens,1
yafaie,1
cudmore,1
thilges,1
leland,1
conder,1
dutil,1
asakura,1
shingleton,1
tucknott,1
bradway,1
markell,1
burham,1
rappley,1
sutic,1
trentacoste,1
scantlen,1
moorehouse,1
zeeman,1
leveille,1
keomuangtai,1
condie,1
gentle,1
habenicht,1
skillman,1
whicker,1
dutka,1
konrad,1
dutko,1
zubek,1
rudden,1
salter,1
schweigart,1
zumbach,1
sutch,1
ferjerang,1
apadoca,1
mangrich,1
hodgens,1
daugherty,1
zuber,1
rudder,1
matanane,1
maifeld,1
rowe,1
mcsherry,1
belon,1
langenfeld,1
laorange,1
gailis,1
schiffert,1
boehnke,1
warters,1
roux,1
heidorn,1
tolentino,1
below,1
trombly,1
garitty,1
donnelson,1
condit,1
geater,1
comella,1
suter,1
hubert,1
rous,1
roup,1
rouw,1
rout,1
rotz,1
mainland,1
misluk,1
spriggle,1
prang,1
knoff,1
esmay,1
schlotfeldt,1
setias,1
romanik,1
knoth,1
thackrey,1
yoseph,1
mendler,1
weynand,1
lowell,1
thrapp,1
knott,1
wikle,1
pavletic,1
fajardo,1
burgin,1
burgio,1
reichling,1
delpino,1
burgie,1
schleifer,1
jaremka,1
vandeman,1
wozniak,1
punches,1
saccardi,1
reaollano,1
crissler,1
schlaefer,1
dingus,1
knost,1
letang,1
zoldak,1
wohlfahrt,1
laflamme,1
wasson,1
gailun,1
vanetten,1
roye,1
wolfrom,1
knori,1
roya,1
knorr,1
pewitt,1
borrayo,1
mautte,1
knorp,1
hencheck,1
raponi,1
barentine,1
holford,1
denver,1
roys,1
dellamore,1
humphries,1
rapone,1
barera,1
dellamora,1
thrams,1
dspain,1
vannortwick,1
shumpert,1
roza,1
meanor,1
beshara,1
hylan,1
dankert,1
arrisola,1
genson,1
walkowiak,1
neumiller,1
knore,1
obannion,1
rozo,1
harkrader,1
taubman,1
tobon,1
burger,1
barett,1
burges,1
burget,1
thrall,1
knopp,1
burgen,1
scruton,1
wassum,1
burgey,1
boehner,1
knopf,1
triarsi,1
amelung,1
dicorpo,1
wolfrum,1
tencza,1
bodkins,1
toboz,1
carruthers,1
vallandingham,1
dutch,1
passineau,1
holzman,1
clickner,1
chesnutt,1
cromeans,1
knoop,1
gerbatz,1
dougharty,1
chavarria,1
pefferman,1
morken,1
brickett,1
cernuto,1
strausner,1
romanek,1
iraheta,1
baresi,1
pizur,1
schanzenbach,1
dunnum,1
barnhouse,1
benisek,1
scammon,1
withington,1
fventes,1
quastad,1
stjohns,1
erlanson,1
ruddle,1
dirth,1
lampkin,1
mcpharlane,1
helander,1
romance,1
steury,1
fisette,1
hawkinberry,1
crayton,1
schlaefli,1
dutel,1
dunsford,1
dobkowski,1
tookmanian,1
caughell,1
galimba,1
beloff,1
dilisio,1
packwood,1
bemis,1
hilgers,1
hilgert,1
casbarro,1
carrigan,1
nidiffer,1
lawerence,1
stoutner,1
dotterer,1
nield,1
swancutt,1
manigold,1
reiber,1
gaulin,1
weeth,1
gasparino,1
smeltz,1
tagliarini,1
sadhra,1
snavely,1
beccue,1
bosold,1
niemi,1
rumley,1
orrico,1
bouthot,1
orrick,1
shiels,1
mandonado,1
rumler,1
cahela,1
pfisterer,1
wakeford,1
berninger,1
arguello,1
dammrich,1
karwowski,1
kirton,1
shield,1
dreher,1
belote,1
cesare,1
rehagen,1
binsfeld,1
nieng,1
sikorra,1
burgos,1
cesari,1
wikel,1
gazaille,1
dinham,1
brittman,1
espiritu,1
wiker,1
mehler,1
pizer,1
mascolo,1
encinias,1
lowery,1
tobin,1
ohlsson,1
hedman,1
mascola,1
leadford,1
lowers,1
neace,1
yoshizumi,1
tobia,1
schebler,1
neiper,1
linebaugh,1
burgoa,1
bemer,1
beauparlant,1
hymowitz,1
onukogu,1
apodaca,1
roulette,1
bracewell,1
mcelwee,1
tickner,1
apodace,1
whetstine,1
belone,1
backfisch,1
cheirs,1
dusza,1
mcnabb,1
colacone,1
michelfelder,1
mccaskey,1
gollihue,1
olmsted,1
vaclavik,1
bembi,1
nykiel,1
bednarski,1
kreuzer,1
brickell,1
rapose,1
pettipas,1
sennott,1
helwick,1
barfoot,1
alessandroni,1
dirks,1
raposo,1
yelton,1
mehlig,1
knows,1
stotko,1
esmon,1
crozat,1
heidelburg,1
saballos,1
shren,1
hawkins,1
adside,1
hetjonk,1
graleski,1
schlitzer,1
christofferse,1
schober,1
fraher,1
brynga,1
woznick,1
tober,1
dygert,1
thrash,1
hawking,1
nicholsen,1
tobey,1
christofferso,1
kottenstette,1
hotaling,1
niese,1
cotman,1
nabzdyk,1
frisco,1
mueller,1
somilleda,1
raposa,1
voight,1
drollinger,1
mccaskin,1
frisch,1
lasagna,1
niess,1
belony,1
bryner,1
wenthold,1
kalafatis,1
blandford,1
hyler,1
hyles,1
frisby,1
knous,1
beman,1
hardesty,1
kaucher,1
mierzwa,1
milster,1
opalicki,1
mountain,1
geils,1
schams,1
schamp,1
misner,1
bargen,1
lorona,1
seaforth,1
milinazzo,1
heintzelman,1
catucci,1
harviston,1
brockney,1
toddy,1
stingle,1
doersam,1
shonerd,1
buttler,1
disch,1
withrow,1
darwish,1
neuberger,1
kaywood,1
jentry,1
fondaw,1
lagraize,1
schalk,1
bawks,1
carpanini,1
schall,1
newbold,1
barges,1
salcido,1
barger,1
vreeman,1
aparo,1
turnell,1
fraile,1
virrueta,1
gossman,1
susor,1
wineman,1
neuner,1
dingee,1
rollinson,1
vecchia,1
syddall,1
vecchio,1
susla,1
winsley,1
baenziger,1
pennella,1
houghtelling,1
hertle,1
pennelle,1
orzalli,1
lansang,1
prauner,1
wheeland,1
iturbe,1
arfman,1
bugtong,1
pennello,1
cuthrell,1
gunnels,1
barraza,1
schane,1
hilborn,1
dellamonica,1
cerniglia,1
crombie,1
neahr,1
schank,1
ogden,1
gunnell,1
bellisle,1
kerrigan,1
dinger,1
schanz,1
dinges,1
halasz,1
dingel,1
steuck,1
schain,1
hansford,1
oaks,1
ringdahl,1
baddeley,1
ladson,1
krossen,1
brandsrud,1
mcnair,1
conedy,1
dreier,1
mcnail,1
shallcross,1
stansberry,1
schmeichel,1
dingle,1
hurren,1
timbrook,1
suski,1
offley,1
steube,1
brigner,1
bastura,1
apana,1
susko,1
kentner,1
wombles,1
mamone,1
sugahara,1
wertenberger,1
principato,1
neang,1
szollosi,1
mantooth,1
penalver,1
bukovac,1
mankowski,1
dingie,1
dershem,1
geise,1
beitler,1
strozier,1
tupacyupanqui,1
alpheaus,1
stammler,1
dustman,1
kaauamo,1
orofino,1
artman,1
dunphy,1
eskelsen,1
kravetsky,1
mclagan,1
fraint,1
knaebel,1
scrimpsher,1
showman,1
radford,1
dunphe,1
aleman,1
marionneaux,1
newborn,1
ellner,1
nealy,1
vachon,1
rathbun,1
altobelli,1
fraine,1
neall,1
dippolito,1
norquest,1
altobello,1
izumi,1
vandorien,1
geist,1
neale,1
wygand,1
flesner,1
geiss,1
durward,1
rathbum,1
haper,1
romanov,1
bawek,1
fraise,1
ekberg,1
hoglund,1
segarra,1
gadway,1
davance,1
iturralde,1
huffstutler,1
radzavich,1
koscho,1
sigrist,1
schaus,1
schaul,1
herter,1
geitz,1
malkoski,1
rokisky,1
turneer,1
wolgamot,1
hertel,1
boxell,1
voorhes,1
sammarco,1
perfetti,1
schaub,1
bianchin,1
vannorden,1
schoenstein,1
brignac,1
llaneza,1
dziuk,1
goldklang,1
fusselman,1
marentes,1
winslow,1
schauf,1
waelti,1
lagerstedt,1
buchsbaum,1
roetzler,1
southwood,1
ercolano,1
ercolani,1
halama,1
gadwah,1
neary,1
eddins,1
schatz,1
stuekerjuerge,1
nease,1
antoniou,1
stotts,1
arimoto,1
schatt,1
flynn,1
fagerlund,1
morvillo,1
meaney,1
gensel,1
wakins,1
koenigstein,1
skattebo,1
franqui,1
flynt,1
coonley,1
koeing,1
tourigny,1
marentez,1
krinsky,1
deutschman,1
pinsonneault,1
jackson,1
rheingold,1
stinger,1
steuer,1
bachert,1
navorro,1
stingel,1
shinners,1
fraire,1
sahota,1
domowicz,1
minugh,1
sherrick,1
szuszkiewicz,1
dusen,1
kuehne,1
fauteux,1
dusek,1
dusel,1
hetherman,1
grossen,1
antonini,1
cockayne,1
grosser,1
taublee,1
burgan,1
mcnany,1
burgas,1
gunnett,1
bawer,1
sumbry,1
scharf,1
conell,1
cornfield,1
antoniuk,1
soderberg,1
mikeska,1
rakyta,1
tokuoka,1
howington,1
steckley,1
alambar,1
fioravanti,1
niece,1
steckler,1
conely,1
kulkarni,1
voorhis,1
defrancis,1
crichlow,1
campione,1
flotow,1
tillberry,1
watkins,1
apaez,1
marrero,1
fonder,1
pizzo,1
marentis,1
salser,1
pribyl,1
oare,1
oard,1
ratigan,1
pizzi,1
attkisson,1
copier,1
linahan,1
schapp,1
pizza,1
dusky,1
afable,1
shryack,1
rubinson,1
tingwald,1
franzese,1
angerman,1
conejo,1
wiglesworth,1
sudweeks,1
neave,1
roeber,1
taschner,1
saraniti,1
quiett,1
susan,1
dusik,1
mennecke,1
cloughly,1
oskins,1
lockerman,1
scharr,1
mallick,1
mcnary,1
mauter,1
kohlhoff,1
oats,1
dohrman,1
scharp,1
marrett,1
tomilson,1
belka,1
kacynski,1
neihoff,1
vacher,1
wakita,1
quatraro,1
senecal,1
falacco,1
luensmann,1
rothstein,1
mcnatt,1
rochefort,1
lepere,1
bruington,1
bella,1
sangren,1
lepera,1
gjesdal,1
lapping,1
wege,1
klimkowicz,1
rogalski,1
zerkle,1
sangrey,1
prible,1
haybarger,1
hazeltine,1
rodamis,1
staack,1
wolfson,1
belko,1
shubrooks,1
hayburn,1
baldenegro,1
belke,1
halaby,1
prada,1
sutherland,1
sherrill,1
pounds,1
stymiest,1
wehe,1
branscombe,1
bells,1
sumaya,1
dobransky,1
shuecraft,1
mascioli,1
cancino,1
wehr,1
bello,1
duchaine,1
petricka,1
rodrigues,1
prach,1
wehn,1
niday,1
cryder,1
mazella,1
belle,1
hohenberger,1
roebke,1
rodriguel,1
belli,1
mccraight,1
gladle,1
weig,1
jaimes,1
skokan,1
davanzo,1
gollihar,1
pouncy,1
rodriguez,1
owolabi,1
caluya,1
downing,1
prado,1
edelbrock,1
weit,1
mauson,1
weis,1
happe,1
brymer,1
weir,1
schmidlin,1
stetke,1
riedell,1
wein,1
weil,1
weik,1
buhrke,1
llyod,1
hirsbrunner,1
condra,1
gilcrease,1
belfy,1
griswould,1
doudna,1
hapke,1
oerther,1
suchanek,1
scurci,1
wadsworth,1
weger,1
pevey,1
pevez,1
rideout,1
vitalo,1
rendino,1
giovannini,1
gilcreast,1
rowzee,1
spurzem,1
belfi,1
dusch,1
deyette,1
nimick,1
clougher,1
lowder,1
coiner,1
wegge,1
biddleman,1
stowell,1
rendina,1
lowden,1
flicker,1
fouyer,1
stouch,1
vitali,1
vitale,1
kneller,1
chrisp,1
chriss,1
christ,1
condry,1
mcnayr,1
occhino,1
pusateri,1
stopher,1
stepleton,1
keomany,1
weld,1
rembold,1
staadt,1
wela,1
welk,1
gigliotti,1
well,1
cotler,1
rozycki,1
shidel,1
dreith,1
dusak,1
stoudt,1
condon,1
sasseen,1
welp,1
poetker,1
shider,1
welz,1
rodriguiz,1
voegele,1
fenceroy,1
fondow,1
voegeli,1
mowatt,1
drader,1
dreiss,1
rocheford,1
hallauer,1
ihnen,1
beliz,1
prahm,1
stouer,1
prahl,1
rizzio,1
crandall,1
liesman,1
belin,1
whittiker,1
bracetty,1
wenz,1
litzenberger,1
ramsdell,1
brening,1
schadt,1
warmington,1
baquero,1
fisser,1
belay,1
went,1
gissel,1
wenk,1
fissel,1
geier,1
pendrak,1
schade,1
guzowski,1
weng,1
wend,1
wene,1
rummer,1
schaen,1
belch,1
carriere,1
schaer,1
redfearn,1
wortman,1
blauman,1
greider,1
quanstrum,1
bidner,1
grzywinski,1
nebel,1
wygant,1
stough,1
mannschreck,1
hollister,1
dafonseca,1
rummel,1
bashinelli,1
geidl,1
durun,1
durst,1
webber,1
schweikert,1
estrello,1
gladen,1
guaman,1
glader,1
melone,1
hoffstot,1
ransome,1
haugland,1
menning,1
bogren,1
estrella,1
schaff,1
snelgrove,1
carothers,1
ransone,1
crystal,1
hykes,1
belew,1
knoedler,1
beley,1
scurry,1
hoosock,1
pizzella,1
krenning,1
belen,1
mismit,1
durso,1
flavell,1
waeckerlin,1
cooperrider,1
schwarten,1
wert,1
meholick,1
schenfeld,1
gaumer,1
bivings,1
claburn,1
wery,1
helgaas,1
bargar,1
bargas,1
whaite,1
surra,1
melott,1
stanzak,1
vendela,1
werk,1
terhar,1
bakerville,1
schleibaum,1
wero,1
wern,1
adorno,1
murdoch,1
newmeyer,1
sether,1
murdock,1
schaap,1
hurrle,1
hlastala,1
schaar,1
enyeart,1
lauderbaugh,1
megrabyan,1
schaal,1
kotlowski,1
sheakley,1
lamorella,1
schwoyer,1
crespin,1
pavlich,1
setters,1
knetsch,1
arteaga,1
schaab,1
chavoustie,1
digennaro,1
schaad,1
schaaf,1
pavlica,1
halaas,1
titone,1
daughetee,1
pavlick,1
dison,1
west,1
wess,1
leverance,1
wetz,1
greenfield,1
longhurst,1
blayney,1
dalhart,1
pochiba,1
jeannotte,1
zeilman,1
deaver,1
sebert,1
sebers,1
frogge,1
sebero,1
disla,1
gladin,1
warpool,1
billinghurst,1
arichabala,1
salabarria,1
quillens,1
radcliff,1
ballreich,1
pennypacker,1
schack,1
marreel,1
liebherr,1
belak,1
keuler,1
derman,1
polumbo,1
bockman,1
tromba,1
cheeseman,1
kistenmacher,1
bara,1
barb,1
wien,1
wier,1
tabora,1
vareschi,1
wied,1
beyser,1
hersey,1
barr,1
baro,1
barn,1
bark,1
zeiders,1
durol,1
steckman,1
bari,1
taborn,1
barg,1
egeland,1
bare,1
bard,1
wienhoff,1
reckleben,1
stoeckel,1
duron,1
lyberger,1
morise,1
stoecker,1
shown,1
staats,1
wide,1
clune,1
ortmeyer,1
huizenga,1
shows,1
hinnenkamp,1
showe,1
kinsky,1
wida,1
ormsby,1
hediger,1
marolda,1
edholm,1
weingarten,1
oransky,1
sassano,1
winscott,1
wick,1
tchakian,1
naumes,1
bast,1
campagna,1
wice,1
basu,1
heatwole,1
campagne,1
hersha,1
crinklaw,1
bennice,1
patient,1
arouri,1
corbridge,1
sandvill,1
lampitt,1
batt,1
bennick,1
mcdunn,1
bath,1
beverley,1
dunman,1
gubbins,1
anewalt,1
bate,1
deshazior,1
laclaire,1
basa,1
bars,1
paglione,1
apperson,1
bart,1
almodova,1
schoenecker,1
bary,1
wimes,1
wimer,1
barz,1
dickstein,1
durre,1
haigwood,1
bass,1
giannattasio,1
leffelman,1
base,1
palmiter,1
priddy,1
bash,1
lachowicz,1
morsell,1
lamping,1
ditch,1
margheim,1
urmston,1
seligman,1
ventors,1
ehrhard,1
cavaco,1
bane,1
band,1
durke,1
derkas,1
bann,1
bank,1
bang,1
banh,1
fortman,1
balm,1
dorrell,1
dalomba,1
gadson,1
balo,1
kinson,1
jenson,1
janower,1
hronick,1
bianchi,1
helbing,1
bame,1
fennelly,1
alagna,1
denton,1
jurkowski,1
wehrs,1
dougan,1
ehrhart,1
dougal,1
wimbs,1
fukano,1
stjames,1
nuffer,1
surls,1
kuhnke,1
elzinga,1
morita,1
hichens,1
sobota,1
glarson,1
gauntt,1
isidore,1
moritz,1
kubisiak,1
buresh,1
shellman,1
kontos,1
spigutz,1
vaillencourt,1
marazzi,1
odonald,1
wiman,1
schiller,1
kuhnle,1
maruyama,1
buress,1
marrier,1
chamers,1
cutaia,1
blumenkrantz,1
quincel,1
surma,1
baldwyn,1
margiotta,1
smeja,1
quincey,1
muellner,1
deliberato,1
kuhner,1
gussman,1
sacramento,1
kuhnen,1
molinski,1
shope,1
rebuck,1
lenfest,1
tweed,1
krzan,1
kuhnel,1
clouston,1
brugal,1
bethany,1
stowers,1
wims,1
flexer,1
shopp,1
sawdey,1
skaare,1
maldonado,1
baze,1
jervey,1
bazil,1
tweet,1
baza,1
hoernemann,1
wile,1
wild,1
maudlin,1
bayt,1
entress,1
delphia,1
bays,1
meloan,1
bayn,1
shont,1
rahaman,1
cromack,1
stanowski,1
wilt,1
shoop,1
schleider,1
deimund,1
krzak,1
isidoro,1
cluff,1
krzal,1
will,1
buczkowski,1
twedt,1
wilm,1
wilk,1
shook,1
shore,1
wike,1
ronnfeldt,1
shorb,1
cluck,1
kubishta,1
jiau,1
goldson,1
durie,1
rossano,1
durig,1
short,1
shorr,1
melody,1
dragun,1
mansfield,1
bethard,1
wueste,1
ogeen,1
bazer,1
bazel,1
kalloch,1
hembrough,1
durio,1
suran,1
bournazian,1
stillabower,1
duris,1
blechman,1
mcglown,1
krzynowek,1
morino,1
smead,1
dragos,1
konicki,1
huntoon,1
tabone,1
dragon,1
moring,1
morine,1
sondag,1
boesenhofer,1
dragoo,1
morini,1
repasky,1
shoto,1
foreman,1
shott,1
benning,1
smeal,1
witschi,1
bava,1
baul,1
voeltner,1
durda,1
baum,1
atwood,1
procsal,1
matzinger,1
roseman,1
baur,1
baus,1
ockenfels,1
baun,1
clubs,1
roorda,1
batz,1
baty,1
gwenn,1
wohlwend,1
tabolt,1
durch,1
shost,1
cardarelli,1
clubb,1
baxi,1
hersch,1
mcglory,1
uyehara,1
bennion,1
alirez,1
northway,1
derenzis,1
smeby,1
alires,1
shove,1
durdy,1
whitmore,1
schoolman,1
madagan,1
bulter,1
froese,1
wigg,1
baxa,1
smeck,1
iacobelli,1
vogelsang,1
nauman,1
dominique,1
chirafisi,1
mclilly,1
bennink,1
schwadron,1
kirwan,1
peugh,1
andrzejczyk,1
boumthavee,1
wies,1
bazin,1
legions,1
vasbinder,1
barraco,1
vinciguerra,1
barrack,1
duren,1
malehorn,1
shoup,1
notowitz,1
faraimo,1
shoun,1
metoxen,1
belnas,1
schwartze,1
belnap,1
pegler,1
suren,1
sonday,1
zozaya,1
lauckner,1
bawa,1
duree,1
fidler,1
pretlow,1
ewton,1
sures,1
kirven,1
schackow,1
haffling,1
creasman,1
belman,1
serenil,1
arcaute,1
maynard,1
vaszily,1
gergely,1
cazenave,1
metoyer,1
morici,1
lefchik,1
morice,1
lambuth,1
bureau,1
umbenhauer,1
agyeman,1
bloodough,1
fatone,1
baab,1
gerundo,1
rumney,1
nordstrom,1
hardebeck,1
bosque,1
croxen,1
jilk,1
babb,1
jill,1
baba,1
hagglund,1
melnyk,1
baas,1
baar,1
palacois,1
scucchi,1
pellowski,1
gonsales,1
dragna,1
yasinski,1
denten,1
guerin,1
gonsalez,1
dural,1
duran,1
collazo,1
rochelle,1
babe,1
baca,1
wiltberger,1
kingdon,1
kingdom,1
dinwoodie,1
supplice,1
dentel,1
shansky,1
elvington,1
hunley,1
janszen,1
babu,1
trolio,1
alejos,1
sparacino,1
eisenbrandt,1
topliffe,1
sutliff,1
back,1
bach,1
hagenbrok,1
dunlop,1
sparacina,1
jensen,1
nicolella,1
thimmesch,1
saporita,1
gloshen,1
dunlow,1
saporito,1
bacy,1
beker,1
lofgren,1
becena,1
veltkamp,1
kirvin,1
riccardo,1
grosjean,1
bezdicek,1
sikarskie,1
livington,1
bulson,1
riccardi,1
macgowan,1
draghi,1
demeyer,1
karapetian,1
addison,1
wehbe,1
burtless,1
krylo,1
tonner,1
sutherburg,1
diewold,1
mignogna,1
wimpy,1
ditta,1
mazzillo,1
bobrosky,1
vandenheuvel,1
wehby,1
fraize,1
jervis,1
weberg,1
spangle,1
blackwelder,1
caristo,1
nicar,1
rebillard,1
eskelson,1
ditty,1
barrale,1
ramelize,1
hankins,1
seedborg,1
lanning,1
gaunce,1
millerbernd,1
vanhauen,1
ditti,1
ditto,1
bazan,1
bartnett,1
boissoneault,1
phinney,1
bazar,1
ozawa,1
lafaver,1
floerke,1
stabel,1
dykhouse,1
staber,1
bekis,1
zacharewicz,1
heidinger,1
andrzejczak,1
becera,1
frantum,1
konicek,1
dezayas,1
mutner,1
rathert,1
whillock,1
kinter,1
baig,1
burrington,1
antoniak,1
duignan,1
necochea,1
arquitt,1
reburn,1
conard,1
barham,1
gadsby,1
rebusi,1
bahr,1
zurkuhlen,1
eylicio,1
coswell,1
olthoff,1
bahl,1
bottomly,1
bahm,1
bahn,1
duque,1
voisinet,1
jaquay,1
sasala,1
baiz,1
diamant,1
kavanaugh,1
cucino,1
barratt,1
villamayor,1
bair,1
baik,1
conary,1
bail,1
mcclinton,1
baim,1
tonnar,1
bain,1
baio,1
drivers,1
papadopoulos,1
shroff,1
guerro,1
bake,1
gadsen,1
antonich,1
baka,1
federer,1
herson,1
guerra,1
drager,1
hersom,1
asbridge,1
lunsford,1
haque,1
passmore,1
deshotel,1
bali,1
ball,1
balk,1
bale,1
mastrianna,1
bala,1
bald,1
weagraff,1
brimhall,1
nerenberg,1
buddenhagen,1
bayus,1
jira,1
storey,1
nicol,1
stinett,1
bayuk,1
guerry,1
bakr,1
stores,1
mastrianni,1
storer,1
conaty,1
baudler,1
krysh,1
lindholm,1
marzette,1
bady,1
shrode,1
krysl,1
bade,1
fister,1
paszek,1
gastelum,1
gastelun,1
kryst,1
sagucio,1
bado,1
hemauer,1
wilkowitz,1
franzini,1
baez,1
lafavor,1
storch,1
galioto,1
bertsch,1
tramontano,1
stable,1
metevier,1
storck,1
jaquez,1
baff,1
federle,1
provence,1
putman,1
notowich,1
mcqueary,1
gherardi,1
conant,1
baek,1
fearing,1
loszynski,1
jaquet,1
jaques,1
fukada,1
reinmiller,1
tenery,1
hignite,1
burell,1
fatora,1
uttley,1
steagell,1
mackiewicz,1
baer,1
malling,1
minshew,1
sasaki,1
mcleish,1
kilcoyne,1
parshall,1
praytor,1
nicka,1
bagg,1
geffrard,1
titterington,1
tutterow,1
lannier,1
jonsson,1
beverlin,1
vrazel,1
calton,1
flechsig,1
dragan,1
vreeken,1
anzaldo,1
lozoya,1
piccillo,1
vansumeren,1
strelecki,1
ostolaza,1
shrock,1
ozane,1
nicks,1
dragaj,1
marazas,1
bahe,1
babjeck,1
swinehart,1
ventola,1
winsman,1
jing,1
barrasa,1
mcclintic,1
bagi,1
bagu,1
vanoosten,1
eisentrout,1
pricer,1
nickl,1
drejka,1
abbasi,1
tuxhorn,1
haleamau,1
wilds,1
bittner,1
syers,1
threat,1
amistadi,1
schlesner,1
knezovich,1
wildt,1
whan,1
whal,1
budziszewski,1
khalifah,1
mendoca,1
cygrymus,1
guinasso,1
petru,1
bayly,1
herrel,1
biamonte,1
thresher,1
petry,1
herren,1
stormo,1
richter,1
taunton,1
rapoza,1
herres,1
storms,1
hortman,1
milcher,1
birkenmeier,1
petre,1
vallieres,1
debardelaben,1
bayle,1
boislard,1
petri,1
olberding,1
grattan,1
herrea,1
petro,1
espindola,1
rapozo,1
procter,1
hewitt,1
buretta,1
winegardner,1
wilde,1
wilda,1
edwads,1
barino,1
mcmarlin,1
wilbert,1
wilbers,1
wellinghoff,1
mongold,1
buehner,1
bayon,1
melnik,1
borrell,1
bayot,1
sokotowski,1
groepper,1
littrell,1
petty,1
rendler,1
wilch,1
wilby,1
claybourn,1
mesiona,1
korineck,1
beith,1
mongolo,1
petti,1
bayne,1
meulemans,1
mcaskill,1
barile,1
silvas,1
reidel,1
melendy,1
dufault,1
petts,1
stonefield,1
meister,1
reider,1
burdon,1
runnels,1
lofquist,1
oneale,1
sadler,1
capalongan,1
berzunza,1
fucci,1
barill,1
petta,1
silvan,1
goupil,1
steptoe,1
downham,1
schwanebeck,1
larubbio,1
beish,1
briare,1
hislope,1
haran,1
threet,1
santoyo,1
embertson,1
bandanza,1
collado,1
berdahl,1
oldenburger,1
cordill,1
borrero,1
nicarry,1
zirkles,1
witterstauter,1
delgreco,1
schoepp,1
santoya,1
schoepf,1
storie,1
sugrue,1
herrin,1
dipiano,1
vanwagenen,1
guanio,1
maccarone,1
herrig,1
knicely,1
burkland,1
toban,1
zusman,1
beitz,1
kemery,1
collaer,1
fjeseth,1
manquero,1
manikas,1
hodgdon,1
tobar,1
priebe,1
telesco,1
stefford,1
fortner,1
matakonis,1
nollora,1
guillerault,1
kjolseth,1
boeving,1
fortney,1
denson,1
harby,1
lansdowne,1
piercefield,1
wangstad,1
stoskopf,1
wierenga,1
briant,1
brians,1
frodge,1
glascock,1
briano,1
caramanica,1
eggebrecht,1
goodhile,1
weitz,1
storks,1
privateer,1
gonsalues,1
outram,1
bendlage,1
coberly,1
harde,1
schoene,1
hardi,1
chindlund,1
collaco,1
weith,1
feiertag,1
wartenberg,1
alison,1
lissard,1
abbate,1
hards,1
hardt,1
weisz,1
hardy,1
malphurs,1
perfater,1
allegre,1
shroll,1
briand,1
allegra,1
gastello,1
rhett,1
kurschner,1
geeslin,1
feikles,1
dauterman,1
tinajero,1
wersal,1
tuohey,1
burgraff,1
chimilio,1
skalski,1
alvaro,1
weiss,1
ganaway,1
weist,1
gomoran,1
lawery,1
monticello,1
rhein,1
petka,1
skalsky,1
whit,1
mickiewicz,1
harer,1
buttner,1
haren,1
weise,1
concho,1
alvara,1
twichell,1
gaboriault,1
storts,1
wellspeak,1
lombera,1
petit,1
stortz,1
yablonski,1
dunsworth,1
batcheller,1
petix,1
drafts,1
garetson,1
concha,1
calabretta,1
blenden,1
lybbert,1
cossano,1
dagley,1
diazdeleon,1
collari,1
keyser,1
blender,1
azzarella,1
hessell,1
collard,1
yablonsky,1
koegel,1
ticknor,1
borreta,1
soucier,1
clymore,1
beile,1
whittemore,1
schleisman,1
dinius,1
haymaker,1
sadlon,1
dudycha,1
barish,1
lagroon,1
walkinshaw,1
sadlow,1
weitman,1
edson,1
didonato,1
bertrum,1
pelczar,1
espey,1
petko,1
bayer,1
silvio,1
arcadipane,1
cocuzza,1
silvis,1
baldyga,1
bayes,1
lundborg,1
zastrow,1
harig,1
lagrone,1
kossack,1
seamons,1
scallorn,1
esper,1
cocuzzo,1
calonsag,1
conces,1
herran,1
schwemmer,1
beine,1
harjo,1
bolinsky,1
routzen,1
wuertz,1
ratana,1
garofolo,1
spanger,1
greenbacker,1
haris,1
silvia,1
lecznar,1
ridenour,1
weins,1
thornock,1
cunningan,1
zombory,1
francoeur,1
petet,1
harke,1
peter,1
shurkus,1
cordier,1
petek,1
harju,1
eismont,1
krumsiek,1
luzader,1
vanpoppelen,1
shropshire,1
shrout,1
harle,1
hannafin,1
fuchs,1
galuppo,1
lorenzana,1
barios,1
arterberry,1
hoyland,1
storto,1
taschler,1
hedinger,1
siverson,1
storti,1
schoewe,1
burlson,1
edmund,1
prutzman,1
wuerth,1
weill,1
fiscella,1
silver,1
maenner,1
beckmann,1
storrs,1
mallahan,1
vansteenwyk,1
harms,1
heaslip,1
hewins,1
lorenzano,1
langloss,1
primmer,1
silvey,1
toala,1
ellout,1
karstens,1
kovalcin,1
schoeck,1
ostrov,1
vonschriltz,1
ostrow,1
kovalcik,1
plattsmier,1
andreassen,1
ostrom,1
fistler,1
cheaney,1
masterman,1
wilts,1
caruthers,1
haros,1
herrud,1
seremet,1
cordial,1
turrill,1
brickle,1
mckisson,1
deberry,1
rhead,1
stricklin,1
mcglone,1
wiltz,1
doucette,1
provenza,1
shoji,1
stacks,1
puddephatt,1
svehla,1
mestanza,1
resendes,1
blevins,1
harns,1
resendez,1
harne,1
leetham,1
mendosa,1
blackgoat,1
soverns,1
weigl,1
heasley,1
hattori,1
rybczyk,1
coppola,1
batchellor,1
withenshaw,1
remick,1
farguharson,1
nibbe,1
miskin,1
gochett,1
galindo,1
eekhoff,1
tengan,1
lermond,1
petch,1
wingeier,1
nibbs,1
heaslet,1
weihe,1
cadorette,1
manrriquez,1
alekna,1
weihl,1
broadwater,1
trokey,1
benites,1
harpe,1
supry,1
benitez,1
prestipino,1
jessick,1
zbell,1
harps,1
jessica,1
mayfield,1
rancher,1
marzinske,1
wenciker,1
dismang,1
edward,1
wildberger,1
harry,1
shomo,1
hergenreter,1
kirwin,1
weier,1
mumbower,1
heikes,1
holzner,1
murchison,1
harsh,1
vanscoit,1
remian,1
shepperd,1
heiken,1
achzet,1
gekas,1
behring,1
klotzbach,1
blazosky,1
hierro,1
harsy,1
mauller,1
contofalsky,1
strickler,1
kallman,1
moscicki,1
mckesson,1
resendiz,1
connerley,1
rhees,1
shone,1
bierbrauer,1
ovard,1
shambrook,1
harre,1
shonk,1
stricklen,1
gratton,1
kalehuawehe,1
essency,1
sanquenetti,1
vanderhurst,1
kaehler,1
pomilla,1
hopewell,1
seybert,1
rudack,1
mccarroll,1
shellnut,1
weick,1
weich,1
mendola,1
huggins,1
bayas,1
fratercangelo,1
weida,1
bundrick,1
lhuillier,1
luangsingotha,1
cotner,1
weide,1
provenzo,1
ivory,1
agliam,1
cotney,1
bejil,1
rindler,1
bissett,1
gaskell,1
schwind,1
galinis,1
sholl,1
groetsch,1
schwing,1
croyle,1
motsinger,1
aguliar,1
harth,1
sieminski,1
eduardo,1
hornbrook,1
harte,1
schwinn,1
mylott,1
vanscoik,1
nevarrez,1
hartl,1
daddabbo,1
dainack,1
dicosmo,1
hartz,1
stacey,1
harty,1
stacer,1
hartt,1
harts,1
fillerup,1
belongia,1
burdex,1
poindexter,1
bellitti,1
dewald,1
denski,1
weibe,1
wille,1
belongie,1
mendoza,1
dewall,1
wakley,1
janacek,1
willi,1
santoli,1
teufel,1
dagnone,1
dewalt,1
ringgenberg,1
burden,1
mengwasser,1
langlois,1
wilks,1
dupuy,1
ozbun,1
shoaf,1
flower,1
alcivar,1
rosello,1
hannagan,1
mcduff,1
ratzlaff,1
franson,1
clute,1
shoat,1
schoell,1
ostrye,1
haefele,1
budney,1
nowack,1
wills,1
stricklan,1
jodway,1
willy,1
shobe,1
belcastro,1
wokwicz,1
mcgloin,1
balceiro,1
hibbitts,1
coppock,1
caldarera,1
proctor,1
gangwish,1
calabria,1
roselle,1
rosella,1
reicks,1
capozzi,1
hallaway,1
wilis,1
mclaine,1
moranville,1
rother,1
santoni,1
traster,1
budnik,1
burdge,1
roselli,1
izsak,1
santone,1
fithian,1
himber,1
barich,1
mctaggart,1
stepter,1
bradtke,1
flachs,1
barick,1
shayne,1
mckissic,1
wilke,1
crookshank,1
mccaslin,1
urquhart,1
kinser,1
galinol,1
dupre,1
pesta,1
galinoo,1
kinsey,1
lecuyer,1
casaliggi,1
foresman,1
falsetta,1
tompkin,1
magruder,1
eytcheson,1
bartoletti,1
pesto,1
burdin,1
markham,1
kinsel,1
burdis,1
barias,1
cogdell,1
dunmire,1
farquer,1
holibaugh,1
kleckner,1
mammen,1
reiche,1
enright,1
scoggins,1
draeger,1
froebe,1
falsetti,1
shoen,1
ostrum,1
belonger,1
millhiser,1
shoff,1
turnbow,1
putnam,1
nickless,1
putnal,1
beresford,1
westveer,1
kofutua,1
cauffman,1
santore,1
santora,1
brickey,1
siverly,1
oliverson,1
brickel,1
frakes,1
wiler,1
spannaus,1
herron,1
fraker,1
bricker,1
mclaird,1
korsmeyer,1
conboy,1
suppa,1
wilen,1
battenfield,1
wiley,1
herrod,1
wiles,1
turnipseed,1
santoro,1
kubiszewski,1
minnifield,1
bejar,1
dorrance,1
meenach,1
clure,1
santory,1
aurora,1
dunnam,1
borrego,1
ovall,1
bertran,1
daughtridge,1
bielinski,1
shock,1
bertram,1
bissell,1
pendexter,1
tsang,1
hookfin,1
khokher,1
zortman,1
trigleth,1
wroe,1
mccarry,1
zook,1
adderly,1
potulski,1
clutter,1
mansbridge,1
roskop,1
verlinden,1
kappa,1
roskos,1
giovanetti,1
westby,1
chern,1
kappe,1
valazquez,1
mothershed,1
vautier,1
richens,1
cage,1
dowsett,1
kapps,1
voltaire,1
hoschek,1
sharlin,1
pinto,1
mccarte,1
massengale,1
dittberner,1
swofford,1
koenen,1
chery,1
wyett,1
ingersol,1
strickert,1
goligoski,1
caez,1
willougby,1
ingerson,1
pinta,1
mccartt,1
speh,1
koener,1
mcfalls,1
bergenty,1
buseck,1
penale,1
somogyi,1
achter,1
spee,1
caho,1
cahn,1
somogye,1
hilsenbeck,1
sibilia,1
arrequin,1
robberson,1
bowring,1
westad,1
vitela,1
perdzock,1
barkie,1
cushinberry,1
sibilio,1
taves,1
koors,1
ohlinger,1
chanthasene,1
biggers,1
nebergall,1
friesenhahn,1
kapoi,1
tabion,1
shrake,1
litwin,1
silker,1
baade,1
willmann,1
coatsworth,1
helfenbein,1
zona,1
tabios,1
vojta,1
ejide,1
richburg,1
deshong,1
zone,1
hurney,1
larcade,1
luckado,1
cheng,1
chene,1
nuzback,1
mccarvy,1
grannell,1
guedjian,1
cabe,1
hutti,1
malandruccolo,1
deever,1
suvada,1
scoville,1
atcheson,1
taraborelli,1
tamashiro,1
sorbello,1
moelter,1
gephart,1
kaneshiro,1
mostowy,1
shawgo,1
hottinger,1
galanis,1
ballagas,1
norskog,1
gervasi,1
cheon,1
misiak,1
zarilla,1
groomes,1
caal,1
gervase,1
schindele,1
spaw,1
koenig,1
sebron,1
zoll,1
burnaugh,1
jugan,1
sibille,1
hadad,1
caba,1
zarillo,1
kotara,1
zola,1
ewards,1
schriever,1
spar,1
phanthavongsa,1
sharley,1
kapur,1
kaplin,1
span,1
fluty,1
chelf,1
hrabal,1
pinon,1
whiteleather,1
cheli,1
mccarty,1
megivern,1
hallahan,1
vojna,1
harrett,1
zicker,1
sobran,1
guerena,1
gunyan,1
tavis,1
caccia,1
meshanko,1
dellaripa,1
smelley,1
rewerts,1
galanga,1
cady,1
metcalfe,1
mayberry,1
carlyle,1
westen,1
strassner,1
mansour,1
wester,1
dicaprio,1
sunyich,1
holladay,1
schmertz,1
barken,1
buehlman,1
barkes,1
jameel,1
greening,1
barket,1
whisner,1
barker,1
betsch,1
cavicchia,1
caci,1
steinbeck,1
pinnt,1
selleck,1
cada,1
hutts,1
kumfer,1
rutheford,1
hutto,1
cade,1
chell,1
schatzman,1
haygood,1
plantenberg,1
pinna,1
cacy,1
wyers,1
jenderer,1
vitera,1
mavity,1
poelman,1
pridham,1
shiyou,1
viteri,1
bickleman,1
shimonishi,1
fydenkevez,1
zogg,1
distefano,1
malagarie,1
hatley,1
herpich,1
relyea,1
sczbecki,1
hampton,1
rujawitz,1
flury,1
golkin,1
marguardt,1
drisko,1
dolphin,1
cossette,1
westly,1
hatlee,1
holderness,1
wren,1
giessinger,1
guralnick,1
sindelar,1
sipes,1
koloski,1
hatler,1
boisclair,1
yungbluth,1
weissinger,1
pincus,1
seyfert,1
lasselle,1
holesovsky,1
kaplun,1
tangert,1
przybylski,1
kolosky,1
zohn,1
dellasciucca,1
wadzinski,1
gervais,1
penado,1
engellant,1
sipho,1
pitonyak,1
drahos,1
custance,1
defenderfer,1
zody,1
winterton,1
helgert,1
dellbringge,1
zeschke,1
westin,1
shipman,1
guerera,1
simpler,1
kaper,1
shinnick,1
ducksworth,1
pecoraino,1
cheuvront,1
arrington,1
kennemur,1
baratta,1
bascetta,1
codilla,1
soza,1
hayase,1
guerero,1
wattson,1
killgore,1
angilletta,1
pettengill,1
sebree,1
frihart,1
barkan,1
sebren,1
oppegard,1
obergfell,1
ahsing,1
mceaddy,1
disano,1
beattie,1
gettenberg,1
richert,1
chessman,1
olexa,1
marasigan,1
karapetyan,1
schuerholz,1
zoch,1
vatalaro,1
holliman,1
henard,1
coveney,1
weston,1
noack,1
jahnke,1
svatek,1
mccarns,1
baratto,1
luczak,1
roskam,1
benesch,1
baars,1
calaycay,1
olexy,1
gayles,1
gayler,1
fetters,1
wray,1
zoda,1
psencik,1
dougherty,1
haysbert,1
sarcia,1
sowa,1
detherage,1
delashmit,1
chess,1
koone,1
koong,1
blossom,1
sowl,1
colgate,1
sobrio,1
bjork,1
vanhampler,1
bjorn,1
koons,1
hosner,1
koonz,1
pockrus,1
sipla,1
savocchia,1
segelhorst,1
sova,1
fresta,1
disalvo,1
ordazzo,1
weyrick,1
kapke,1
sturrup,1
fluke,1
beattle,1
schlaffer,1
kestler,1
bedingfield,1
peverini,1
disalvi,1
greenier,1
aldonza,1
romberg,1
siple,1
duchscherer,1
clowdus,1
ameling,1
bastida,1
pastel,1
blockmon,1
dubrock,1
hackl,1
bashore,1
paster,1
ruzzo,1
cava,1
hacke,1
bergener,1
conliffe,1
cave,1
bready,1
checa,1
soto,1
gigante,1
sota,1
mcbrown,1
zeanah,1
evangelo,1
romrell,1
mettenburg,1
widlak,1
cheas,1
pineo,1
heffington,1
sous,1
werling,1
vandernoot,1
wrightington,1
sour,1
clowers,1
werline,1
bartolotta,1
dornfeld,1
uchida,1
bartolotto,1
hiemer,1
soun,1
manecke,1
clowerd,1
herget,1
quiros,1
fronick,1
damelio,1
kimzey,1
bastien,1
quiroz,1
cheak,1
thorton,1
sioma,1
chean,1
cheam,1
honnold,1
mcanelly,1
betson,1
soro,1
kooch,1
sorn,1
silovich,1
concepion,1
pickens,1
lemaster,1
sorg,1
staplins,1
ciganek,1
dayrit,1
wiens,1
samrah,1
stinnett,1
sora,1
pinal,1
baatz,1
woelke,1
siona,1
clinkinbeard,1
pieters,1
simplot,1
wozny,1
caya,1
pinch,1
wesson,1
mesenbring,1
mccallister,1
montpetit,1
rehberg,1
pince,1
koerwitz,1
sosh,1
bastick,1
bolorin,1
cayo,1
cisowski,1
sosa,1
baibak,1
mesenbrink,1
confrey,1
gouras,1
cara,1
fluet,1
pruse,1
pickett,1
sopp,1
wenker,1
carl,1
soos,1
caro,1
carn,1
roadarmel,1
norgard,1
carp,1
wiehe,1
sooy,1
carr,1
prust,1
care,1
card,1
medcalf,1
hurtgen,1
sabeiha,1
jews,1
gottshall,1
pruss,1
sprandel,1
hofferber,1
wohlschlegel,1
bakaler,1
steimle,1
casa,1
dibbles,1
cart,1
mcalpin,1
quirke,1
cary,1
caso,1
billheimer,1
cast,1
dibblee,1
cass,1
cash,1
huffstickler,1
bastian,1
case,1
prutt,1
ashpole,1
deveau,1
schroader,1
crieghton,1
song,1
januszewski,1
josephsen,1
cate,1
soni,1
fluck,1
dauberman,1
cata,1
deoliveira,1
radisovich,1
geeter,1
pickert,1
aagaard,1
szocki,1
ringen,1
sturgill,1
salzman,1
breach,1
burgner,1
kearsey,1
catt,1
bloxham,1
cato,1
sienkiewicz,1
ringer,1
erikson,1
kekahuna,1
schwendemann,1
maquis,1
jahnel,1
ringel,1
degrasse,1
scadden,1
finona,1
sood,1
moehr,1
zyskowski,1
soop,1
moehn,1
barkus,1
angileri,1
shipmen,1
geerken,1
sons,1
tittle,1
legner,1
caul,1
wrye,1
fludd,1
steinberg,1
quirin,1
blihovde,1
klawinski,1
hoitt,1
schlichting,1
mcbroom,1
cana,1
cravatta,1
sbarra,1
podvin,1
iborra,1
cane,1
kapler,1
jess,1
yoshizawa,1
smuck,1
thalheimer,1
oflaherty,1
renuart,1
cann,1
cano,1
jest,1
rehbein,1
goldade,1
wieto,1
camp,1
moeck,1
solo,1
gunyon,1
soll,1
hoium,1
sola,1
lotthammer,1
khounthavong,1
loseth,1
sole,1
tratar,1
naftzger,1
kopczyk,1
souliere,1
penasa,1
hoysradt,1
marbach,1
guerrouxo,1
jett,1
buswell,1
solt,1
hathaway,1
stoesser,1
babat,1
skagen,1
vogeler,1
canu,1
delrosario,1
cosgriff,1
somo,1
mastrangelo,1
blosser,1
schnee,1
katona,1
billett,1
payenda,1
meller,1
cape,1
boosalis,1
collmeyer,1
mellen,1
capp,1
marwick,1
stromain,1
melley,1
capo,1
penate,1
lagrange,1
mackley,1
brossoit,1
gisin,1
rollend,1
nonamaker,1
pastor,1
hoisl,1
soja,1
jubyna,1
kasserman,1
revera,1
wheeless,1
pinke,1
hoist,1
revere,1
mackler,1
paxman,1
macklem,1
hollimon,1
sojo,1
himmel,1
bredemeier,1
waaga,1
konye,1
svatos,1
pinks,1
waage,1
peffers,1
turocy,1
spingola,1
moede,1
skaggs,1
konyn,1
bangert,1
carlyon,1
lenehan,1
maenpaa,1
barkle,1
jeon,1
rodriquez,1
zarkin,1
kaplan,1
tydeman,1
steimer,1
rodriques,1
adcock,1
imeson,1
raimann,1
becenti,1
revels,1
pickell,1
revelo,1
cain,1
jent,1
jens,1
cail,1
revell,1
hershberg,1
shummon,1
sohm,1
cake,1
sohl,1
britts,1
soho,1
schoeder,1
sohn,1
meisels,1
wislocki,1
babel,1
drish,1
senavanh,1
shriner,1
sohr,1
resetar,1
meenan,1
britto,1
cheek,1
gatrell,1
boardman,1
okrent,1
ringle,1
stogden,1
hepburn,1
postlewait,1
babey,1
dietze,1
baber,1
babeu,1
gliues,1
pines,1
winterfeld,1
call,1
piner,1
biddiscombe,1
calk,1
wiers,1
cali,1
dunnaway,1
mellas,1
lazenberry,1
smuin,1
pinet,1
terrasi,1
cale,1
dachelet,1
pinder,1
wegleitner,1
harington,1
ferretti,1
pruyn,1
stoffregen,1
stohlton,1
tefertiller,1
losardo,1
legnon,1
stoessel,1
syzdek,1
rognstad,1
woelfl,1
gendreau,1
babbs,1
monterrubio,1
checo,1
wiess,1
kashuba,1
camm,1
check,1
wiest,1
palencia,1
jeng,1
temblador,1
chech,1
prociuk,1
wassinger,1
cheda,1
boerger,1
soga,1
rudolf,1
mcgunnigle,1
waack,1
cristina,1
toyne,1
wiese,1
fresch,1
bethurum,1
cristino,1
calo,1
harrell,1
toelkes,1
mellor,1
boettcher,1
fulkerson,1
loseke,1
lessey,1
spellacy,1
huisman,1
blomker,1
mellos,1
towne,1
neilan,1
barthelemy,1
lessen,1
parraga,1
frasure,1
terrano,1
mellon,1
mellom,1
lesser,1
pridgen,1
smutnick,1
mindingall,1
huson,1
ohair,1
dealmeida,1
jurczak,1
tunney,1
chiado,1
nitz,1
dalonzo,1
podesta,1
sobe,1
juhas,1
husni,1
moczo,1
edgehill,1
towns,1
grisset,1
galamay,1
goguen,1
rouleau,1
upthegrove,1
kopicko,1
nixa,1
tredwell,1
jungquist,1
darroch,1
fleig,1
terrall,1
tannenbaum,1
tauer,1
babin,1
boesenberg,1
botero,1
morford,1
fabbri,1
catacun,1
niwa,1
babic,1
snachez,1
sode,1
okafor,1
goodfriend,1
etchells,1
hopgood,1
fellezs,1
soda,1
kanzler,1
aluarado,1
lessin,1
patrylak,1
ahrns,1
lessig,1
gullotta,1
barncastle,1
siller,1
samrov,1
tepperberg,1
riehle,1
wydra,1
orizabal,1
vellone,1
reddrick,1
hargrow,1
bable,1
eversmann,1
youngstrom,1
esque,1
hussy,1
englehart,1
mishar,1
prohaska,1
sodeman,1
niro,1
molinar,1
macklin,1
mishaw,1
molinas,1
cushway,1
kirchoff,1
konty,1
kondracki,1
depippo,1
ancalade,1
bastine,1
rubenstein,1
ringus,1
martabano,1
partenope,1
shoener,1
towse,1
fleet,1
tymeson,1
fleer,1
mellis,1
saborio,1
mccrackin,1
better,1
villwock,1
bettes,1
grissam,1
fleek,1
pontoriero,1
towry,1
grisanti,1
reategui,1
holmon,1
garigen,1
mellie,1
polselli,1
manuelito,1
kaldahl,1
nita,1
poncio,1
bentele,1
mellin,1
herbold,1
gilpin,1
wessel,1
todman,1
lessly,1
eakins,1
barjas,1
shaver,1
forsyth,1
bettcher,1
harvick,1
quezergue,1
niss,1
biastock,1
nist,1
obiano,1
yowell,1
alghamdi,1
addesso,1
sanberg,1
chilton,1
nish,1
delcambre,1
sillas,1
shambaugh,1
eichele,1
gaymon,1
dubourg,1
litvak,1
ramlakhan,1
scharbor,1
fleck,1
ninh,1
ohara,1
nini,1
ayele,1
nine,1
gunzelman,1
nino,1
bloemker,1
zanghi,1
ohare,1
taula,1
brueckner,1
szczeblewski,1
harvill,1
fellenz,1
nims,1
sefton,1
urbani,1
froning,1
talsma,1
nina,1
nimz,1
urbano,1
martorello,1
camuso,1
slutsky,1
martorelli,1
konig,1
urbany,1
esponda,1
lessor,1
konik,1
shintani,1
martorella,1
fleak,1
justesen,1
moosbrugger,1
brambila,1
carignan,1
seraille,1
holowell,1
ecton,1
gayman,1
vinroe,1
stjacques,1
hemmann,1
esmaili,1
ector,1
lowing,1
turnow,1
cabotaje,1
mongiello,1
twillie,1
kawaguchi,1
neusch,1
chaudoin,1
gittleman,1
billeck,1
nipp,1
parquette,1
theinert,1
lovvorn,1
wight,1
huser,1
vandewege,1
bavelas,1
cancilla,1
ladouceur,1
cantrelle,1
chowhan,1
mccuiston,1
blanchfield,1
hoznour,1
mahlum,1
biscocho,1
eriksen,1
inzerillo,1
bogucki,1
guridi,1
wiggs,1
jusino,1
millwood,1
luvian,1
jansons,1
spuler,1
talsky,1
dusatko,1
clower,1
clowes,1
thorsen,1
josephson,1
babst,1
parrack,1
bethurem,1
dambrosio,1
studt,1
huski,1
fellers,1
study,1
stpaul,1
dorschner,1
disbro,1
althaus,1
rifenbark,1
draime,1
sakasegawa,1
husky,1
makinen,1
tapian,1
konma,1
fayard,1
ozolins,1
stuer,1
tiemeyer,1
girsh,1
simpkin,1
kendziora,1
rylander,1
sharman,1
draine,1
terrace,1
dambrosia,1
huska,1
heaivilin,1
shaffen,1
mutters,1
girst,1
kemmerling,1
wiget,1
shaffer,1
dearth,1
gaymes,1
shumock,1
whitfield,1
mcdowell,1
nill,1
spellane,1
stothard,1
wigen,1
rodibaugh,1
shellgren,1
schlup,1
nila,1
zahradnik,1
deadmond,1
kjellman,1
waxler,1
konno,1
begnoche,1
amparan,1
twilley,1
diefendorf,1
girty,1
golembeski,1
stuck,1
buschman,1
owsley,1
granahan,1
zoeller,1
simlick,1
ribaudo,1
saddat,1
melloy,1
scahill,1
lowitz,1
mellow,1
lugabihl,1
voita,1
konon,1
killough,1
caza,1
konow,1
greenham,1
amezcua,1
antione,1
fagundes,1
sardin,1
greenhaw,1
jahoda,1
konat,1
tatro,1
bergeman,1
delancey,1
hergenrader,1
passer,1
stothart,1
santmier,1
delguidice,1
vibbert,1
schikora,1
vanvranken,1
giron,1
snow,1
doheny,1
elworthy,1
points,1
girod,1
osswald,1
serfass,1
arlington,1
schmig,1
pervis,1
schmid,1
infantino,1
digrazia,1
urbaez,1
skahan,1
boardley,1
gullickson,1
pointe,1
atkinson,1
weinhold,1
fulcher,1
mainero,1
waxman,1
thorson,1
catmull,1
geesey,1
meaker,1
akamine,1
ruyter,1
muilenburg,1
sippy,1
gonthier,1
ahsan,1
vandawalker,1
grinberg,1
servantez,1
habif,1
habig,1
engholm,1
habib,1
stuhr,1
modin,1
quispe,1
dukett,1
sarden,1
betton,1
baldiviez,1
krakauer,1
kuehner,1
schmit,1
ponciano,1
dieter,1
riippi,1
racitano,1
kuehnel,1
bringhurst,1
lepisto,1
dinitto,1
njie,1
vermillion,1
tatum,1
bangle,1
gossling,1
sipos,1
hollings,1
flechas,1
watling,1
vanoort,1
dietel,1
swindle,1
coventry,1
maglott,1
bohall,1
urbach,1
budine,1
traxler,1
ayers,1
underkofler,1
modic,1
polachek,1
bradby,1
selzler,1
konek,1
valido,1
konen,1
rolseth,1
brunelle,1
foushee,1
brunelli,1
hamontree,1
offill,1
modha,1
muhlestein,1
barwell,1
squyres,1
cembura,1
stumm,1
pizzitola,1
kondo,1
stump,1
akamiro,1
kirchgessner,1
jernstad,1
tecklenburg,1
balistrieri,1
covelli,1
lindgren,1
carragher,1
chiara,1
huter,1
covello,1
lasseigne,1
bohart,1
mishra,1
tartaglione,1
chiaro,1
burigsay,1
vbiles,1
stumb,1
leleux,1
pabelick,1
urbain,1
neuser,1
flett,1
slider,1
model,1
vrablic,1
moder,1
braddy,1
mishou,1
ohlendorf,1
hoggatt,1
stull,1
dalhover,1
servantes,1
cicerelli,1
braden,1
mishoe,1
roswick,1
dykhoff,1
terando,1
kolwyck,1
mezera,1
lacerenza,1
eccles,1
boughamer,1
hokes,1
valenciana,1
tabian,1
shintaku,1
swearengen,1
trombino,1
mcinerney,1
skapura,1
bradey,1
brusser,1
grissom,1
toxey,1
grisson,1
flecher,1
axelsen,1
brader,1
hable,1
hutch,1
brussel,1
dearin,1
steinert,1
orrell,1
passey,1
bradon,1
cedotal,1
sturk,1
sturm,1
stokely,1
kahuhu,1
riggins,1
hoggard,1
beilman,1
mccracken,1
orrego,1
bettin,1
sturz,1
kuehnle,1
mccracker,1
holmquest,1
bettis,1
loudermelt,1
weisgerber,1
gaylor,1
sturn,1
stockwin,1
filippelli,1
dundlow,1
forsmark,1
hiefnar,1
kuenstler,1
bacak,1
munnerlyn,1
shaull,1
filippello,1
kluber,1
chiang,1
galella,1
mahler,1
guzman,1
stakelin,1
bowdler,1
kulakowski,1
mahley,1
axelson,1
baumler,1
mattiace,1
voigt,1
ocacio,1
schmal,1
ruballos,1
manspeaker,1
ertzbischoff,1
guzmdn,1
kolstad,1
husul,1
stupp,1
eugenio,1
jurkovich,1
loudenslager,1
wheeldon,1
tronaas,1
bacca,1
bohaty,1
kilduff,1
poellot,1
anestos,1
tavella,1
toeller,1
rhynard,1
lessard,1
bacco,1
swearengin,1
salvino,1
dechambeau,1
yegge,1
zorc,1
stuve,1
mahlke,1
ponder,1
pietschman,1
normandeau,1
milonas,1
yerbich,1
lindline,1
sharlow,1
crytser,1
zorn,1
hirschman,1
coventon,1
burgoon,1
habbs,1
vorgas,1
forsmann,1
dearco,1
lounder,1
turner,1
turnes,1
nizo,1
scully,1
maglori,1
willcoxon,1
flens,1
lukavsky,1
goodermote,1
vannover,1
smtih,1
scharber,1
snee,1
rehder,1
turney,1
turnbo,1
stalworth,1
sizelove,1
teitel,1
voice,1
melman,1
litvin,1
bettle,1
quealy,1
haber,1
habel,1
lacson,1
golish,1
passow,1
taube,1
kaniewski,1
friedenthal,1
stutz,1
passon,1
picozzi,1
bradly,1
rybolt,1
berulie,1
tidwell,1
budiao,1
loukidis,1
weiland,1
belfast,1
stimits,1
imhof,1
mcmillon,1
alverado,1
becher,1
comeau,1
flemm,1
braunstein,1
lester,1
zoss,1
bechel,1
piehler,1
bacha,1
carriveau,1
delcine,1
depolito,1
zeimetz,1
bacot,1
fabert,1
huron,1
struckman,1
bacon,1
kohnert,1
tkacz,1
cacace,1
volpe,1
melick,1
melich,1
krawetz,1
volpi,1
kanoy,1
srinivasan,1
turiano,1
volpa,1
hurni,1
strauhal,1
laquay,1
beshears,1
blinston,1
twombly,1
hafen,1
hafer,1
pilla,1
kowalkowski,1
hurns,1
detraglia,1
rosier,1
thyberg,1
ozols,1
pille,1
eberlein,1
melian,1
pencil,1
pillo,1
srey,1
farthing,1
nocar,1
cockburn,1
kanno,1
costellowo,1
guercio,1
valela,1
kanne,1
hogle,1
waymon,1
rosiek,1
lacrue,1
verros,1
hurley,1
vinsel,1
tkach,1
tyksinski,1
chilsom,1
chilson,1
spong,1
sarani,1
bulisco,1
shadwell,1
hurles,1
eibell,1
kanoa,1
rotando,1
posthumus,1
gaynor,1
nawrocki,1
siddle,1
paskoff,1
wrights,1
pillard,1
mobus,1
garbin,1
voltz,1
llewlyn,1
carucci,1
siddon,1
hurla,1
possinger,1
pruchnik,1
blaschke,1
braham,1
neiman,1
sweitzer,1
mcneece,1
fritch,1
karsnak,1
vanegdom,1
meridieth,1
agresto,1
erichsen,1
petgrave,1
varajas,1
schutzenhofer,1
stalford,1
spanfellner,1
longaker,1
girad,1
spohn,1
agresta,1
hagenson,1
spohr,1
herera,1
neuenschwande,1
agreste,1
espadas,1
backe,1
agresti,1
bacik,1
degross,1
massingill,1
hereth,1
siering,1
preuitt,1
briglia,1
bacio,1
stookey,1
hurne,1
nocek,1
rudney,1
ruthers,1
kanis,1
pilot,1
isaacks,1
camren,1
tysinger,1
donmoyer,1
pilon,1
riegle,1
stormont,1
lachappelle,1
bache,1
dapice,1
kinatyan,1
bacho,1
ficarra,1
hurme,1
vandebrake,1
duggins,1
shauer,1
colantonio,1
hommerding,1
herriges,1
verrue,1
rediske,1
hogge,1
flaum,1
singh,1
verret,1
orrala,1
garber,1
koelle,1
aliotta,1
monachino,1
hoger,1
helstad,1
hogen,1
splane,1
golian,1
kestner,1
golias,1
tavolario,1
bruton,1
lynchard,1
fabela,1
flato,1
wenman,1
kirsch,1
flatt,1
rosillo,1
piltz,1
decapite,1
eriksson,1
ediger,1
eagleston,1
budish,1
spoth,1
pencak,1
cottier,1
kania,1
spoto,1
troost,1
sines,1
mackins,1
siner,1
calvelo,1
flath,1
vandiest,1
crapse,1
buttram,1
paddison,1
doolittle,1
kaner,1
umberger,1
argentieri,1
earenfight,1
betances,1
icard,1
meakin,1
phlegm,1
fritzler,1
wunsch,1
buttray,1
bacus,1
mosinski,1
barman,1
mccloskey,1
schnurbusch,1
grumbling,1
schmeider,1
sinha,1
taymon,1
bachtell,1
waymer,1
argento,1
venhorst,1
cotant,1
sings,1
argenti,1
singo,1
reddinger,1
rosica,1
prochak,1
mikkelsen,1
nocks,1
libera,1
calvert,1
spoon,1
rosich,1
brueckman,1
mayhood,1
spoor,1
trautz,1
cooler,1
trauth,1
rahmani,1
boreman,1
kanda,1
judon,1
hogan,1
cooley,1
crapps,1
orbeck,1
melino,1
estus,1
mohrlock,1
pratico,1
gayner,1
kandt,1
vansise,1
rosian,1
vinson,1
bowersox,1
pinard,1
pencek,1
naumoff,1
meling,1
discon,1
medinger,1
meline,1
guinyard,1
paukert,1
teaster,1
kanan,1
freehling,1
sessum,1
tadesse,1
kanai,1
schleining,1
dierks,1
huret,1
tetreault,1
larrison,1
kasmarek,1
rosiak,1
buschner,1
finseth,1
golick,1
branchaud,1
kosmicki,1
keohane,1
kanas,1
muskett,1
buttrey,1
siddiq,1
brutus,1
apicella,1
mcneely,1
becerril,1
brozell,1
moldovan,1
eychaner,1
daimaru,1
weingartner,1
sindt,1
talton,1
rettinger,1
koetting,1
gsell,1
barmes,1
mayhorn,1
schammel,1
libert,1
brozena,1
peterman,1
carillion,1
waisman,1
golida,1
splain,1
mcgaughey,1
bertagnoli,1
colorado,1
schott,1
ayhens,1
sport,1
barmer,1
desamparo,1
jurczyk,1
calvent,1
sporn,1
kanelos,1
tuckerman,1
spore,1
hurde,1
wasilko,1
imaizumi,1
wayman,1
espree,1
behning,1
matrejek,1
cubillo,1
splawn,1
pillado,1
cappelletti,1
gisler,1
pontarelli,1
nice,1
estis,1
streu,1
stewarts,1
strey,1
schiappa,1
yehle,1
greenlaw,1
affelt,1
wigle,1
malpica,1
neilly,1
wrotten,1
ohotnicky,1
boczar,1
mcalister,1
mocco,1
zombro,1
melish,1
sessom,1
utecht,1
balhorn,1
streb,1
bentham,1
haese,1
affeld,1
tibolla,1
livesay,1
nida,1
nico,1
husar,1
strem,1
simms,1
nick,1
nici,1
husak,1
stred,1
carrothers,1
haerr,1
strei,1
surprise,1
strek,1
badal,1
seveney,1
estle,1
erichson,1
noboa,1
calvery,1
dessecker,1
degroff,1
delozier,1
lacharite,1
toomer,1
atzhorn,1
mostrom,1
pouliot,1
toomes,1
stattelman,1
dossman,1
toomey,1
brafford,1
melito,1
husby,1
tronzo,1
diachenko,1
loshek,1
brecht,1
husch,1
angelilli,1
rightnour,1
hadesty,1
marsicek,1
brasseaux,1
akers,1
drechsler,1
angelillo,1
simor,1
hargreaves,1
schnoor,1
respass,1
ryherd,1
norwood,1
chaparro,1
malatesta,1
nian,1
wittbrodt,1
axelrad,1
niau,1
alrais,1
simon,1
melius,1
splatt,1
cromuel,1
shurgot,1
mocha,1
nigh,1
druschel,1
straw,1
nigg,1
staehle,1
micheletti,1
bukhari,1
rakoci,1
taylor,1
dyches,1
mayrant,1
stray,1
volek,1
brunkhorst,1
loesche,1
fritts,1
frittz,1
lavole,1
schnopp,1
cranmore,1
fields,1
livesey,1
mamaril,1
vanwright,1
deason,1
shatto,1
nethery,1
mealey,1
degroat,1
mealer,1
sharits,1
emmitt,1
stram,1
stanzione,1
nigl,1
tayloe,1
rozance,1
sirolli,1
nied,1
amezaga,1
juell,1
mcnespey,1
suoboda,1
buonomo,1
estok,1
stambaugh,1
caliendo,1
schnorr,1
nido,1
somerville,1
gremler,1
gourdine,1
lapaglia,1
hereda,1
gwynn,1
rezentes,1
niez,1
kolacki,1
octave,1
tables,1
diesel,1
tabler,1
nier,1
nies,1
diesen,1
oviatt,1
dayton,1
lavoie,1
scheaffer,1
niel,1
simko,1
bruster,1
olgin,1
saulsberry,1
wygle,1
culverhouse,1
vanvolkenburg,1
shenberger,1
herendeen,1
badia,1
doxbeck,1
travis,1
zoumis,1
pickenpaugh,1
lazenson,1
shannon,1
eldrige,1
serandos,1
hogue,1
gastonguay,1
minteer,1
monestine,1
torrecillas,1
rosing,1
valery,1
sampieri,1
volin,1
alfisi,1
gajewski,1
rosine,1
valero,1
petermann,1
tillson,1
kipling,1
pizzulo,1
valeri,1
samona,1
towle,1
ziglar,1
schoonhoven,1
valera,1
mccrudden,1
bozelle,1
imbach,1
monestime,1
garate,1
wessling,1
aggarwal,1
benthin,1
samons,1
herena,1
steakley,1
santrmire,1
badie,1
alibozek,1
overshown,1
deases,1
degrood,1
deliberto,1
seilhamer,1
gfeller,1
mezick,1
foerschler,1
hageman,1
jesmer,1
blackford,1
pilat,1
pilar,1
styers,1
kielich,1
nowitzke,1
rodemoyer,1
tilgner,1
lauterbach,1
perloff,1
alterman,1
janowski,1
stroy,1
kahrer,1
strow,1
vorhees,1
pilch,1
mischler,1
skokowski,1
nunnery,1
strop,1
kunselman,1
strom,1
haehn,1
sessin,1
stroh,1
degroot,1
olores,1
bonnifield,1
rhame,1
hettenhausen,1
zimmermann,1
esteb,1
cianciotta,1
hursh,1
karpowicz,1
salatino,1
hurse,1
knobler,1
sutcliff,1
akery,1
esten,1
estel,1
ester,1
hazlitt,1
estep,1
hurry,1
garant,1
argiro,1
estes,1
hilcher,1
samora,1
estey,1
bothof,1
valent,1
caillier,1
rafferty,1
kanta,1
glantz,1
wygal,1
poquette,1
bader,1
volle,1
badey,1
badruddin,1
hilchey,1
hurta,1
mccurdy,1
skorcz,1
tamporello,1
whatley,1
rothfeld,1
traver,1
karpowich,1
traves,1
galeoto,1
mrochek,1
todora,1
kantz,1
axelrod,1
baden,1
hurst,1
strid,1
plassmann,1
poncho,1
slicer,1
clozza,1
hogon,1
busche,1
brague,1
drakes,1
hubbartt,1
hurtz,1
khubba,1
buttrum,1
hendee,1
stechuchak,1
johanek,1
granstrom,1
hannigan,1
rineer,1
heidenescher,1
eppihimer,1
hendel,1
sedwick,1
piles,1
mogollon,1
hurtt,1
schnoke,1
hender,1
garstka,1
towey,1
tarbutton,1
radish,1
comden,1
wemhoff,1
hartlage,1
sesser,1
tower,1
iadarola,1
deasis,1
desimoni,1
kirson,1
desimone,1
hafter,1
baysmore,1
brixey,1
badon,1
shatswell,1
breaud,1
orzech,1
santibanez,1
jeff,1
devalk,1
lensing,1
galusha,1
devall,1
hendry,1
germundson,1
marrufo,1
mrvan,1
bowdich,1
garand,1
delafuente,1
malmanger,1
coppernoll,1
breath,1
gilroy,1
sharkey,1
finnley,1
mcgivney,1
ravencraft,1
tayler,1
belousson,1
hohlt,1
berkhalter,1
mccraven,1
contras,1
pharis,1
mutana,1
runswick,1
wung,1
burkhard,1
emison,1
betran,1
casseus,1
daoust,1
mcwayne,1
makekau,1
gotcher,1
burkhart,1
mccutcheon,1
toupe,1
sandling,1
jehl,1
scallon,1
rambeau,1
eirich,1
sirbaugh,1
strum,1
toups,1
wieczorek,1
schock,1
garala,1
schoch,1
kamna,1
wolsted,1
ishibashi,1
kotheimer,1
steinger,1
ngov,1
sharrock,1
gierlach,1
otsman,1
crabtree,1
rosher,1
lamastus,1
loerwald,1
hannifan,1
hendon,1
mumpower,1
deatherage,1
breard,1
pizzuto,1
gayoso,1
sixkiller,1
pizzuti,1
haeck,1
toulouse,1
barley,1
prather,1
lundgren,1
kitzman,1
pantano,1
boteilho,1
tosado,1
danneman,1
littlehale,1
baccouche,1
boxley,1
ersery,1
quiver,1
laforge,1
bruski,1
wurz,1
mcaninch,1
johanns,1
girardeau,1
madueno,1
radabaugh,1
cassese,1
litaker,1
landfried,1
moatz,1
neiner,1
vonhagen,1
flauding,1
moshier,1
mcferran,1
smigiel,1
kalinski,1
kamin,1
colchado,1
hatman,1
podraza,1
stailey,1
fuston,1
rector,1
augsburger,1
taylan,1
taylar,1
wurm,1
strub,1
nobbe,1
wurl,1
emmick,1
mulrenin,1
maduena,1
roshia,1
ellerbrock,1
mceuen,1
wathen,1
nangle,1
meffert,1
petrauskas,1
pawlosky,1
devane,1
bomgardner,1
legore,1
zigler,1
wallgren,1
haydon,1
geffers,1
plotkin,1
leverson,1
geffert,1
tawil,1
devany,1
allerman,1
pawloski,1
tarkenton,1
sample,1
pryor,1
gearon,1
vaccaro,1
lewton,1
moats,1
kamke,1
jennrich,1
horaney,1
epperheimer,1
shatek,1
touma,1
borrolli,1
argenal,1
lafleche,1
barlip,1
muzzarelli,1
lucchini,1
littau,1
subijano,1
breaux,1
cassens,1
vancuren,1
koppy,1
bragas,1
stuermer,1
prestley,1
claridge,1
demelis,1
bragan,1
kawczynski,1
bruson,1
mcknight,1
sandercock,1
prosper,1
laforce,1
galluccio,1
abramowski,1
heminger,1
hatzenbuhler,1
arisumi,1
kopps,1
ferrante,1
edsall,1
ferranti,1
genualdi,1
windsor,1
tiedeman,1
flathers,1
colebrook,1
ferranto,1
halcott,1
brotzman,1
mikasa,1
faidley,1
genualdo,1
hayduk,1
dotzler,1
myricks,1
fritze,1
kamel,1
niblett,1
pharao,1
babitsch,1
ofarrell,1
vinton,1
dimuzio,1
kamen,1
woodhams,1
kamer,1
nobel,1
cassels,1
vauter,1
cassell,1
geasley,1
shippee,1
sittre,1
bohorquez,1
grothaus,1
cyganiewicz,1
drakos,1
swiatek,1
shippen,1
yamanaka,1
podratz,1
chaloux,1
nghe,1
demello,1
laforey,1
speach,1
zanders,1
sarber,1
esson,1
mullison,1
shipper,1
heidema,1
schiffer,1
shippey,1
loewenthal,1
pennison,1
macchiaroli,1
mcferren,1
dudziak,1
braget,1
jean,1
leversee,1
reveal,1
pikus,1
brager,1
sampey,1
marrujo,1
sudbeck,1
cafferty,1
arellano,1
toombs,1
stadheim,1
kamstra,1
radich,1
willhite,1
jebb,1
prospal,1
weininger,1
radick,1
cookey,1
cookerly,1
eisaman,1
toure,1
noble,1
mealor,1
villalona,1
chicas,1
pikul,1
radice,1
meachum,1
olien,1
bermejo,1
mashore,1
kroesing,1
padfield,1
ollivier,1
tooman,1
ottaway,1
oliff,1
busboom,1
glance,1
mutart,1
reichenberg,1
searing,1
radics,1
bothwell,1
gearin,1
kamai,1
phares,1
hakala,1
herrandez,1
mathelier,1
pharel,1
ngin,1
juett,1
challenger,1
vanhyning,1
comboy,1
schnur,1
kamat,1
braggs,1
rothweiler,1
fergusen,1
roshak,1
kamal,1
halcomb,1
jech,1
kaman,1
nobis,1
jeck,1
quivoz,1
ermitano,1
jaskiewicz,1
fritzman,1
cloward,1
glancy,1
moake,1
olide,1
zanini,1
rottenberg,1
froats,1
wulf,1
koppa,1
barlak,1
holderby,1
garraghty,1
barlau,1
drier,1
dries,1
mikami,1
badua,1
fuster,1
grieser,1
wayner,1
moala,1
chicca,1
mcferrin,1
madhavan,1
sabella,1
versaw,1
essix,1
mcferron,1
brebes,1
mccarey,1
trimm,1
honzel,1
rosiles,1
litrenta,1
schrumpf,1
kopis,1
kopin,1
bockemehl,1
gariety,1
saefong,1
essig,1
mcgaughan,1
schopp,1
jermeland,1
strissel,1
mersman,1
bowdish,1
cookis,1
aycock,1
deaton,1
edlund,1
trinh,1
trine,1
mobbs,1
komula,1
traube,1
krawchuk,1
netterville,1
uresti,1
litton,1
schmerer,1
malaterre,1
meacham,1
langhorn,1
cieslinski,1
ureste,1
kopka,1
hanback,1
kopke,1
kurpinski,1
drzewicki,1
kanae,1
fabeck,1
legoff,1
continenza,1
erxleben,1
retersdorf,1
kopko,1
reimers,1
birkhead,1
tooley,1
byington,1
mccargo,1
moehrle,1
cafferky,1
brouwer,1
blodgett,1
speake,1
caravalho,1
rambert,1
schorr,1
tooles,1
schorn,1
weatherwax,1
tovar,1
tripp,1
lamaster,1
leidall,1
speaks,1
rotanelli,1
barlup,1
beatson,1
beitzel,1
ramberg,1
tripi,1
spry,1
spitsberg,1
sinon,1
noaks,1
klinkenberg,1
lewandoski,1
chamness,1
nham,1
weipert,1
sinor,1
nommay,1
keranen,1
hairfield,1
turnblom,1
barcliff,1
skildum,1
kopec,1
sinks,1
galante,1
kohlhepp,1
galanti,1
thurstonson,1
kolkman,1
bermers,1
gearan,1
roncskevitz,1
molitoris,1
escalona,1
langhout,1
dripps,1
barclift,1
koper,1
philippe,1
scholl,1
kopet,1
philippi,1
fedalen,1
delariva,1
yarmitsky,1
kopel,1
zertuche,1
scholz,1
schlueter,1
enyart,1
saltness,1
sverchek,1
hentges,1
devonshire,1
doremus,1
verser,1
mcclenaghan,1
aicklen,1
haydal,1
duerkop,1
grider,1
stooksbury,1
viator,1
montieth,1
schone,1
sumbler,1
morrone,1
schons,1
hullender,1
crantz,1
sinka,1
gardner,1
mcneese,1
mcphatter,1
antonovich,1
ouzts,1
proveaux,1
cunanan,1
trill,1
schoof,1
friddell,1
kozatek,1
sandlian,1
trilt,1
schoon,1
montiero,1
school,1
nhep,1
sinko,1
crabill,1
schook,1
sadger,1
nhek,1
bozeman,1
parisian,1
mefferd,1
naples,1
baehr,1
secundo,1
kopas,1
cheverez,1
peterkin,1
barlow,1
kopan,1
ferrando,1
secunda,1
nguy,1
duckworth,1
beakley,1
widick,1
hayden,1
oftedahl,1
clerkley,1
ferguson,1
andzulis,1
singleton,1
haydel,1
spears,1
pansullo,1
souvannarith,1
mikkelson,1
sellars,1
dingfelder,1
turpin,1
larsson,1
roggenbaum,1
giannell,1
sarate,1
riegel,1
pierzchala,1
traugh,1
aristide,1
banick,1
rieger,1
devara,1
orzell,1
scalley,1
colaluca,1
solorsano,1
spease,1
kulbacki,1
yanuaria,1
litten,1
tropea,1
katnik,1
chicon,1
kuehler,1
kotera,1
litter,1
henein,1
blackwell,1
magouirk,1
etherton,1
pryce,1
kennison,1
devary,1
goheen,1
vokes,1
dixion,1
parisien,1
guereca,1
oltmanns,1
stelter,1
kopay,1
couzens,1
winemiller,1
philipps,1
courchine,1
pryde,1
twait,1
essen,1
bookard,1
vanderpol,1
schwanbeck,1
little,1
gariepy,1
vallangeon,1
jufer,1
skafec,1
azoulay,1
essex,1
folwell,1
galuski,1
lanners,1
magbitang,1
esser,1
brodhead,1
esses,1
rittenhouse,1
galuska,1
kampa,1
luczki,1
kampf,1
babecki,1
kampe,1
schoeb,1
kamph,1
schunemann,1
cookus,1
meachem,1
meachen,1
pryer,1
garringer,1
muninger,1
piker,1
schoel,1
kamps,1
halbrooks,1
echoles,1
scallan,1
turpen,1
roecker,1
schoff,1
shasky,1
sester,1
vermilya,1
lowler,1
hadef,1
purugganan,1
kadelak,1
pikey,1
vansice,1
haden,1
siemsen,1
oakden,1
trish,1
shaske,1
garfinkel,1
alleman,1
devaux,1
moonshower,1
schoen,1
pikes,1
hadel,1
devaul,1
offenberger,1
worchester,1
hillwig,1
hader,1
laronda,1
tritz,1
dannelly,1
lewter,1
schmerge,1
eisenstadt,1
borromeo,1
ansoategui,1
olarte,1
iguina,1
tovey,1
tritt,1
toves,1
dabdoub,1
scuito,1
nethken,1
trice,1
jestes,1
ostermiller,1
wayson,1
jester,1
labreck,1
kalaf,1
leinberger,1
roulhac,1
pepperman,1
achorn,1
fujihara,1
noens,1
toolan,1
trick,1
stelzer,1
prosser,1
lamber,1
labar,1
lambey,1
lambes,1
laban,1
wicklund,1
phorng,1
achord,1
buttaccio,1
wileczek,1
mcallen,1
venters,1
imlay,1
nowosielski,1
litzenberg,1
vickroy,1
sparaco,1
stford,1
imler,1
aguinaga,1
biggard,1
pisco,1
fesenmyer,1
suhoski,1
jaye,1
chargualaf,1
irestone,1
zamparini,1
trias,1
biggart,1
cecchinato,1
bergesen,1
rombardo,1
lafuente,1
trial,1
jayo,1
hyske,1
bosserman,1
mckennzie,1
walizer,1
tribe,1
breehl,1
segrave,1
diseth,1
debaets,1
grosskreutz,1
stfort,1
tisdal,1
tuckerson,1
pirkle,1
skalak,1
holzhueter,1
ondeck,1
galipeau,1
latourrette,1
windrow,1
silas,1
sprengeler,1
kalen,1
demaranville,1
skow,1
nethkin,1
brickman,1
chuyangher,1
pascanik,1
trigg,1
schink,1
silao,1
vertiz,1
hedstrom,1
mezzatesta,1
trigo,1
kellum,1
belknap,1
poirier,1
chauvin,1
zapatas,1
tousant,1
cooney,1
laber,1
cooner,1
coones,1
morawa,1
panyik,1
botkin,1
pirkey,1
sarkisian,1
gurley,1
golomb,1
sharum,1
tapley,1
glende,1
seaholtz,1
laroque,1
vukcevic,1
breech,1
rinkel,1
breece,1
labbe,1
hiltunen,1
jaus,1
panyko,1
schild,1
boisuert,1
muetzel,1
bennage,1
schill,1
schilk,1
noell,1
joyal,1
schilz,1
trieu,1
labat,1
trier,1
derden,1
paliotta,1
petersik,1
labay,1
enrique,1
fagerstrom,1
orazine,1
schadegg,1
quinzi,1
cassiday,1
kmiotek,1
hyson,1
hysom,1
greenspan,1
tisdel,1
kaercher,1
skog,1
morath,1
skok,1
kalas,1
kalar,1
kalal,1
rinker,1
jave,1
kalan,1
skov,1
bjella,1
rigotti,1
blomgren,1
sabedra,1
luvera,1
wiatr,1
siemonsma,1
eslava,1
meservy,1
joyce,1
mcspedon,1
melgar,1
sammet,1
sammer,1
okitsu,1
schirm,1
schiro,1
kalil,1
vanscoy,1
kalin,1
luvert,1
rissman,1
drevs,1
yarrington,1
gendler,1
devenuto,1
wyand,1
devoy,1
devor,1
devos,1
devot,1
goldfuss,1
devon,1
ahlgren,1
allerton,1
devol,1
gremmels,1
okamura,1
densieski,1
umbel,1
imbrock,1
saverchenko,1
devoe,1
ballester,1
needle,1
kelman,1
handelman,1
drews,1
shreve,1
coonan,1
quinto,1
olano,1
troutt,1
bankes,1
stimler,1
banker,1
riggens,1
morais,1
herzfeld,1
shanley,1
wyant,1
bankey,1
zigich,1
morain,1
kokko,1
biegler,1
oehlenschlage,1
petersen,1
okelley,1
kales,1
aramboles,1
kaler,1
pezzica,1
wnek,1
kaley,1
coonce,1
campau,1
lavina,1
okumura,1
campas,1
hoeck,1
dolven,1
kalfa,1
lavine,1
wendelin,1
oland,1
mcnutty,1
heinricher,1
riverman,1
kassulke,1
hupka,1
zampedri,1
rooker,1
jestis,1
vickrey,1
devit,1
hoehn,1
hataway,1
jankins,1
wilfred,1
hoehl,1
kalla,1
dorantes,1
sumatzkuku,1
morand,1
baierl,1
morang,1
randlett,1
skye,1
henery,1
morano,1
hoerauf,1
mestayer,1
dress,1
morant,1
baiera,1
emmanuel,1
dossous,1
kalka,1
lowman,1
riggers,1
aurich,1
hoegh,1
loatman,1
aybar,1
sturner,1
barona,1
vanbebber,1
barone,1
margulis,1
skogstad,1
hoeft,1
baroni,1
dralle,1
riggert,1
jamili,1
camper,1
israelson,1
mccrabb,1
campen,1
harrald,1
mcclucas,1
griffiths,1
deitrick,1
piccard,1
deitrich,1
morale,1
lolagne,1
racioppo,1
kalis,1
beckel,1
beckem,1
herley,1
sparano,1
racioppi,1
becket,1
zelonis,1
becker,1
beckes,1
salamacha,1
beckey,1
meserve,1
almond,1
devier,1
legros,1
herridge,1
langerman,1
legrow,1
colvert,1
gladwin,1
sitter,1
bennard,1
sweigart,1
boutros,1
woodhead,1
hoene,1
huppe,1
mauleon,1
jeanpaul,1
skea,1
richins,1
flebbe,1
jessup,1
dormaier,1
elcock,1
sweigard,1
morber,1
scaringe,1
styles,1
styler,1
kennerly,1
scaringi,1
parrett,1
sharif,1
lamark,1
lamarr,1
chism,1
jaji,1
hintermeister,1
gloeckler,1
muggeo,1
olaes,1
gilkes,1
trachte,1
broaden,1
flagiello,1
radmacher,1
brasuell,1
chiou,1
vannorman,1
kimura,1
oldaker,1
brusco,1
meinsen,1
busack,1
lonero,1
leskovac,1
beckim,1
losavio,1
wickkiser,1
rathrock,1
hoell,1
gilkey,1
taliferro,1
chipp,1
dreps,1
leskovar,1
kaloi,1
skar,1
pirre,1
garduno,1
jain,1
hagin,1
dewit,1
wiant,1
aboulissan,1
sammon,1
picking,1
hagie,1
mccrady,1
spunt,1
kilkenny,1
jahr,1
kinsolving,1
wiand,1
sittig,1
pirro,1
dramis,1
hoeke,1
skay,1
rudkin,1
blewett,1
brzycki,1
kaltz,1
mahone,1
jahn,1
troung,1
ballestas,1
atkin,1
hoerl,1
zibelli,1
ching,1
husanini,1
hoerr,1
dreka,1
israelsen,1
shimada,1
china,1
weinstock,1
miltner,1
cuckler,1
mahood,1
bhullar,1
jago,1
hagos,1
sammis,1
hudrick,1
pietila,1
coontz,1
wengel,1
greensfelder,1
tydings,1
zwolski,1
quesnel,1
mcelvy,1
chino,1
larrivee,1
chinn,1
luvene,1
wenger,1
ottomaniello,1
mahony,1
sharer,1
hagon,1
kalua,1
billard,1
lamana,1
baumohl,1
almgren,1
mansker,1
echave,1
chessher,1
troupe,1
kozinski,1
mccrain,1
child,1
pirog,1
vallas,1
vallar,1
chila,1
knighten,1
hagle,1
leskovec,1
knighter,1
piros,1
girdler,1
steinbach,1
deaville,1
dewer,1
chilo,1
rinkus,1
derousse,1
chill,1
girdley,1
soesbe,1
willenborg,1
dewey,1
breese,1
devick,1
chime,1
najera,1
dewater,1
yeats,1
chima,1
mccraig,1
devich,1
riefer,1
spurr,1
kirmer,1
tredinnick,1
bergeron,1
steinback,1
raybon,1
beckom,1
beckor,1
ruggerio,1
devino,1
sikel,1
devins,1
picton,1
quilantang,1
longfellow,1
sharps,1
feulner,1
whapham,1
sznejkowski,1
devine,1
mlodzianowski,1
setterland,1
steuart,1
gettelman,1
abellera,1
sammut,1
cunniffe,1
budden,1
drees,1
chears,1
sitton,1
eatmon,1
jaso,1
jass,1
cuppernell,1
melchiori,1
hogsed,1
spuck,1
protsman,1
pirkl,1
jara,1
neifer,1
mccrane,1
guerard,1
pomrenke,1
ludovico,1
drehs,1
shattles,1
valley,1
glenna,1
valles,1
wilbourne,1
coville,1
glenny,1
echard,1
deamer,1
neubacher,1
revira,1
ludovici,1
henscheid,1
akridge,1
craigmyle,1
shreck,1
vallee,1
wnuk,1
sharpe,1
leriche,1
hoese,1
tooker,1
tookes,1
edstrom,1
seemann,1
nabavian,1
reffett,1
sikes,1
siker,1
kahoun,1
siket,1
vestering,1
vallez,1
dewar,1
coonse,1
hiebert,1
dewan,1
althauser,1
zygmont,1
sharon,1
teahan,1
pirie,1
quince,1
gatski,1
faruolo,1
quinci,1
feliberty,1
quinby,1
sennett,1
chier,1
sharma,1
kjellsen,1
vauters,1
poeling,1
yorkey,1
hyser,1
busard,1
mccrate,1
chien,1
lisonbee,1
quincy,1
chiem,1
masiejczyk,1
slessman,1
lifsey,1
japp,1
revils,1
ledsome,1
aronow,1
franzen,1
aronov,1
franzeo,1
skoczen,1
scibetta,1
cosgray,1
franzel,1
janz,1
bachner,1
ziencina,1
mclemore,1
mccrary,1
nappier,1
jane,1
schnick,1
jana,1
beckum,1
voner,1
welshans,1
kesling,1
haubrick,1
haubrich,1
vallin,1
chico,1
umana,1
jans,1
chick,1
mitchell,1
baldauf,1
jann,1
vallie,1
jank,1
gutekunst,1
chica,1
bradmon,1
jang,1
hague,1
louderback,1
behnken,1
jame,1
craver,1
stanesic,1
radley,1
radler,1
camors,1
yorker,1
umali,1
broadie,1
sargis,1
trivedi,1
cravey,1
gabhart,1
pires,1
sharko,1
craven,1
cattrell,1
jami,1
higgenbottom,1
jessel,1
glotzbecker,1
neeb,1
simas,1
lartigue,1
jessen,1
simar,1
neel,1
verlotte,1
simao,1
hawthrone,1
wesselhoft,1
brickner,1
neef,1
breden,1
toepperwein,1
timbrell,1
deprizio,1
pellerin,1
lipsett,1
pelkowski,1
guernsey,1
schlobohm,1
myhand,1
broadus,1
snowdy,1
neff,1
lipari,1
smoke,1
nees,1
neer,1
szwede,1
mccravy,1
olivarres,1
szweda,1
fuerstenberge,1
megraw,1
muchler,1
greenlee,1
vetrano,1
immel,1
shaginaw,1
trethewey,1
immen,1
kuklenski,1
greenley,1
vandenburg,1
riedle,1
traner,1
deanne,1
hermie,1
greenler,1
barney,1
schiver,1
barner,1
escudero,1
barnes,1
barnet,1
tranel,1
meeroff,1
critcher,1
buddle,1
vangorp,1
amodio,1
wical,1
edenholm,1
knighton,1
sumerlin,1
fagundo,1
exler,1
woodcock,1
emmrich,1
vanmeter,1
rubinich,1
exley,1
barndt,1
jessee,1
rosner,1
simer,1
simes,1
nead,1
staines,1
raderstorf,1
pender,1
wickersham,1
derego,1
crisafi,1
hermon,1
ashcroft,1
knapchuck,1
imbier,1
finton,1
coomer,1
hasselman,1
haycock,1
mcreynolds,1
coomes,1
riedesel,1
coomey,1
dedrick,1
lipani,1
legree,1
flaharty,1
ginsberg,1
lloyd,1
smoot,1
near,1
neas,1
neat,1
forrister,1
murders,1
covarrubias,1
kruchten,1
neal,1
duverney,1
simco,1
tretheway,1
smola,1
volinsky,1
nech,1
densley,1
wheeling,1
laabs,1
szafraniec,1
meriwether,1
avendano,1
buddie,1
coombs,1
olivarria,1
barnas,1
litzau,1
grzywacz,1
barnar,1
waisner,1
style,1
schmeltzer,1
barnak,1
coombe,1
maheras,1
dobiesz,1
lasecki,1
owenby,1
laack,1
crisalli,1
amodei,1
farabee,1
amodeo,1
conklin,1
vallon,1
nicometo,1
nedd,1
lifton,1
marchesano,1
nejaime,1
vallow,1
fontenelle,1
seelbinder,1
vallot,1
kakar,1
silloway,1
simek,1
hoguet,1
naugle,1
flemmings,1
rickenbach,1
mondaine,1
natividad,1
mozelak,1
conaway,1
rolland,1
denslow,1
tartsah,1
zanchi,1
rieder,1
densmore,1
fullmer,1
greenlow,1
hedegore,1
duggar,1
kakeh,1
parreno,1
weneck,1
knopinski,1
parrent,1
hagar,1
pattengale,1
siders,1
hagan,1
shariff,1
hoffa,1
wouters,1
haycook,1
sharifi,1
holien,1
woge,1
jansson,1
wehmeyer,1
jessop,1
smock,1
duggan,1
neuweg,1
chieng,1
sanghvi,1
hofer,1
cammarota,1
pendry,1
spletzer,1
youngers,1
sharar,1
wohl,1
pendon,1
hinojos,1
lavalette,1
sharick,1
silvi,1
motamedi,1
lippeatt,1
lundmark,1
sanipasi,1
hoelscher,1
mastrocovi,1
silva,1
pingel,1
chesanek,1
pinger,1
losito,1
popovich,1
skripko,1
smoak,1
nepa,1
soptick,1
dixons,1
riedel,1
sanlucas,1
rollans,1
lauenroth,1
slawski,1
herman,1
marabella,1
kooyman,1
hagee,1
schmeeckle,1
fullman,1
knightly,1
hocate,1
mrotz,1
nein,1
sebold,1
hages,1
hager,1
styer,1
neil,1
hagen,1
rissler,1
hagel,1
portugal,1
shariat,1
panzer,1
rudman,1
neid,1
neja,1
bieberle,1
allende,1
guevera,1
tayor,1
craddieth,1
neis,1
eitniear,1
lakowski,1
pique,1
closey,1
dugger,1
chalita,1
fellars,1
lowney,1
longacre,1
hagge,1
chhun,1
iffland,1
clinton,1
monserrat,1
chhum,1
duchene,1
tayse,1
stimmel,1
trumble,1
driver,1
sidell,1
bramucci,1
nodal,1
laake,1
rokusek,1
versoza,1
berkstresser,1
eichenberg,1
jessie,1
stych,1
ozley,1
adcox,1
hagey,1
madaris,1
vanmetre,1
jeswald,1
smedes,1
chilcoat,1
colcord,1
slawson,1
hermes,1
gillan,1
gillam,1
mcdowall,1
hermez,1
quiroga,1
krucker,1
yantis,1
nell,1
kreamalmeyer,1
potocki,1
monteagudo,1
moxness,1
wood,1
kelley,1
busbey,1
kellem,1
jozwiak,1
poynter,1
kellen,1
whiston,1
duggin,1
keller,1
plateros,1
busbee,1
flake,1
neve,1
schellenberge,1
smigaj,1
forston,1
wool,1
wolbrecht,1
woon,1
neun,1
flair,1
marrone,1
alario,1
vibbard,1
tuffey,1
landmann,1
hamacher,1
london,1
comins,1
judah,1
degrande,1
alverest,1
turrie,1
wong,1
stayer,1
gardiner,1
gillie,1
barnum,1
ferrales,1
guitterez,1
londre,1
giller,1
chhom,1
chhon,1
ayars,1
astrella,1
gillem,1
gillen,1
chhor,1
gilley,1
degrange,1
alarie,1
jenquin,1
silos,1
gillet,1
gilles,1
flaim,1
alarid,1
bartoszek,1
gideon,1
flaig,1
teasley,1
wheatley,1
solinski,1
kakos,1
occhuizzo,1
touchard,1
tranum,1
greenlun,1
rosenfeldt,1
janssen,1
kellin,1
riebeling,1
belstad,1
nunmaker,1
dockins,1
kellie,1
bradner,1
bradney,1
polvino,1
bagnoli,1
lamboy,1
chiera,1
bhaskar,1
koenitzer,1
silevinac,1
chhim,1
kellan,1
scharwath,1
nery,1
kellam,1
joecks,1
zoutte,1
kellar,1
nern,1
nero,1
yasika,1
flagg,1
bramuchi,1
neri,1
mcguinnes,1
clukies,1
busbin,1
tauber,1
haertel,1
fredrick,1
yaklich,1
axtman,1
maulden,1
haerter,1
smigel,1
wible,1
theesfeld,1
tuffin,1
vorachek,1
netz,1
wolz,1
meleski,1
gillis,1
madaras,1
joyne,1
gillin,1
frediani,1
gillim,1
nett,1
bumpus,1
skalla,1
gillig,1
ainsworth,1
neto,1
roulston,1
mauldin,1
schebel,1
dizon,1
norstrand,1
joynt,1
neth,1
unknow,1
krulicki,1
lloid,1
yavorsky,1
nest,1
bredow,1
ness,1
stegeman,1
forester,1
flach,1
whistle,1
flack,1
skalka,1
wolk,1
romberger,1
draney,1
perrilloux,1
wolf,1
milkent,1
beckfield,1
wold,1
lawcewicz,1
chiesa,1
merrifield,1
kaiktsian,1
faurrieta,1
purcell,1
harvest,1
kirley,1
woll,1
hortein,1
flash,1
hartgrave,1
harvell,1
lambka,1
speidell,1
hyter,1
gillom,1
trover,1
kirlin,1
hardegree,1
gillon,1
wesner,1
sanghez,1
hyten,1
judie,1
griffitts,1
wowk,1
rottinghous,1
kellon,1
kellom,1
holmquist,1
cloutman,1
poynton,1
ornellas,1
greenman,1
manieri,1
ayala,1
kellog,1
hawkinson,1
vollucci,1
pipkins,1
loudermilk,1
solwold,1
loudermill,1
apuzzi,1
silha,1
mcvean,1
drinkall,1
apuzzo,1
nocum,1
logemann,1
campoy,1
prioletti,1
hackworth,1
fieselman,1
riederer,1
campos,1
neiger,1
coddington,1
lecates,1
schick,1
judge,1
karraker,1
riedmayer,1
taplin,1
deanes,1
bertling,1
kellow,1
grandison,1
deaner,1
kaczka,1
fishburne,1
dulmage,1
rosoff,1
schibi,1
comito,1
thielbar,1
nachman,1
ayaia,1
pesqueira,1
casburn,1
eberting,1
hollering,1
siles,1
clingman,1
sileo,1
siler,1
drinkard,1
schiel,1
comiso,1
schier,1
chhan,1
hangartner,1
lausier,1
hatori,1
schied,1
turrey,1
atleh,1
roughton,1
kellis,1
chham,1
liftin,1
barriner,1
deanda,1
gillum,1
work,1
worm,1
flank,1
losier,1
allaway,1
worn,1
overbaugh,1
fland,1
sills,1
antonucci,1
landmark,1
kinkelaar,1
mastrocola,1
weavers,1
podaras,1
word,1
silla,1
worf,1
bredin,1
comish,1
randhawa,1
campus,1
henges,1
fixari,1
lambie,1
krzykowski,1
buchholz,1
vilhauer,1
flamm,1
nocon,1
felgenhauer,1
fiedor,1
tayan,1
wilcinski,1
whisted,1
vangoff,1
brakhage,1
tayag,1
dolton,1
yantzi,1
savastano,1
hipwell,1
lunning,1
bankos,1
schifo,1
lagrasse,1
eleazer,1
schiff,1
maupins,1
mainard,1
olaya,1
castoral,1
dizer,1
silis,1
outen,1
hengen,1
kaczor,1
hengel,1
delcamp,1
frizzle,1
flaks,1
tommolino,1
atlas,1
snover,1
wackerly,1
mulliner,1
killoran,1
zupp,1
floan,1
atherton,1
mcdonalds,1
nagtalon,1
kapfer,1
glista,1
hajek,1
bregel,1
specchio,1
melear,1
breger,1
hoston,1
plumpton,1
devillier,1
akbar,1
broeker,1
staszak,1
hadland,1
feisthamel,1
rudish,1
schouten,1
dauber,1
plowman,1
moffat,1
taillefer,1
shappy,1
wasilewski,1
howsare,1
woten,1
zuno,1
bynd,1
koblick,1
stokley,1
mullings,1
abernatha,1
clover,1
sequeira,1
taheri,1
zolinas,1
mershon,1
dellarose,1
zuanich,1
pusser,1
shadowens,1
zander,1
weirauch,1
perdomo,1
burkhead,1
lushbaugh,1
ibraham,1
foxworthy,1
meusel,1
boscarino,1
meleen,1
cuther,1
meuser,1
tenofsky,1
wyche,1
byod,1
mccullan,1
abernathy,1
turvey,1
pattinson,1
malcomson,1
mccullar,1
paddack,1
splett,1
dilchand,1
olcus,1
nemerofsky,1
hoggins,1
riesenweber,1
schmider,1
lindemann,1
loncar,1
lueders,1
marocco,1
evitts,1
hingston,1
mullinex,1
mccullah,1
chatampaya,1
byon,1
picciuto,1
bridgeman,1
einhorn,1
komis,1
chautin,1
meisler,1
andonian,1
hennessey,1
fazzinga,1
floer,1
skalicky,1
alquijay,1
luzier,1
edmunds,1
kopriva,1
martelli,1
seville,1
martelle,1
enwright,1
mcglumphy,1
lerwick,1
hennessee,1
martella,1
koeppe,1
dikkers,1
widby,1
aispuro,1
mcneish,1
leaphart,1
cloninger,1
emmett,1
fredrickson,1
riecke,1
ahrenholz,1
vaquerano,1
koeppl,1
sidhom,1
lausell,1
breznak,1
dillashaw,1
dukich,1
vigario,1
bakeley,1
hudnell,1
laudermilk,1
bruchey,1
derbes,1
scandalis,1
byra,1
schoenberger,1
zurn,1
zuro,1
morikawa,1
aydin,1
byrd,1
przybysz,1
flock,1
mccaffrey,1
matuszewski,1
byrn,1
floch,1
silman,1
byro,1
rynkowski,1
zoldesy,1
grizzel,1
tromblay,1
mccaffree,1
gatton,1
mcculley,1
byse,1
martello,1
mccullen,1
sevilla,1
emmert,1
mcculler,1
mullinax,1
wider,1
oleskiewicz,1
whitmyre,1
widen,1
henrichs,1
fiebich,1
meager,1
pengra,1
disanti,1
lestor,1
kathel,1
leston,1
disanto,1
budesa,1
somayor,1
krack,1
given,1
igtanloc,1
robella,1
lorenzini,1
tessitore,1
robello,1
morring,1
widerski,1
rattliff,1
hosfield,1
szenasi,1
coonrad,1
cratty,1
pavelski,1
casoria,1
fiegel,1
bancourt,1
jerding,1
delaportilla,1
byus,1
byun,1
titzer,1
tozzi,1
doughty,1
kirchner,1
grygiel,1
blankenbaker,1
hiltbrand,1
jozwick,1
wraspir,1
braley,1
winiecki,1
demiter,1
trombley,1
ibrahim,1
brownson,1
mosbarger,1
henricks,1
hofstadter,1
koepke,1
brzenk,1
dacamara,1
haflett,1
notwick,1
varanda,1
hockersmith,1
skains,1
schutzman,1
miraflores,1
morrill,1
cirillo,1
grewell,1
scappaticci,1
pensiero,1
bainard,1
mccullin,1
fredricksen,1
givan,1
luminati,1
lauseng,1
krach,1
gilmer,1
hollow,1
flohr,1
cirilli,1
disher,1
hollon,1
vorhies,1
hostin,1
romness,1
hasselkus,1
gillenwaters,1
challender,1
espinoza,1
rosenfeld,1
subasic,1
lovgren,1
cadogan,1
boocks,1
craton,1
morrish,1
stockton,1
moulthrop,1
mcneill,1
aurges,1
hartgerink,1
waldecker,1
snay,1
rycroft,1
nogle,1
sorotzkin,1
midura,1
hollis,1
onsurez,1
hettrick,1
deeter,1
forster,1
mccullon,1
przybyla,1
mccullom,1
mcculloh,1
cooper,1
morriss,1
hollie,1
lerwill,1
flood,1
vanruler,1
hoffmaster,1
hollin,1
demonbreun,1
ferriter,1
valine,1
gidden,1
vitkus,1
waugaman,1
dossantos,1
hengst,1
sanpson,1
frever,1
zaibel,1
alanis,1
archuletta,1
pincock,1
junkersfeld,1
leingang,1
kitthikoune,1
alaniz,1
clovis,1
coopey,1
poulisse,1
vugteveen,1
brigham,1
alexandra,1
vanbibber,1
hundt,1
alexandre,1
huner,1
pouche,1
miggins,1
savells,1
dishaw,1
watkin,1
hosten,1
hoster,1
matskin,1
gouzalez,1
griesinger,1
tuzzio,1
mccatty,1
alanko,1
savelli,1
gilman,1
vukovich,1
schlee,1
schleh,1
okwuona,1
kramp,1
kramm,1
haire,1
chausse,1
vanwyck,1
burwinkel,1
smee,1
vanleuven,1
marcinkowski,1
toriello,1
kramb,1
akapo,1
carmack,1
rotella,1
hairr,1
riblett,1
rotelli,1
barasch,1
deramo,1
perlson,1
krall,1
leydecker,1
mendibles,1
fierros,1
contento,1
tiemann,1
melero,1
sublette,1
haist,1
lohmeyer,1
theresa,1
sladick,1
diiorio,1
rudick,1
casarella,1
trepagnier,1
deraps,1
lesuer,1
dulatre,1
torgersen,1
akard,1
censky,1
scharbach,1
krake,1
silmon,1
wurzer,1
breyfogle,1
gladysz,1
ingmire,1
napoli,1
franceschini,1
huelse,1
franceschina,1
taybron,1
smay,1
soscia,1
smaw,1
suchocki,1
decarvalho,1
hocke,1
mackney,1
pondexter,1
alexander,1
pillers,1
espelien,1
bloschichak,1
kloefkorn,1
jozsa,1
cratin,1
esposito,1
glisan,1
legaard,1
schlau,1
zempel,1
smar,1
ralston,1
miscoe,1
calvary,1
esposita,1
lineberger,1
cratic,1
trosen,1
schlag,1
krain,1
haine,1
krail,1
vanleuvan,1
smid,1
kraig,1
doriean,1
kelker,1
wellendorf,1
stoutenburg,1
krahn,1
bucciero,1
ricklefs,1
clemenson,1
hains,1
likins,1
hinderer,1
buccieri,1
chipman,1
schoebel,1
krahe,1
hunke,1
schoeben,1
driesenga,1
intrabartolo,1
shaper,1
damphousse,1
zuch,1
cottman,1
zuck,1
kragt,1
guritz,1
lowenstein,1
gishal,1
kneuper,1
drivas,1
prately,1
hakeem,1
haile,1
zehring,1
akana,1
fasching,1
kragh,1
clemans,1
requena,1
deyon,1
claughton,1
krage,1
sarantakis,1
vienneau,1
holmer,1
deyoe,1
holmes,1
kolts,1
dameron,1
holmen,1
imberg,1
koltz,1
challen,1
kraft,1
alfero,1
preuett,1
bytheway,1
hails,1
breckley,1
quarterman,1
imbert,1
hettwer,1
alfera,1
trattner,1
fuerstenau,1
logrono,1
shareef,1
crater,1
finnila,1
malarkey,1
tardugno,1
imbesi,1
surace,1
giesbrecht,1
haims,1
bomberger,1
hering,1
tezeno,1
wedgworth,1
yeddo,1
kirschman,1
sigafoos,1
kratz,1
akahi,1
meeler,1
gerondale,1
ellingboe,1
calvano,1
zugg,1
moffit,1
kraus,1
gollop,1
torgerson,1
kraut,1
grotheer,1
piraino,1
hegarty,1
fenimore,1
tofolla,1
calvani,1
caravella,1
barsotti,1
barras,1
cratch,1
barraz,1
crespino,1
shapin,1
connerton,1
zaring,1
freund,1
kratt,1
rifenbery,1
gadlin,1
szymczak,1
caravello,1
searles,1
urenio,1
krasnansky,1
levander,1
komer,1
barran,1
recchia,1
challis,1
chiappone,1
kombe,1
occhipinti,1
krase,1
steinruck,1
holman,1
dondero,1
hunze,1
surano,1
peaslee,1
stanfield,1
peasley,1
krass,1
lofstead,1
arollo,1
carmain,1
mischo,1
buonadonna,1
tapija,1
bregon,1
gazitano,1
gollob,1
smit,1
berumen,1
deyak,1
cammon,1
schryver,1
huelle,1
murdick,1
chrosniak,1
duskin,1
larcher,1
vanwyhe,1
babikian,1
schneider,1
coonrod,1
loehlein,1
erlwein,1
doughan,1
mahmud,1
breznay,1
pipia,1
senemounnarat,1
moffet,1
wraight,1
diestel,1
weltzin,1
barree,1
laminack,1
cassiano,1
bumpass,1
ghiorso,1
stvil,1
mccaghren,1
cierley,1
bentler,1
hunte,1
bentley,1
urenda,1
dehaney,1
yedid,1
sexton,1
okoronkwo,1
widner,1
tokunaga,1
melena,1
denegre,1
kummer,1
sochocki,1
gadley,1
bachler,1
benevides,1
catenaccio,1
vanboven,1
barren,1
pipho,1
tatters,1
barret,1
barrer,1
koman,1
krapf,1
bumpas,1
mullinix,1
killoren,1
komar,1
widney,1
krapp,1
renegar,1
grizzle,1
wicks,1
hungerford,1
piecuch,1
libbey,1
zuckerwar,1
kranz,1
bumpaus,1
dolson,1
jhingree,1
haitz,1
kittinger,1
wicke,1
richelieu,1
ferrence,1
debrecht,1
chilvers,1
haith,1
wicka,1
codding,1
schley,1
derobles,1
yamaguchi,1
terada,1
benyard,1
bellocchio,1
coteat,1
duskey,1
libbee,1
pipes,1
piper,1
armagost,1
krane,1
dougher,1
bastone,1
thornes,1
thorner,1
seagrave,1
radney,1
snowman,1
krans,1
vanstrander,1
kolis,1
rasavong,1
megown,1
lameda,1
heirendt,1
blisset,1
krawiec,1
respers,1
kolic,1
pagaduan,1
rodarta,1
footman,1
rodarte,1
wiebe,1
sikat,1
kolin,1
wortham,1
worthan,1
sperdute,1
mwakitwile,1
derderian,1
dabney,1
yanchik,1
schmiege,1
scarver,1
landaverde,1
hampson,1
respess,1
henseler,1
goller,1
wieck,1
pantera,1
revier,1
teague,1
wiece,1
quiram,1
sperduti,1
riebow,1
litehiser,1
kowalske,1
froncek,1
ernzen,1
vanoven,1
swanigan,1
vanover,1
kowalski,1
yeend,1
brakke,1
liveoak,1
exner,1
lacouette,1
sarraga,1
kowalsky,1
bingaman,1
cassada,1
remiszewski,1
hettinger,1
wiederwax,1
cassady,1
bonaparte,1
arciola,1
deveja,1
dolsen,1
mcglasson,1
temkin,1
mellecker,1
mcaloon,1
crisanti,1
traffanstedt,1
burkdoll,1
bachman,1
kolen,1
koles,1
opunui,1
carmant,1
spielberg,1
wirtanen,1
carmany,1
kolek,1
northcutt,1
dagnese,1
worthen,1
blassingame,1
nogueira,1
gollin,1
strider,1
cervin,1
willhelm,1
lesure,1
othoudt,1
halmick,1
bizcassa,1
balcerzak,1
kottlowski,1
lomonte,1
kurohara,1
rouillier,1
cormier,1
pecoraro,1
kahola,1
vanluven,1
kolda,1
doerfler,1
herkel,1
rotkowski,1
mcwatters,1
bannan,1
gadberry,1
brigges,1
petrocelli,1
loskot,1
leberman,1
surpris,1
wiede,1
stodolski,1
boerner,1
kvamme,1
mcfarlin,1
cordano,1
burkhammer,1
deveny,1
watley,1
meurer,1
devens,1
worthey,1
bakalar,1
gatson,1
guialdo,1
schreiner,1
watler,1
cassani,1
misasi,1
samlal,1
isherwood,1
swygert,1
schuiling,1
hemingway,1
chipley,1
pattyre,1
darmody,1
holabaugh,1
rieber,1
szwejbka,1
wattley,1
hylinski,1
wattles,1
pickford,1
illovsky,1
partington,1
chrzanowski,1
fraughton,1
teagle,1
hodek,1
blommel,1
gurkin,1
hodel,1
genzel,1
hoder,1
hodes,1
manternach,1
adank,1
amburgy,1
slye,1
adams,1
layland,1
pasqua,1
vanvalkenburg,1
adamo,1
cauchon,1
beckenbach,1
cassano,1
blommer,1
kirchman,1
oldow,1
rueckert,1
mcfarlen,1
breeze,1
adame,1
trivane,1
adami,1
mcchristian,1
wunderlin,1
blackwall,1
trotty,1
undercoffler,1
grandberry,1
muhlstein,1
devera,1
mcculla,1
weatherholt,1
hodge,1
banner,1
trotti,1
vaupel,1
devere,1
trotto,1
humes,1
rieben,1
hector,1
trotta,1
mayhugh,1
riebel,1
devery,1
imoto,1
nettleton,1
mccully,1
devers,1
gilner,1
wyble,1
rathman,1
checca,1
wolever,1
dettinger,1
camarata,1
radoslovich,1
fabian,1
norzagaray,1
bascombe,1
bokanovich,1
miyataki,1
riebau,1
clough,1
chicalace,1
steenhuis,1
depinho,1
nysether,1
richman,1
bettendorf,1
sankoff,1
henchel,1
hodan,1
zollicoffer,1
sonnenburg,1
mosteller,1
kolle,1
hodak,1
penzero,1
pinedo,1
denoyer,1
braker,1
gembarowski,1
harcrow,1
sprow,1
pineda,1
adair,1
dziduch,1
jaap,1
derbacher,1
towson,1
bricknell,1
jach,1
mccollister,1
arkins,1
jack,1
haigh,1
tress,1
shanker,1
mcfarlan,1
thibeaux,1
treso,1
reichenback,1
juart,1
trest,1
bouffard,1
patmore,1
castricone,1
reichenbach,1
massenburg,1
smiddy,1
gschwend,1
schnitz,1
jabs,1
guterriez,1
beccaria,1
nickenberry,1
arking,1
trett,1
becnel,1
treto,1
seidenbecker,1
nieminen,1
vanvalen,1
esguerra,1
talyor,1
schachsieck,1
mcmunn,1
manship,1
human,1
hodde,1
koloc,1
bondura,1
pineau,1
paolino,1
herbick,1
clauson,1
haifa,1
jaco,1
paolini,1
morada,1
riccelli,1
steuber,1
wyatt,1
hahne,1
wykoff,1
szala,1
mathison,1
schleimer,1
trent,1
kaili,1
needam,1
morado,1
malanaphy,1
hevner,1
christinat,1
trenh,1
pocchia,1
inskeep,1
trend,1
vories,1
glawson,1
alapai,1
deprospero,1
yeamans,1
giovanini,1
dishon,1
floor,1
gattas,1
mulvehill,1
steiner,1
martenez,1
steines,1
sankowski,1
treml,1
clouse,1
oxendine,1
flook,1
depinto,1
marteney,1
kettmann,1
flosi,1
giedlin,1
brentano,1
kaina,1
hanberg,1
wildrick,1
weslow,1
kaing,1
wesloh,1
piechocki,1
mcgunagle,1
voong,1
cassatt,1
flory,1
kotaki,1
hodor,1
hodos,1
hollen,1
tagalog,1
olden,1
tagaloe,1
krawitz,1
holler,1
rosebush,1
older,1
floro,1
holley,1
turton,1
kainz,1
flori,1
baack,1
flore,1
toohey,1
kinchen,1
shankin,1
flora,1
sosbee,1
thormer,1
moraga,1
bradley,1
slay,1
wrigley,1
dimarino,1
gramolini,1
morago,1
szymczyk,1
rosebure,1
inafuku,1
teager,1
treon,1
cassata,1
cassaro,1
nadelbach,1
berstler,1
hunnings,1
sayasane,1
vansteenburg,1
krehbiel,1
shankle,1
pinela,1
cdebaca,1
slee,1
weathersby,1
paloukos,1
pinelo,1
bingamon,1
leverone,1
pinell,1
cassase,1
sanmartin,1
floto,1
mccullum,1
trejo,1
batchelor,1
flott,1
dodgson,1
wiltshire,1
eisenstein,1
pioli,1
ahuna,1
chargois,1
flota,1
whetstone,1
floth,1
garacci,1
ruderman,1
skyberg,1
cassara,1
mahnke,1
surber,1
cassard,1
treib,1
lumadue,1
floss,1
brisendine,1
steinau,1
crasco,1
drappo,1
henion,1
bienenstock,1
einstein,1
flowe,1
espinosa,1
moncrieff,1
turtle,1
crozier,1
hollar,1
gunter,1
ehrmann,1
trell,1
golaszewski,1
humbles,1
hollan,1
chagollan,1
warchal,1
telleria,1
obanner,1
falanga,1
kirner,1
trela,1
schnackel,1
oltman,1
brentari,1
morace,1
hayhoe,1
atnip,1
eldreth,1
kirschner,1
meeker,1
wesley,1
treff,1
pebley,1
wesler,1
kaitz,1
jubie,1
pettiway,1
jubic,1
napper,1
chancellor,1
center,1
slim,1
warchol,1
waletzko,1
trefz,1
clausen,1
clausel,1
floyd,1
steinle,1
brickles,1
widmar,1
brickley,1
widman,1
wallschlaeger,1
obannon,1
elisondo,1
mordarski,1
frandsen,1
pelletiu,1
gattis,1
wiltgen,1
espinola,1
hodum,1
record,1
recore,1
brevitz,1
ospina,1
trees,1
ahuja,1
winkelbauer,1
treen,1
kolar,1
szady,1
kolat,1
chalker,1
wentling,1
shewmake,1
kolbe,1
shiplet,1
shipler,1
degidio,1
lonergan,1
dauphin,1
paladino,1
kolbo,1
hellriegel,1
chihak,1
kreischer,1
gascoigne,1
kopiasz,1
cordaro,1
jaspers,1
kolby,1
paladini,1
pinena,1
foesch,1
gaukroger,1
sliz,1
meurin,1
spray,1
trego,1
voogd,1
sprau,1
novickis,1
lucchese,1
dezan,1
lucchesi,1
kaiwi,1
szabo,1
shipley,1
andujo,1
richlin,1
brefka,1
derenberger,1
noerr,1
rawlins,1
antilla,1
jubeh,1
brocklesby,1
grosskopf,1
concepcion,1
mieszala,1
guadiana,1
gatten,1
sarratt,1
killingworth,1
widmer,1
aycox,1
trapeni,1
forchione,1
rawling,1
bendtsen,1
freiberger,1
pintado,1
trear,1
sashington,1
treat,1
kirnon,1
gitto,1
hagerty,1
sosaya,1
oginski,1
garacia,1
tozer,1
lahman,1
gualdoni,1
lassetter,1
amoako,1
schouviller,1
celedon,1
tredo,1
gattie,1
bojanowski,1
towlson,1
pinero,1
mathisen,1
slot,1
driskell,1
ellzey,1
fivecoat,1
umphrey,1
romanowicz,1
holdeman,1
pinera,1
rosman,1
vonwagoner,1
daquilante,1
steinke,1
aromin,1
thorman,1
radman,1
draper,1
reimann,1
cagnon,1
chitrik,1
bogumil,1
bartko,1
segreto,1
galassini,1
weishaar,1
gehrmann,1
heitmeyer,1
peacy,1
bartle,1
prevatte,1
clowney,1
barnaba,1
rehkop,1
villani,1
douthart,1
reineccius,1
topps,1
hazzard,1
trube,1
piere,1
villano,1
beyale,1
villane,1
shorette,1
mcchristion,1
maglaughlin,1
roston,1
helsing,1
maatta,1
bradick,1
domitrovich,1
truax,1
fingar,1
toppi,1
kofford,1
truan,1
bradica,1
barnaby,1
ostertag,1
stelman,1
toppa,1
gederman,1
fingal,1
hulon,1
staves,1
laisure,1
dismore,1
horns,1
lamere,1
kannenberg,1
zboral,1
staver,1
massengill,1
arrizola,1
lamers,1
bartin,1
jolley,1
horne,1
recher,1
arrindel,1
villarrvel,1
truby,1
lamery,1
colvard,1
randall,1
kylish,1
eichler,1
pieri,1
lahaie,1
muster,1
trude,1
andris,1
segrest,1
scarset,1
pollnow,1
smiler,1
smiles,1
sevillano,1
orscheln,1
smiley,1
dohman,1
moorehead,1
poulter,1
akpan,1
zappala,1
florance,1
torello,1
vanderwyk,1
heisserer,1
lecain,1
lawbaugh,1
musacchio,1
haddaway,1
knudsuig,1
lamela,1
groover,1
piela,1
trudo,1
musacchia,1
zadora,1
hultz,1
plaster,1
tealer,1
barthe,1
hoffarth,1
burgett,1
reinholtz,1
bartha,1
tabatt,1
encinas,1
tisher,1
sellman,1
robison,1
reinhardt,1
teehee,1
rechel,1
ferriman,1
shipps,1
kelzer,1
twisselman,1
digness,1
guadeloupe,1
mollette,1
bajko,1
vergin,1
sphon,1
ashland,1
perlich,1
truex,1
bartee,1
scheets,1
hulse,1
horse,1
welburn,1
bartek,1
waisath,1
derry,1
bartel,1
scheetz,1
horry,1
trivino,1
pequeno,1
pickney,1
barter,1
perrotti,1
perlow,1
andree,1
teehan,1
galaviz,1
schwab,1
andrea,1
burgert,1
perrotta,1
lamens,1
schwan,1
shaner,1
shippy,1
jorrisch,1
galavis,1
peasant,1
horta,1
shandy,1
andrew,1
minchew,1
ardeneaux,1
truhe,1
andres,1
minchey,1
shands,1
andreu,1
horth,1
andren,1
mincher,1
peach,1
dunscomb,1
hults,1
mcnairy,1
lettiere,1
mustin,1
luberger,1
schlottmann,1
allwardt,1
lettieri,1
niblack,1
hulst,1
horst,1
szwarc,1
peace,1
burgess,1
legere,1
cersey,1
krabill,1
torelli,1
ellingsworth,1
olmos,1
hohaia,1
peale,1
swoyer,1
branca,1
lambing,1
giarusso,1
rosten,1
rostek,1
coghlan,1
horde,1
keinonen,1
peals,1
bartch,1
legeyt,1
naputi,1
dawdy,1
huberty,1
brande,1
swinderman,1
vidalez,1
hubertz,1
hulin,1
vidales,1
branco,1
horen,1
verges,1
horey,1
branch,1
desch,1
fecher,1
branck,1
hores,1
lambino,1
dawes,1
lecompte,1
truka,1
gutermuth,1
ladtkow,1
andrae,1
shanaa,1
nagindas,1
brandy,1
brandt,1
brands,1
samiec,1
brando,1
brandl,1
heimsness,1
brandi,1
thurmond,1
enriquez,1
riggsby,1
stetson,1
umnus,1
hoylton,1
gnatek,1
trabucco,1
bagnaschi,1
fiscalini,1
enriques,1
paniccia,1
crismon,1
kading,1
tazewell,1
caguimbal,1
desai,1
branes,1
desak,1
braner,1
desan,1
phramany,1
branen,1
andras,1
labrake,1
trull,1
padmore,1
sigel,1
sarkis,1
truly,1
eisenhardt,1
perlin,1
samick,1
dulaney,1
rostad,1
beneker,1
kypuros,1
jeffords,1
enzenauer,1
mccoggle,1
piety,1
pietz,1
trumm,1
klawuhn,1
leidich,1
mustoe,1
schnurr,1
hulme,1
schnure,1
pistorius,1
sarkin,1
writer,1
kaylo,1
phalen,1
vrooman,1
mcafee,1
trump,1
muston,1
frecker,1
adriano,1
clothey,1
horii,1
huante,1
balderston,1
ososkie,1
sundman,1
mcglynn,1
finger,1
kreitzbender,1
trunk,1
briley,1
vanschoick,1
briles,1
brandner,1
samide,1
wasmuth,1
horio,1
yenor,1
kadish,1
frisbie,1
higgenbotham,1
saieva,1
loghry,1
jollie,1
ellenbogen,1
truog,1
gerchak,1
cowgill,1
plastow,1
hultquist,1
ramnauth,1
scheele,1
wiltjer,1
sagayaga,1
dewaters,1
windhorst,1
boulerice,1
lauchaire,1
horka,1
medosch,1
handkins,1
peake,1
szwaja,1
tillman,1
horky,1
trupp,1
elderkin,1
noice,1
riscen,1
branan,1
villada,1
randahl,1
peaks,1
branam,1
gleitz,1
bradish,1
scarbrough,1
mercado,1
widder,1
putcha,1
ribsamen,1
golson,1
struthers,1
mordhorst,1
hulan,1
kindel,1
klawiter,1
sylney,1
tatton,1
stimple,1
bunselmeyer,1
dunwiddie,1
signs,1
sgro,1
biviano,1
larranaga,1
dirksen,1
jolliff,1
ziegenfuss,1
wommack,1
hosein,1
ermitanio,1
baity,1
koewler,1
boeding,1
simpton,1
reasoner,1
douyon,1
hatton,1
moonsommy,1
tappan,1
carbee,1
pifer,1
connaughton,1
surdam,1
sweigert,1
breier,1
linklater,1
holaday,1
frisbey,1
liford,1
hearson,1
derga,1
kayat,1
olnes,1
neuzil,1
topal,1
yammine,1
habina,1
averitt,1
filippides,1
vorholt,1
olney,1
pasley,1
cottone,1
kitzrow,1
mastrelli,1
koger,1
labrada,1
meecham,1
kinder,1
truss,1
borquez,1
blaylock,1
melbye,1
woytek,1
loisel,1
amelang,1
works,1
rische,1
trush,1
sarley,1
schaecher,1
kogen,1
sarles,1
dereu,1
kogel,1
manganiello,1
world,1
frisbee,1
horan,1
oakleaf,1
donning,1
baize,1
deren,1
fladger,1
thiede,1
consorti,1
vellucci,1
derer,1
wheelock,1
baiza,1
miolen,1
horak,1
horal,1
beutler,1
kindig,1
moehlman,1
hules,1
hulet,1
hulen,1
guererro,1
weidner,1
topel,1
silbernagel,1
fafard,1
bramson,1
agustine,1
colapietro,1
agustino,1
mongeau,1
taback,1
sarellano,1
branin,1
hulcy,1
faletti,1
brilla,1
tappen,1
teachout,1
tapper,1
billock,1
derck,1
lutterman,1
toper,1
stockner,1
moilanen,1
gembler,1
darcangelo,1
carbin,1
topez,1
kayes,1
shantz,1
lunderville,1
sipkema,1
mccaulley,1
mcbratney,1
derby,1
raisbeck,1
tarabokija,1
wensel,1
gleiss,1
badura,1
gochal,1
powless,1
tollefsen,1
deras,1
shimmel,1
polivick,1
vanderbeck,1
macphee,1
perman,1
wyrosdick,1
thaniel,1
caponera,1
riemenschneid,1
scharler,1
leiding,1
inferrera,1
czapski,1
witchard,1
eavenson,1
shanno,1
rossum,1
kahler,1
spier,1
carbon,1
spies,1
kahley,1
dagenais,1
sparacio,1
melcer,1
piroso,1
jitchaku,1
topia,1
bowerman,1
czajkowski,1
tomberlin,1
shanor,1
slinkard,1
ashcraft,1
coldivar,1
vanderbeek,1
shanon,1
marinaccio,1
moncayo,1
thielges,1
pirillo,1
brailsford,1
bockelmann,1
poulson,1
justman,1
worek,1
crisman,1
reffitt,1
burnaman,1
barson,1
plocek,1
maniaci,1
bramsen,1
spice,1
wessman,1
lamielle,1
hertweck,1
maniace,1
plattner,1
goetting,1
picone,1
averill,1
freker,1
penird,1
montogomery,1
bajaj,1
deroy,1
tappin,1
giovanelli,1
mollenkopf,1
tappis,1
citino,1
teamer,1
desiyatnikov,1
barbetta,1
lupiani,1
branum,1
anspaugh,1
cagney,1
shimmin,1
fellman,1
burgees,1
dirkson,1
sakelaris,1
delcour,1
hattub,1
garside,1
bawner,1
callaghan,1
brantz,1
hoque,1
kossakowski,1
hettler,1
cartledge,1
burkhardt,1
vindiola,1
hammargren,1
varesko,1
toplk,1
villari,1
dermo,1
branot,1
towles,1
towler,1
villard,1
goodchild,1
henjes,1
minchow,1
yarwood,1
zaidel,1
wenske,1
branon,1
rossow,1
shanks,1
sdoia,1
shirvanian,1
villata,1
zarrella,1
altreche,1
brading,1
wensky,1
barski,1
klossner,1
bennerson,1
fukuda,1
redeker,1
dequattro,1
pirone,1
headrick,1
kovalaske,1
winfough,1
montilla,1
bajek,1
axford,1
derks,1
winslett,1
riseden,1
chadderton,1
towley,1
estabrook,1
scicchitano,1
kudzma,1
gochie,1
callagher,1
delaroca,1
rafanan,1
shanna,1
barsky,1
stavis,1
topor,1
kogan,1
cadarette,1
sallade,1
flahaven,1
trachsel,1
giffith,1
netland,1
lyell,1
mongeon,1
sumney,1
henkin,1
sumner,1
olague,1
nannie,1
staude,1
kinneman,1
cecilia,1
terrill,1
rosson,1
nilsby,1
wombacher,1
staudt,1
bakko,1
moncada,1
mcmonagle,1
hargitt,1
farnsworth,1
arbizo,1
lirette,1
koepp,1
bakke,1
gadoury,1
steinbock,1
mcardell,1
koepf,1
ondrey,1
ocean,1
slechta,1
laroche,1
degrella,1
angviano,1
githens,1
fuerst,1
crawhorn,1
shamel,1
shames,1
sexson,1
mceldowney,1
fuerte,1
hepperly,1
camlin,1
hauersperger,1
luedtke,1
cecilio,1
shekels,1
brechbill,1
kowalec,1
heuwinkel,1
dohnal,1
toone,1
henkle,1
hosoi,1
creselious,1
ferringo,1
adger,1
glicken,1
delsordo,1
poulsen,1
gleich,1
lazzar,1
smoldt,1
crayne,1
arlinghaus,1
moquin,1
rylant,1
rossler,1
barsch,1
oktavec,1
kabrick,1
clinger,1
rossin,1
difusco,1
brehon,1
matsumoto,1
chappelle,1
dischner,1
hunsicker,1
bakos,1
talavera,1
rusteberg,1
smolen,1
hugueley,1
pistelli,1
vanderberg,1
lagonia,1
smoley,1
koets,1
bauswell,1
shambo,1
kecker,1
durniok,1
koetz,1
jenschke,1
heitschmidt,1
desue,1
engdahl,1
higginson,1
urrutia,1
kowalke,1
weightman,1
mynhier,1
byer,1
doelling,1
byes,1
kriesel,1
kowalik,1
hosse,1
krieser,1
shamas,1
meabon,1
owston,1
granberry,1
schryer,1
myracle,1
warnasch,1
howryla,1
vitolo,1
sitsler,1
tiffner,1
staires,1
nilsen,1
carnohan,1
dziewanowski,1
durning,1
lucore,1
ostaba,1
westbrooke,1
brydges,1
sallach,1
holbrooks,1
heingartner,1
gargis,1
staubs,1
nakamatsu,1
tanenbaum,1
larocca,1
novetsky,1
sumsion,1
hoste,1
gallacher,1
turell,1
rossie,1
nordmann,1
overstreet,1
berdugo,1
larocco,1
koers,1
stauch,1
vukich,1
ryland,1
mcnelis,1
freire,1
rosser,1
detar,1
picariello,1
holliway,1
smolik,1
rossen,1
vernetti,1
rossel,1
brodowski,1
chisholm,1
cassler,1
smolic,1
schurk,1
rollock,1
clingan,1
schure,1
goglia,1
schurg,1
cosgrave,1
schurr,1
tooze,1
geagan,1
moldrem,1
seyb,1
knudsvig,1
worth,1
rossey,1
bakst,1
hosie,1
schurz,1
holets,1
rahming,1
mcbryar,1
koehn,1
cassarino,1
baksi,1
koehl,1
seys,1
baksh,1
roever,1
verhey,1
wortz,1
thackston,1
hatter,1
alrich,1
brandman,1
nohel,1
leverich,1
hatten,1
krolikowski,1
smolko,1
penick,1
thivierge,1
espanol,1
konecny,1
hosey,1
movius,1
logins,1
fernberg,1
sevy,1
byas,1
javens,1
mcinvale,1
smolka,1
konecni,1
conteras,1
byan,1
kindla,1
schupp,1
byam,1
byal,1
kindle,1
dziegielewski,1
marcotte,1
freise,1
clearwater,1
decourcey,1
bageant,1
terrien,1
zientara,1
nordmark,1
bizarro,1
braman,1
lauricella,1
allender,1
vining,1
risden,1
weesner,1
paxton,1
kinnaird,1
valcarcel,1
ashwood,1
hosle,1
meuler,1
seto,1
benejan,1
carideo,1
rabideau,1
nilson,1
delarosa,1
polinski,1
kottler,1
thicke,1
robirds,1
devazier,1
schamber,1
gayden,1
mcinturff,1
seti,1
seth,1
nannen,1
kaltenhauser,1
fleeks,1
middough,1
donatello,1
donatelli,1
carbal,1
pennewell,1
parmentier,1
nanney,1
dzuro,1
donnick,1
spudis,1
hattan,1
maaske,1
brimer,1
bastain,1
skartvedt,1
shumway,1
telkamp,1
piorkowski,1
bohrman,1
polinsky,1
spalinger,1
savory,1
tollefson,1
pidro,1
serl,1
villarruel,1
sero,1
wolverton,1
friscia,1
ridolfi,1
schute,1
laporta,1
sera,1
eichman,1
laporte,1
serb,1
megginson,1
hradecky,1
javers,1
recine,1
tazzara,1
foronda,1
schutt,1
habibi,1
sert,1
woerner,1
devlin,1
javery,1
serr,1
sers,1
terrian,1
brandenberg,1
worst,1
doulani,1
donnally,1
schutz,1
cariddi,1
schuur,1
seta,1
mariacher,1
pesavento,1
gargan,1
mcbryde,1
hukle,1
riveroll,1
piech,1
jelinek,1
vineyard,1
zhao,1
monzingo,1
desir,1
batarse,1
vanderwal,1
schlotte,1
mahuna,1
frische,1
squitieri,1
bergerson,1
lacross,1
barrus,1
vannatter,1
arnoldi,1
mahung,1
metherell,1
magistrale,1
caughron,1
akoni,1
weidman,1
bostelman,1
slovinsky,1
lichtenwalner,1
pizzola,1
peavy,1
stautz,1
simpson,1
debraga,1
debutts,1
guagliardo,1
barnard,1
chavera,1
watland,1
slovinski,1
schuit,1
silverberg,1
chiarenza,1
rethman,1
desha,1
dieken,1
ruthman,1
cirioni,1
desko,1
emmond,1
common,1
chavers,1
lahaye,1
ochinang,1
hoerger,1
lindroth,1
emmons,1
termilus,1
lecato,1
ciaffone,1
bohinc,1
lowrie,1
hogberg,1
caltagirone,1
gargus,1
westenberger,1
wessler,1
studler,1
paskel,1
menifee,1
hillaire,1
steidel,1
arnaudet,1
hounchell,1
vannatten,1
pasket,1
bajwa,1
paskey,1
steider,1
pernin,1
clamp,1
studley,1
ebenstein,1
glascoe,1
ceretti,1
gonsiewski,1
roderman,1
clair,1
claassen,1
shirey,1
wedgeworth,1
blockett,1
hosek,1
popwell,1
huntsberry,1
ocejo,1
sporleder,1
byerly,1
shamsi,1
diskin,1
drought,1
weaving,1
schavone,1
bistodeau,1
hunyadi,1
gerathy,1
mcnelly,1
shirer,1
schneiter,1
shires,1
handeland,1
hosea,1
schunk,1
trypaluk,1
jucean,1
aikens,1
peary,1
luvianos,1
pease,1
budrovich,1
vinion,1
hilgeman,1
kearley,1
klarman,1
pearl,1
galizia,1
hollerman,1
coverdale,1
peart,1
cutone,1
pears,1
andrus,1
sacavage,1
lacrone,1
beckham,1
zagacki,1
ferullo,1
hosch,1
schumm,1
lafountaine,1
caraig,1
woolfrey,1
bramer,1
kindregan,1
gladson,1
zicari,1
perney,1
peard,1
entzi,1
bramel,1
peare,1
stauss,1
claessens,1
sigmond,1
schulz,1
companion,1
woernle,1
schult,1
sovich,1
gwynes,1
golding,1
schull,1
trigueros,1
mcculough,1
lasseter,1
yepiz,1
schuld,1
cloutier,1
searcey,1
holtzman,1
cipcic,1
thackery,1
paskin,1
flaming,1
cyphers,1
cyphert,1
kottman,1
clain,1
cumings,1
scruggs,1
flamino,1
peterschick,1
janocha,1
commer,1
yeilding,1
marovich,1
commes,1
shirar,1
mavraganis,1
giannone,1
holecz,1
borovetz,1
shirai,1
bethune,1
shirah,1
vuturo,1
melder,1
deinert,1
quinonez,1
barnhardt,1
mbonu,1
winnike,1
salminen,1
stoglin,1
steffens,1
cuestas,1
quinones,1
territo,1
proco,1
redshaw,1
obierne,1
tillmon,1
westbrooks,1
hillmer,1
stracquatanio,1
kotowski,1
proch,1
prock,1
parrill,1
galecki,1
graubard,1
cooksley,1
kashner,1
warlock,1
proby,1
betker,1
calcara,1
grantier,1
barrom,1
desso,1
barron,1
eustache,1
sperandeo,1
lydon,1
digioia,1
girolami,1
silcox,1
blankenburg,1
nishitani,1
lawwill,1
leinwand,1
fornili,1
edmunson,1
lacroix,1
girolamo,1
breidigan,1
shazier,1
iddings,1
osborne,1
gaydos,1
taurino,1
andros,1
shammo,1
knezevic,1
babilon,1
galauiz,1
claus,1
parrino,1
weydert,1
barros,1
sipler,1
barrow,1
vanlinden,1
piehl,1
yepes,1
kundrick,1
kravs,1
claud,1
savoie,1
dockett,1
depasquale,1
elbahtity,1
yepez,1
dejarnett,1
adham,1
clark,1
messerschmidt,1
toole,1
barrie,1
birkholz,1
claro,1
barria,1
crouter,1
clary,1
henkel,1
tools,1
pollman,1
anastasiades,1
henken,1
bersamin,1
clara,1
eggenberg,1
henkes,1
clare,1
finnell,1
pfahler,1
henkey,1
bakey,1
highberger,1
bramon,1
lefevers,1
flickinger,1
class,1
speyrer,1
lowrey,1
hillman,1
tooms,1
savoca,1
winning,1
carano,1
ratcliffe,1
chimento,1
schuff,1
barris,1
huxtable,1
clase,1
dockery,1
barrio,1
paskow,1
bergevin,1
chimenti,1
croutch,1
caughran,1
andrle,1
clontz,1
goldfine,1
segraves,1
hogland,1
mahula,1
fergerson,1
clonts,1
clapp,1
voyles,1
baken,1
gavaldon,1
teisberg,1
parrish,1
fegles,1
fegley,1
knupke,1
sheckles,1
bakes,1
lebrecque,1
sheckler,1
baker,1
ascencio,1
sperandio,1
piede,1
tooke,1
thurrell,1
shamir,1
lachowsky,1
rehler,1
chillis,1
schuck,1
kolkhorst,1
reimold,1
torralba,1
schuch,1
arnoldy,1
eppinette,1
fellner,1
peerzada,1
tooks,1
aungst,1
snelson,1
kochmanski,1
lachowski,1
olona,1
skipper,1
vegerano,1
calcano,1
siar,1
picha,1
piche,1
izak,1
pucciarelli,1
monkhouse,1
lesher,1
gruters,1
bounthapanya,1
leshem,1
sias,1
laplace,1
laplaca,1
argall,1
picht,1
shinko,1
krasnecky,1
christeson,1
luzell,1
balcorta,1
constanza,1
herrnandez,1
syria,1
absalon,1
mcnemar,1
melnick,1
balok,1
bertuzzi,1
balon,1
hoshaw,1
bejerano,1
kahill,1
balog,1
melady,1
sica,1
arundel,1
dabato,1
hemphill,1
deojay,1
neyman,1
sharabi,1
kassebaum,1
maccutcheon,1
brignoni,1
katula,1
entin,1
smoker,1
misiewicz,1
sick,1
brinar,1
gilzow,1
tatsak,1
balow,1
dlobik,1
baloy,1
ventresca,1
heikkila,1
campese,1
prudencio,1
deprince,1
ploetz,1
laniado,1
shalam,1
herbein,1
ignowski,1
progl,1
villafuerte,1
gugliotta,1
milhouse,1
sida,1
gugliotti,1
side,1
trampe,1
sidi,1
poucher,1
frehse,1
didomenico,1
schildt,1
cookingham,1
nighbert,1
tallis,1
hoogheem,1
glicher,1
torrence,1
pickl,1
drown,1
sorhaindo,1
crazier,1
hoppa,1
shettsline,1
ceccarelli,1
fiveash,1
giczewski,1
hoppe,1
sieg,1
tallie,1
pirman,1
drewry,1
siem,1
sien,1
fornier,1
lasseson,1
syrek,1
kohut,1
kohus,1
placencio,1
siew,1
klappholz,1
westerfield,1
sier,1
mcgarraugh,1
kirker,1
pilling,1
brouillette,1
derendal,1
schille,1
melahn,1
sherwood,1
proia,1
melamed,1
rantanen,1
imrie,1
kirkey,1
shelpman,1
nokes,1
balke,1
constante,1
blatchley,1
schilke,1
balko,1
brandler,1
placencia,1
zhou,1
clemens,1
pillion,1
briner,1
bongivengo,1
fouquette,1
clement,1
brines,1
brandley,1
salstrom,1
sigg,1
soibelman,1
gottemoeller,1
briney,1
bleacher,1
sparger,1
wasiuta,1
grusenmeyer,1
ferriolo,1
dayan,1
balle,1
dayao,1
chruch,1
carlson,1
pomiecko,1
balla,1
taliulu,1
balli,1
dayal,1
brinck,1
pillips,1
droze,1
balls,1
booher,1
drozd,1
meemken,1
mcphaul,1
talley,1
saraiva,1
bally,1
tyminski,1
kirtland,1
cilano,1
gurnee,1
daltorio,1
padavich,1
brinda,1
picot,1
hopke,1
tonne,1
picon,1
gearhart,1
flentge,1
brignolo,1
dicastro,1
hopko,1
trower,1
trowel,1
ferriola,1
olowe,1
gurney,1
polintan,1
jemenez,1
mugica,1
picou,1
gurner,1
ratner,1
chikko,1
threadgill,1
rossman,1
emilio,1
eacret,1
schoenfeldt,1
newgard,1
savaglio,1
mackall,1
schonberg,1
bumpers,1
faughn,1
terault,1
payseur,1
woolf,1
wools,1
kibler,1
faught,1
oblander,1
koetje,1
pronk,1
kirkby,1
flahive,1
shyu,1
kress,1
gagliardotto,1
penley,1
kalhorn,1
hopes,1
vossler,1
schwartzkopf,1
tervort,1
holstine,1
vanderzee,1
tuazon,1
kapahu,1
rosenfield,1
caravati,1
holian,1
syrop,1
hedden,1
weyrauch,1
sauerbry,1
clabo,1
chittom,1
fregoso,1
bute,1
reasner,1
buth,1
chavana,1
butz,1
christesen,1
neider,1
fullerton,1
dayem,1
shindo,1
pooschke,1
butt,1
dayer,1
louviere,1
coraham,1
daking,1
mcphail,1
lejeune,1
propp,1
cryderman,1
addis,1
shigemitsu,1
claar,1
maywalt,1
kreul,1
dakins,1
landman,1
balza,1
boxton,1
paxson,1
lacerte,1
zhen,1
bonwell,1
trenholme,1
marflak,1
ringuette,1
mcelvaine,1
huitzacua,1
foslien,1
camino,1
crumbliss,1
tonzi,1
shines,1
kretz,1
shiner,1
kohrt,1
panther,1
kohrs,1
siebe,1
koszyk,1
gdula,1
culbert,1
neighbor,1
lepore,1
krenn,1
buzo,1
campell,1
eidinger,1
pomerleau,1
kightlinger,1
addie,1
luffman,1
lafontain,1
entel,1
wallington,1
thrower,1
wireman,1
tallon,1
clack,1
sieck,1
kegley,1
hakimi,1
enter,1
barthelmes,1
melara,1
hujer,1
tonti,1
zaxas,1
capestro,1
kohli,1
toliver,1
kegler,1
krenz,1
cucvas,1
prose,1
kohls,1
husbands,1
camilo,1
baltz,1
krepp,1
pross,1
pernod,1
prost,1
wenninger,1
tinson,1
waltermire,1
leshko,1
drizin,1
meland,1
soldavini,1
neidig,1
keyon,1
auricchio,1
brinks,1
clagg,1
comparoni,1
poiter,1
claes,1
siad,1
kohnz,1
deuel,1
tatsch,1
garnsey,1
shimomura,1
fortado,1
carlsen,1
rodemeyer,1
proto,1
buys,1
addeo,1
poyser,1
manlangit,1
protz,1
kreps,1
gristede,1
keyna,1
buza,1
buchbinder,1
proue,1
pantalone,1
proud,1
chittum,1
turick,1
koffman,1
dombeck,1
campean,1
buoy,1
alfano,1
arcilla,1
buol,1
lequire,1
sise,1
marano,1
campeau,1
sisk,1
fregozo,1
taydus,1
maasen,1
barthelman,1
cutler,1
kreke,1
schinnell,1
sciortino,1
wadkins,1
provo,1
daugaard,1
downton,1
todeschi,1
bunt,1
kreis,1
cerasoli,1
bunn,1
bachmeyer,1
sauredo,1
snetting,1
bunk,1
sirk,1
siena,1
lampton,1
dejarnette,1
krein,1
temple,1
savannah,1
vardaman,1
prout,1
orndoff,1
hafferkamp,1
edinger,1
daquino,1
mccahan,1
leavenworth,1
holleran,1
tonai,1
mammucari,1
cromley,1
peroff,1
senethavilouk,1
tonas,1
daquila,1
bethke,1
bump,1
schiltz,1
bumm,1
kawai,1
hysmith,1
scandalios,1
schuerman,1
milanowski,1
maasch,1
balas,1
freier,1
kawaa,1
wilkens,1
loerzel,1
siems,1
balak,1
sofranko,1
difronzo,1
sita,1
bult,1
mccuien,1
deter,1
littmann,1
mattimoe,1
savitch,1
honnette,1
affolter,1
bull,1
sith,1
lovetinsky,1
sitt,1
marani,1
situ,1
prows,1
statham,1
caceres,1
stathas,1
drexel,1
dayne,1
bula,1
krell,1
sito,1
marana,1
sitz,1
machamer,1
tucholski,1
buss,1
laplant,1
honnerlaw,1
louvier,1
alfaro,1
kreft,1
duerson,1
busa,1
ziad,1
jephson,1
kennebrew,1
michavd,1
buse,1
haberkamp,1
busi,1
bush,1
ziak,1
busk,1
busl,1
michaux,1
towner,1
sieja,1
burr,1
seavers,1
buro,1
cassman,1
prusinski,1
windley,1
burt,1
bury,1
siva,1
gunnoe,1
cullars,1
windler,1
brekke,1
michaud,1
obiesie,1
atkison,1
sypolt,1
bure,1
burd,1
quattrocchi,1
kapaun,1
cooperwood,1
buri,1
burg,1
mischke,1
burn,1
burm,1
allessi,1
burl,1
camisa,1
burk,1
guenthner,1
woodside,1
olpin,1
goldkamp,1
zick,1
eckerle,1
jacque,1
stratman,1
verjan,1
digilio,1
zich,1
herriott,1
montandon,1
wilkers,1
filbert,1
camire,1
kreig,1
maraia,1
rehman,1
delcolle,1
debeaumont,1
freije,1
bupp,1
townes,1
comisky,1
mogensen,1
spargur,1
hevron,1
wrzesien,1
membreno,1
salamanca,1
grunder,1
grunden,1
zide,1
yerbic,1
sprewell,1
glidwell,1
sixt,1
nemzek,1
mahrer,1
troxel,1
degrazia,1
earleywine,1
wimpee,1
weltmer,1
levering,1
bethel,1
kezar,1
krebs,1
ensor,1
blackwood,1
cucuta,1
longin,1
bugg,1
ostenson,1
herbert,1
herbers,1
bugh,1
bethea,1
longie,1
hoose,1
bethey,1
cornacchio,1
buer,1
devereaux,1
balfe,1
wimpey,1
eschmann,1
dootson,1
spreitzer,1
chittam,1
buff,1
tonic,1
maragh,1
baley,1
rabinovich,1
simm,1
heimerl,1
sobczak,1
poitra,1
sieve,1
escovar,1
simi,1
cusmano,1
budy,1
budz,1
espino,1
balin,1
serabia,1
sims,1
gogins,1
keeneth,1
balis,1
baysden,1
simo,1
schaumburg,1
jahosky,1
buen,1
buel,1
mischel,1
roadcap,1
tallas,1
sime,1
marade,1
lacerda,1
sima,1
hsueh,1
kreissler,1
stobierski,1
boncella,1
silk,1
sill,1
bucy,1
lepper,1
dehoyos,1
tonks,1
gunner,1
sietz,1
twisdale,1
smeltzer,1
verity,1
cagley,1
espina,1
krech,1
degrazio,1
hoots,1
ishihara,1
rehmer,1
kreck,1
buda,1
sysak,1
budd,1
mahran,1
nemzin,1
huitt,1
balck,1
goldware,1
liccione,1
balch,1
guagenti,1
cazier,1
siok,1
vongsamphanh,1
polycarpe,1
henley,1
cutlip,1
chilcote,1
rumble,1
mccranie,1
buitron,1
skanes,1
bonapart,1
valaitis,1
loadholt,1
abdullai,1
abdullah,1
comley,1
toncrey,1
deakin,1
chilcott,1
lacuesta,1
balbi,1
sins,1
tramel,1
detty,1
siert,1
siers,1
ansari,1
biebel,1
bethay,1
sink,1
buja,1
shalla,1
rieper,1
huish,1
sinn,1
balay,1
ansara,1
sina,1
bieber,1
balaz,1
radatz,1
sine,1
bateson,1
sing,1
jopling,1
withfield,1
vansteenhuyse,1
recker,1
eytchison,1
regalado,1
millsaps,1
tennett,1
lacinski,1
mccague,1
longhi,1
buie,1
bales,1
mccallion,1
generalao,1
waidelich,1
constanzo,1
baldy,1
grundon,1
thornbrough,1
tones,1
pickler,1
pickles,1
toner,1
buis,1
coupland,1
guildford,1
toney,1
buchmiller,1
baldi,1
decaprio,1
baldo,1
fiecke,1
almada,1
sipp,1
tonge,1
alexanian,1
detro,1
liscano,1
buhl,1
mastrobuono,1
sipe,1
baruth,1
buhr,1
balda,1
orison,1
twitty,1
balde,1
hoops,1
kupstas,1
shaw,1
jarboe,1
shau,1
arrendell,1
krajnovich,1
zipf,1
agostinelli,1
shay,1
shao,1
hovermale,1
shan,1
sham,1
failing,1
hiltebeitel,1
zipp,1
uyeda,1
malpass,1
shbi,1
christians,1
zukoski,1
difalco,1
bonifay,1
courier,1
huguenin,1
huether,1
christiani,1
christiano,1
zion,1
rampulla,1
herzing,1
woolford,1
christiana,1
ensel,1
rakers,1
melber,1
ensey,1
bowerize,1
beckius,1
audibert,1
grismer,1
eichenauer,1
rorabacher,1
auslander,1
ebeling,1
zink,1
zinn,1
mullikin,1
mitchusson,1
mccraney,1
frentzel,1
zins,1
ciervo,1
styons,1
lasserre,1
bilbrey,1
causby,1
bilbrew,1
weslowski,1
brevell,1
ashburn,1
constantin,1
wilfong,1
zinz,1
nitkowski,1
zima,1
zimm,1
savitts,1
pickman,1
longan,1
mexicano,1
shah,1
dapper,1
fiorilli,1
timberlake,1
malvin,1
pirner,1
shad,1
shae,1
peninger,1
akmal,1
speis,1
taverna,1
fiorillo,1
trovato,1
hosick,1
speir,1
grunert,1
hollands,1
almajhoub,1
sietsema,1
fredicks,1
schmader,1
ouren,1
sher,1
riggott,1
zito,1
shew,1
sheu,1
kogut,1
morgenthaler,1
beguhl,1
shey,1
milstein,1
tomme,1
dolney,1
bickerstaff,1
funderburke,1
bradham,1
chillo,1
lagadinos,1
desmaris,1
sharber,1
bergeson,1
gilhooley,1
dealba,1
levangie,1
kirkpatrick,1
abbott,1
votsmier,1
friedland,1
plankey,1
spece,1
mckinzey,1
stathos,1
zisk,1
zaruba,1
bonsall,1
cremonese,1
abboud,1
bonifer,1
perozo,1
zita,1
speck,1
darrigo,1
trajillo,1
crockarell,1
shalhoup,1
zirk,1
seagren,1
lazalde,1
billops,1
theaker,1
tomka,1
killpack,1
kielbasa,1
orndorf,1
pirnie,1
comeaux,1
carlton,1
comeauy,1
leppla,1
philbrook,1
levanger,1
tomko,1
almand,1
ryburn,1
scheibe,1
wilford,1
banaag,1
speed,1
babione,1
carangelo,1
leppke,1
woehrle,1
silber,1
woolfolk,1
shed,1
grageda,1
promisco,1
shea,1
spees,1
shalhoub,1
michael,1
speer,1
tennent,1
stolebarger,1
eilertson,1
troxil,1
devai,1
shen,1
norbury,1
kavin,1
netkowicz,1
yerby,1
hinesley,1
adell,1
semidey,1
cardoza,1
thornborrow,1
mcmanamy,1
mccaine,1
adels,1
adema,1
cardozo,1
flecha,1
rankhorn,1
toffton,1
devan,1
hurdle,1
deval,1
madlung,1
mckinzie,1
aksamit,1
peroni,1
lebourgeois,1
garick,1
perone,1
garich,1
baumann,1
churchill,1
perona,1
vaulet,1
garica,1
mulrain,1
landaker,1
lellig,1
sakkinen,1
fregia,1
hatmaker,1
fieldhouse,1
adens,1
loperena,1
tomanek,1
stelting,1
rollman,1
licerio,1
dazey,1
barillo,1
cabeceira,1
guerrazzi,1
scarrow,1
nazari,1
szafranski,1
bowering,1
tokarz,1
ziff,1
swirczek,1
sperl,1
heimlich,1
womeldorff,1
thieme,1
spero,1
devel,1
ziek,1
gieringer,1
izzo,1
ziel,1
zieg,1
rhines,1
izzi,1
flanigan,1
zier,1
paulauskis,1
briola,1
zien,1
strassell,1
uplinger,1
spera,1
coldiron,1
stathis,1
binkowski,1
inclan,1
cianci,1
michard,1
nwagbara,1
tempel,1
thiele,1
debiasio,1
arebalo,1
cardova,1
stamatopoulos,1
wechselblatt,1
espalin,1
baruch,1
stathes,1
pursley,1
hourani,1
gierling,1
barbagallo,1
gschwind,1
studier,1
dickirson,1
liverance,1
dever,1
paszkiewicz,1
milstead,1
zilk,1
zill,1
darring,1
skibosh,1
childs,1
devey,1
fredrikson,1
spell,1
paulauskas,1
chilek,1
gwozdz,1
lamica,1
elwonger,1
causey,1
unnasch,1
ziko,1
hosier,1
cerros,1
gunawan,1
thiery,1
almasi,1
drisdelle,1
southwell,1
zike,1
uyeno,1
cooter,1
oguendo,1
flippen,1
chiles,1
chilen,1
lagergren,1
yarnell,1
despres,1
obrein,1
escarcega,1
meador,1
michals,1
joliet,1
rowntree,1
hevrin,1
fehrman,1
betita,1
pazderski,1
hoistion,1
hilsinger,1
zuchowski,1
unzicker,1
gainous,1
speno,1
overholser,1
trapani,1
anolick,1
maradiaga,1
comnick,1
preisendorf,1
mchughes,1
drimmer,1
devis,1
spena,1
hollerud,1
zubris,1
spene,1
devin,1
huntsman,1
glavan,1
eisenhauer,1
dalesandro,1
sevedge,1
fregoe,1
michand,1
gueretta,1
leichtenberge,1
meadow,1
guerette,1
lesslie,1
linstrom,1
casewell,1
loggin,1
altomonte,1
mountcastle,1
bartus,1
lafrance,1
zayas,1
cardosi,1
hardyman,1
crispin,1
legget,1
topolinski,1
noneman,1
amsterdam,1
breining,1
kebalka,1
flippin,1
gerardo,1
cardoso,1
salvature,1
gerardi,1
koenemund,1
cardosa,1
orhenkowski,1
brandstrom,1
mcspirit,1
henman,1
lafranca,1
everson,1
herlong,1
hartling,1
tumbleson,1
melaro,1
kernell,1
koehring,1
logghe,1
bamba,1
glavin,1
shry,1
zayac,1
sobczyk,1
sysyn,1
excell,1
boylston,1
toman,1
buckhalter,1
ximenez,1
hartline,1
rasberry,1
glaves,1
egitto,1
pendelton,1
melaun,1
lafontant,1
hollyday,1
reasons,1
vranicar,1
gloeckner,1
tintle,1
hegeman,1
sarkar,1
purslow,1
silano,1
reinholdt,1
lessley,1
hamling,1
steiber,1
banana,1
leggio,1
trivett,1
drewel,1
innella,1
bimler,1
peterson,1
drewer,1
whitchurch,1
steibel,1
gormont,1
drewes,1
gullung,1
meader,1
arrison,1
shipes,1
shrider,1
yerty,1
helsley,1
katechis,1
leggat,1
sigafus,1
meaden,1
quashnock,1
bohnert,1
akinrefon,1
ourth,1
vorwaller,1
metsker,1
dubinsky,1
kingma,1
levandoski,1
cardono,1
pulizzi,1
sthilaire,1
speth,1
ellefson,1
contini,1
cardoni,1
jonathan,1
houtchens,1
rupinski,1
luangxay,1
contino,1
cardone,1
taverab,1
pertsovsky,1
cardona,1
keziah,1
llera,1
schlenker,1
smyth,1
swerdloff,1
sumerall,1
boschert,1
hollamon,1
shub,1
kroninger,1
ailstock,1
shue,1
gauani,1
neeper,1
boatright,1
nobrega,1
yerry,1
plaxico,1
belotti,1
hettich,1
linardi,1
shum,1
kevern,1
hoisington,1
shur,1
holcombe,1
taveras,1
ullmann,1
grabhorn,1
pollock,1
kohel,1
massimino,1
chaudhry,1
raspotnik,1
machalek,1
kohen,1
zelechowski,1
cokeley,1
keveth,1
christescu,1
mounger,1
dockham,1
rienzo,1
athayde,1
ciesco,1
tabbaa,1
tlumacki,1
widdison,1
joline,1
stoltenburg,1
linares,1
gallarello,1
burgher,1
jolina,1
ourso,1
denburger,1
linarez,1
waybright,1
douthett,1
umphress,1
lafantano,1
ahhee,1
picco,1
abdulla,1
pflugradt,1
huhta,1
banach,1
bauermeister,1
lybrand,1
steller,1
troyer,1
triveno,1
tagliente,1
sirosky,1
clapham,1
novy,1
laming,1
wickings,1
georgiadis,1
harbaugh,1
shiu,1
lesiak,1
onsgard,1
shin,1
scharich,1
nova,1
otwell,1
shim,1
infantolino,1
sorzano,1
meriweather,1
silago,1
flocke,1
ship,1
penegar,1
devitt,1
silagy,1
shih,1
szerszen,1
brustmann,1
malachowski,1
devita,1
novo,1
fricano,1
bartol,1
esquibel,1
novi,1
tomey,1
tomes,1
falasco,1
devito,1
neubert,1
kohan,1
loffredo,1
kautz,1
toodle,1
bartow,1
ciampa,1
sitler,1
garity,1
dratch,1
barton,1
pegeron,1
nott,1
ciampi,1
lasenby,1
kingen,1
bartos,1
lecaros,1
meinzer,1
sieracki,1
shaker,1
garito,1
hillock,1
noun,1
stoneking,1
gariti,1
deakins,1
basinger,1
noud,1
brohawn,1
eschrich,1
emiliano,1
yerly,1
strothers,1
shon,1
buttolph,1
flythe,1
haigler,1
show,1
torrella,1
shor,1
smelser,1
devivo,1
uselton,1
benningfield,1
troyan,1
venskoske,1
libman,1
cimorelli,1
smades,1
shoe,1
konefal,1
cichocki,1
dasgupta,1
crispen,1
deviva,1
fiebig,1
tomei,1
stidham,1
hannawalt,1
beidler,1
caverly,1
tomek,1
hearston,1
tomer,1
yerke,1
georgiades,1
pamplin,1
garing,1
flocco,1
kearney,1
sifre,1
schwer,1
versele,1
perper,1
yerka,1
cirelli,1
conkling,1
tomas,1
kaupp,1
blakney,1
weintraub,1
spurlin,1
cirella,1
barimah,1
talman,1
delhomme,1
statires,1
hydzik,1
krumbach,1
leatherberry,1
noyd,1
noye,1
kaupu,1
grills,1
noya,1
gemberling,1
grillo,1
shakin,1
roesser,1
tombs,1
agrawal,1
hopps,1
grilli,1
crotteau,1
boardway,1
haferkamp,1
dazzi,1
shakir,1
palmateer,1
kagarise,1
kreidler,1
oliva,1
stocking,1
touar,1
stribley,1
chimes,1
krzyminski,1
linnertz,1
plotner,1
drucker,1
ventrone,1
olive,1
banderas,1
dunavant,1
tameron,1
subia,1
kuwahara,1
villena,1
noia,1
baffa,1
nahmias,1
peete,1
matsuzaki,1
marbus,1
marbut,1
rincan,1
peets,1
kobak,1
peetz,1
olivo,1
tesoriero,1
touch,1
hovarter,1
hollandsworth,1
ciesla,1
touby,1
gaubert,1
noli,1
gammel,1
mcneeley,1
kobbe,1
nole,1
nolf,1
valcin,1
nold,1
smyly,1
pistoresi,1
nola,1
marbry,1
furay,1
averett,1
banbury,1
quiggle,1
acfalle,1
pistilli,1
enzor,1
quicksall,1
bocook,1
somerfield,1
eichenmiller,1
gurtin,1
bowdoin,1
bigwood,1
oguin,1
coblentz,1
mccanse,1
sickman,1
leaming,1
heywood,1
noke,1
pietras,1
buczko,1
mccants,1
snopek,1
herceg,1
peevy,1
pecarina,1
grieme,1
bafia,1
lambeck,1
chace,1
griest,1
migliorisi,1
garroutte,1
hittman,1
dougall,1
noey,1
raimondo,1
zapalac,1
yngsdal,1
zarrineh,1
raimondi,1
shattuck,1
griess,1
chimal,1
stratter,1
arvidson,1
claunch,1
brener,1
ultreras,1
brenes,1
plotnik,1
honas,1
kovacich,1
justus,1
noel,1
pennix,1
capponi,1
schrom,1
honan,1
dropinski,1
nortesano,1
meunier,1
sellick,1
pickup,1
luehring,1
kober,1
kobel,1
losano,1
ziller,1
procell,1
eichberger,1
pennie,1
mangiamele,1
pennig,1
brenek,1
nodd,1
updegraff,1
albarracin,1
griese,1
wetselline,1
yamaoka,1
denty,1
sovern,1
hazelip,1
griesi,1
smyre,1
laforte,1
perlman,1
buczek,1
smyrl,1
uimari,1
morrisseau,1
merceir,1
akley,1
brenda,1
justice,1
pickrel,1
helseth,1
honch,1
pickren,1
akles,1
nohe,1
rodenbough,1
hawthorn,1
dibattista,1
ventrella,1
vincent,1
liriano,1
villela,1
guadian,1
kauer,1
cappola,1
karratti,1
beyene,1
hoefflin,1
apling,1
berkshire,1
finkle,1
dente,1
surguy,1
schroy,1
mcnaney,1
rients,1
roesner,1
jarels,1
jarema,1
gallander,1
touhy,1
brence,1
noga,1
fedigan,1
womer,1
deshler,1
aikins,1
pigford,1
peers,1
saroop,1
dense,1
jarell,1
peery,1
beyett,1
honer,1
hones,1
eberheart,1
duchon,1
caruana,1
bussinger,1
sauders,1
eichhorst,1
werksman,1
darst,1
koster,1
duchow,1
workings,1
roeser,1
bartimus,1
kobie,1
roberds,1
honey,1
nori,1
pegelow,1
kostek,1
nork,1
ketteringham,1
kosten,1
darsi,1
markwardt,1
norn,1
honea,1
kostel,1
guillet,1
sedillo,1
nora,1
guillen,1
quesenberry,1
arcieri,1
nord,1
nore,1
griego,1
norg,1
dellosso,1
kuchler,1
peels,1
goettman,1
huerto,1
moczygemba,1
oline,1
walenta,1
marzocchi,1
hamalainen,1
herriman,1
gammon,1
weisheit,1
kuriger,1
calcagno,1
honda,1
smyer,1
reffner,1
gioia,1
huerta,1
grieff,1
escobedo,1
calcagni,1
ogaldez,1
philmore,1
kobis,1
peele,1
sluski,1
rollins,1
beyerl,1
bordeleau,1
driedric,1
holben,1
walmsley,1
verheyen,1
denos,1
noss,1
schroeter,1
dangelo,1
delosreyes,1
intriago,1
schrum,1
nost,1
honga,1
noto,1
suominen,1
golebiewski,1
ashkettle,1
rollind,1
landsaw,1
rolling,1
noth,1
beyers,1
elliston,1
saephan,1
hongo,1
denny,1
berkebile,1
rothacher,1
darty,1
koble,1
crapser,1
reimmer,1
dartt,1
norr,1
dohogne,1
denni,1
nimmons,1
hillier,1
armbrust,1
denno,1
denna,1
hennon,1
nose,1
denne,1
furia,1
kostiv,1
furch,1
warschaw,1
daron,1
furci,1
klinglesmith,1
ziccardi,1
roberie,1
lavallee,1
schinke,1
darou,1
allamon,1
daros,1
finkel,1
kaull,1
finken,1
honig,1
zuccaro,1
schoneck,1
guillan,1
kostis,1
lavalley,1
muncher,1
honie,1
mcabee,1
bernstein,1
noll,1
becerra,1
avarbuch,1
barnhart,1
slomkowski,1
lafrancois,1
nolt,1
trager,1
brenneman,1
joulwan,1
kostic,1
sypult,1
suber,1
furby,1
justino,1
suben,1
aunkst,1
pottkotter,1
turbiner,1
caffarel,1
sorenson,1
justine,1
hastedt,1
noor,1
peeks,1
axtell,1
noon,1
browning,1
griseta,1
wimmer,1
delasancha,1
roesch,1
kaumo,1
heafner,1
roberge,1
solliday,1
bentrup,1
yeubanks,1
kingrey,1
easterly,1
furey,1
kaune,1
connington,1
dolman,1
kittleson,1
jeskie,1
furer,1
cogliano,1
bainum,1
nono,1
loscalzo,1
oravec,1
fairfield,1
zarco,1
nonu,1
kostka,1
jarett,1
nooe,1
lavallie,1
kinnaman,1
grandstaff,1
psuty,1
wheelwright,1
gwillim,1
hillian,1
wildauer,1
cutchall,1
nicolozakes,1
katoh,1
hullett,1
katoa,1
baetz,1
golombek,1
langholz,1
katon,1
churchman,1
hennig,1
stechlinski,1
millward,1
slusar,1
hofstetter,1
fiaschetti,1
wentland,1
furno,1
petterson,1
schaible,1
richard,1
stakkeland,1
saracco,1
starin,1
holquin,1
vanderbilt,1
pickron,1
disney,1
bagnell,1
chapa,1
groseclose,1
hennis,1
deniz,1
debernardi,1
attig,1
denio,1
maietta,1
trytten,1
attia,1
colbaugh,1
chapp,1
denis,1
pashel,1
hegener,1
lapinsky,1
elletson,1
erkkila,1
holahan,1
chary,1
marcel,1
chase,1
sigwart,1
pashea,1
snoots,1
birchwood,1
marcet,1
turkin,1
lambeth,1
chass,1
homme,1
marcey,1
homma,1
lyall,1
gardea,1
repetowski,1
picket,1
westervoorde,1
mickolick,1
osterhout,1
spellman,1
bradeen,1
chard,1
furrh,1
balezentis,1
mccance,1
raridon,1
aguinaldo,1
chokshi,1
ahimud,1
katos,1
chiaravalle,1
charm,1
garder,1
chari,1
osbourn,1
lapinski,1
picken,1
chars,1
pickel,1
galardi,1
picker,1
garden,1
galardo,1
lesney,1
charo,1
scee,1
bullmore,1
snoozy,1
marcks,1
ohnstad,1
wietzel,1
fetner,1
lothian,1
nardelli,1
headington,1
larimore,1
mendenhall,1
lambert,1
nardella,1
hemminger,1
dowding,1
yorton,1
deichmann,1
champ,1
killebrew,1
hedspeth,1
monserrate,1
lischak,1
vejarano,1
boersma,1
segerman,1
baeza,1
dendy,1
settecase,1
poirot,1
halladay,1
starek,1
charters,1
croffie,1
draudt,1
scheidt,1
capistran,1
adkin,1
chalk,1
asenjo,1
katra,1
kostal,1
chall,1
yoshiyama,1
kobus,1
lejenne,1
totty,1
denes,1
denet,1
enstad,1
grieco,1
obanion,1
marcil,1
selvaggi,1
marcin,1
hauschild,1
fieldstadt,1
bourassa,1
flodin,1
katsch,1
chant,1
schweinsberg,1
studnicki,1
glasier,1
suazo,1
scheide,1
shetrone,1
denbo,1
denby,1
christodoulou,1
tobiason,1
starck,1
furne,1
pickar,1
marchi,1
dence,1
roeske,1
furna,1
starch,1
bentson,1
gardin,1
bisaccia,1
marcia,1
beardall,1
jacome,1
dench,1
schrab,1
pashia,1
chang,1
chand,1
abington,1
thormahlen,1
buczak,1
milteer,1
totin,1
asselmeier,1
marcinkiewicz,1
teesdale,1
thuesen,1
justian,1
yamanoha,1
baell,1
denomme,1
sickles,1
marcom,1
whorley,1
garibay,1
sertuche,1
marcon,1
sickler,1
kobza,1
marcou,1
schram,1
tunson,1
marcos,1
dieppa,1
pennel,1
schrag,1
vasudevan,1
garibai,1
manliguis,1
penner,1
ajello,1
dasen,1
cinnamon,1
noah,1
penney,1
everton,1
bentsen,1
baena,1
gardon,1
tangaro,1
revard,1
youngman,1
tangari,1
mahaffy,1
roberto,1
pearcey,1
wirkkala,1
hugus,1
snooks,1
woofter,1
puebla,1
dallavalle,1
roberti,1
kasinger,1
krogmann,1
dollinger,1
formella,1
starns,1
rewenko,1
tragesser,1
rattay,1
pinckard,1
bremme,1
oursler,1
osterholt,1
psilovikos,1
roberts,1
lessman,1
yekel,1
nock,1
rattan,1
popelka,1
verley,1
mourino,1
landron,1
roberta,1
chais,1
chait,1
helgren,1
chaim,1
chain,1
garfinkle,1
noda,1
charlette,1
tillinghast,1
chaix,1
banecker,1
giove,1
furry,1
kampmann,1
mccanna,1
grothoff,1
kinnamon,1
bertelsen,1
donelson,1
haseman,1
valcho,1
furse,1
schonert,1
walraven,1
landrus,1
bainey,1
heinemann,1
kexel,1
chadd,1
hennes,1
baerg,1
sicks,1
anhorn,1
baines,1
hoxsie,1
infante,1
hennen,1
glaude,1
furst,1
neikirk,1
hilling,1
bainer,1
colcher,1
radden,1
wycoff,1
chaco,1
belliard,1
rombach,1
radder,1
skates,1
pickle,1
furth,1
todahl,1
fingado,1
saulino,1
gladney,1
henney,1
pettersen,1
baese,1
macrostie,1
pashal,1
hastert,1
trybus,1
aholt,1
saranzak,1
dintino,1
attal,1
chiappinelli,1
kocaj,1
mcinerny,1
dejackome,1
landrum,1
kocab,1
chapoton,1
nuvallie,1
gragert,1
luckhardt,1
chafe,1
starke,1
spiering,1
poirer,1
jhonson,1
dasch,1
gormley,1
starks,1
homza,1
eisenhaver,1
conaughty,1
guillot,1
turkel,1
schy,1
brucato,1
bonebright,1
kapetanos,1
rattee,1
gilson,1
dellagatta,1
maclennan,1
kavanagh,1
koffler,1
polsgrove,1
hittner,1
jardel,1
macnaught,1
lemaitre,1
pirtle,1
osteen,1
tardiff,1
falldorf,1
lafosse,1
bremer,1
luckow,1
hoskin,1
jiang,1
suchy,1
fathree,1
mezzina,1
sara,1
luersen,1
cordasco,1
rindal,1
varriano,1
engerman,1
gurule,1
zamzam,1
mcritchie,1
lesniak,1
nevala,1
sapp,1
perque,1
bonadonna,1
gressmire,1
nolle,1
klinefelter,1
gavinski,1
forness,1
delawder,1
harless,1
birdsell,1
nissley,1
dzinski,1
blomstrand,1
landrie,1
rawding,1
cialella,1
marash,1
poisel,1
gatzke,1
kattaura,1
havercroft,1
brentley,1
sane,1
sand,1
walzier,1
sang,1
sano,1
swarner,1
sann,1
lesnick,1
schimel,1
schimek,1
sant,1
dreyer,1
glasgow,1
sans,1
beschorner,1
galapon,1
drock,1
brereton,1
blizzard,1
daguerre,1
sanz,1
diallo,1
steedman,1
hugar,1
chinen,1
mergist,1
schildgen,1
madlock,1
yasutomi,1
sama,1
nolin,1
mcgrotha,1
rishor,1
brittingham,1
lagorio,1
verlin,1
toten,1
samy,1
schuffert,1
jardin,1
lavagnino,1
varriale,1
lipinsky,1
schoenegge,1
foister,1
breman,1
samo,1
nolie,1
samu,1
meroney,1
hooey,1
sams,1
cardine,1
prestino,1
lipinski,1
westmoreland,1
salk,1
bagni,1
sall,1
gatzow,1
salm,1
biringer,1
thorndyke,1
guiterez,1
cardino,1
sala,1
salb,1
ferringer,1
biorkman,1
sale,1
clinker,1
verkamp,1
rittichier,1
salz,1
chrzan,1
gidney,1
balbontin,1
salo,1
ivancich,1
romanowski,1
coverdell,1
livezey,1
flies,1
modgling,1
devericks,1
salt,1
whidby,1
muzacz,1
pendegraft,1
bottemiller,1
dolley,1
doller,1
sake,1
vlasak,1
dollen,1
alvord,1
saka,1
drozdenko,1
latronica,1
valladolid,1
izarraras,1
ozuna,1
billiar,1
marafioti,1
hoock,1
katan,1
sider,1
saks,1
kosuta,1
edmison,1
betancur,1
wojtanik,1
bagne,1
sako,1
sides,1
fontan,1
flick,1
litchford,1
pezzano,1
bustillos,1
gilcrest,1
dumpson,1
wishard,1
gerking,1
coover,1
wishart,1
spengler,1
ladage,1
olalde,1
williamis,1
marchessault,1
cardish,1
hottman,1
lamantia,1
huesso,1
fritzpatrick,1
french,1
rosinski,1
schimke,1
windish,1
flirt,1
huger,1
billick,1
nolen,1
hugel,1
bual,1
gosserand,1
noles,1
vialpando,1
nolet,1
linford,1
huges,1
bagby,1
ashbacher,1
mcgrotty,1
contois,1
egersdorf,1
riemer,1
udicious,1
cailler,1
griffy,1
oconor,1
clokey,1
comrey,1
saye,1
nolda,1
macgillivray,1
griffo,1
hugee,1
nolde,1
janikowski,1
caroline,1
piccirilli,1
schindewolf,1
katie,1
carolina,1
iyer,1
piccirillo,1
doscher,1
lintner,1
durnell,1
missildine,1
alewine,1
laselle,1
teaque,1
kater,1
lucker,1
worstell,1
kates,1
risher,1
comrie,1
perras,1
hughe,1
lucken,1
jardon,1
bagan,1
jardot,1
billiet,1
katen,1
rishel,1
saxe,1
felling,1
flipp,1
torreson,1
bonomini,1
vicknair,1
buco,1
landram,1
dollak,1
billiel,1
buch,1
buck,1
grifin,1
dollar,1
catacutan,1
tevebaugh,1
rippentrop,1
talone,1
vesperman,1
philbrick,1
demarinis,1
trout,1
wenner,1
friling,1
nolfe,1
chinni,1
savo,1
daste,1
wiszynski,1
savi,1
spartichino,1
gingg,1
fontes,1
troup,1
luckey,1
bubb,1
buba,1
daversa,1
sava,1
baggs,1
rozenberg,1
barriere,1
gindi,1
save,1
steinkuehler,1
calzone,1
dasso,1
freeders,1
finley,1
zamzow,1
prudhomme,1
nolan,1
saur,1
bagge,1
nolau,1
flint,1
hoskey,1
richart,1
dearstyne,1
saul,1
flinn,1
vermeesch,1
flink,1
saum,1
siegwarth,1
ceparano,1
goodheart,1
fling,1
bruchman,1
vandemortel,1
moschella,1
lobner,1
gines,1
giner,1
satz,1
kolenda,1
sato,1
swicegood,1
zagorac,1
hughs,1
weinmann,1
bruzek,1
bagen,1
katin,1
logero,1
cutter,1
hooks,1
agriesti,1
cutten,1
alicia,1
denkins,1
gieseking,1
katis,1
wittmann,1
pettijohn,1
hugle,1
whitiker,1
journeay,1
knepper,1
sass,1
landrey,1
heimerdinger,1
hooke,1
hasselbarth,1
luckie,1
lazarus,1
stepchinski,1
landres,1
litalien,1
kruzewski,1
sumrow,1
marban,1
herder,1
herdes,1
lazarte,1
sary,1
hurban,1
sarr,1
sarp,1
sitterly,1
brancheau,1
saro,1
hoskie,1
aschenbach,1
sark,1
katke,1
gildroy,1
thackxton,1
glaspy,1
sare,1
sugalski,1
karadimas,1
nurnberger,1
bastedo,1
chryst,1
rincon,1
veitinger,1
ocana,1
antista,1
bancks,1
adley,1
honor,1
kirchhofer,1
ocano,1
wallander,1
psuik,1
adler,1
baldino,1
poisso,1
wolfard,1
baldini,1
piacenza,1
christello,1
balding,1
amalfitano,1
tromburg,1
mundinger,1
woodland,1
finlay,1
raymundo,1
terrell,1
sidor,1
alexandria,1
kovaleski,1
bruzas,1
fryberger,1
alicea,1
michniak,1
perris,1
perrin,1
jukich,1
tushoski,1
honma,1
frankenberry,1
alicer,1
drost,1
lickliter,1
ferreyra,1
dross,1
nisbet,1
zarek,1
zaren,1
kelter,1
garcea,1
robeson,1
echegoyen,1
esqueda,1
vonniederhaus,1
fuents,1
noman,1
javier,1
garced,1
delaremore,1
billing,1
drott,1
kasky,1
dominicus,1
fuente,1
ceglinski,1
garces,1
levandowski,1
ginns,1
drong,1
flintroy,1
katten,1
drone,1
manygoats,1
bocock,1
voeks,1
schomberg,1
sorensen,1
bissonette,1
draves,1
phuaphes,1
gladstein,1
berlingeri,1
grossetete,1
sturgeon,1
aurand,1
mccorkindale,1
ansbro,1
schimpf,1
kassa,1
rieman,1
kingson,1
honse,1
watters,1
hilovsky,1
gummersall,1
muggley,1
guzzio,1
toste,1
billiot,1
tosti,1
drook,1
dubbert,1
debreto,1
blackwater,1
shivel,1
shiver,1
tosta,1
pletsch,1
straughn,1
roerig,1
justiss,1
mallinger,1
salquero,1
shives,1
penniman,1
tosto,1
tumolillo,1
samela,1
shumsky,1
samele,1
chaulklin,1
billips,1
vancamp,1
teemer,1
ocamb,1
hertzel,1
fliss,1
tlamka,1
zarin,1
shumski,1
henington,1
kalathas,1
glashen,1
siqueiros,1
nisbit,1
seraiva,1
holthaus,1
piacente,1
whyne,1
shrewsbury,1
dariano,1
stiliner,1
buonanno,1
redburn,1
becton,1
sidur,1
voelz,1
flitt,1
garcia,1
suriel,1
whyms,1
datko,1
waters,1
sturgell,1
perrez,1
williamon,1
kalbaugh,1
kattan,1
perret,1
jentzsch,1
froiland,1
kirchausen,1
murphey,1
dathe,1
marble,1
tosic,1
zambrano,1
losada,1
constance,1
sturgess,1
schrupp,1
cosimini,1
herdon,1
goldsmith,1
losado,1
perron,1
catledge,1
perrot,1
bruzewicz,1
laycock,1
perrow,1
willoughby,1
cleve,1
gnegy,1
kutzner,1
hemmeke,1
terrett,1
keyes,1
penman,1
grieve,1
datil,1
hufty,1
journell,1
stratton,1
klingler,1
ahner,1
castrataro,1
miserendino,1
zambrana,1
delibertis,1
kelton,1
droke,1
innerst,1
encalade,1
legier,1
yeley,1
fuqua,1
ocain,1
kirschbaum,1
sidhu,1
rishty,1
villega,1
kabigting,1
sardina,1
fontus,1
lessner,1
eppolito,1
dates,1
hueser,1
hontz,1
schipper,1
kasun,1
makanani,1
spilker,1
douvia,1
honts,1
valdez,1
delgoda,1
mangaoang,1
scarola,1
toliongco,1
riggleman,1
chockley,1
baskette,1
valdes,1
fornell,1
councill,1
wantuck,1
gaddie,1
neenan,1
kastl,1
whisker,1
dismuke,1
honus,1
gilton,1
clery,1
vanheukelem,1
siminski,1
borelli,1
ekwall,1
borello,1
schrull,1
cardiel,1
gaddis,1
oriley,1
borella,1
vincelette,1
palmiero,1
cattladge,1
palmieri,1
merrbach,1
cardiff,1
ginty,1
shaikh,1
barrieau,1
metropoulos,1
villeda,1
hoeffner,1
parcell,1
weinstein,1
bentrem,1
clerc,1
clerf,1
garcon,1
woock,1
azhocar,1
delahanty,1
cerone,1
clerk,1
adlam,1
ceroni,1
fontanez,1
crumpacker,1
dicostanzo,1
schrunk,1
kleinwolterin,1
klingenberger,1
wassell,1
siphan,1
kostyk,1
boomer,1
hemmert,1
woode,1
sidle,1
shandro,1
muszar,1
mcelmurry,1
noorigian,1
galfayan,1
huppert,1
widger,1
flieller,1
altringer,1
steffani,1
milosch,1
terrero,1
whyel,1
kozeyah,1
tisinger,1
mcaleer,1
bushovisky,1
woody,1
fitgerald,1
vukelj,1
hertzog,1
woods,1
surina,1
nolte,1
barwick,1
lamkin,1
zarro,1
packham,1
honza,1
brelje,1
mackesy,1
joines,1
kahele,1
hollemon,1
calderon,1
ferratella,1
joiner,1
mininger,1
rothenberg,1
cucchiara,1
smolnicky,1
mcadam,1
faulkner,1
bailin,1
kelson,1
sepvlieda,1
cassidy,1
todorovich,1
burglin,1
faulknen,1
cloney,1
danielovich,1
tosch,1
bensberg,1
tredennick,1
yelin,1
tedford,1
chiodi,1
cucchiaro,1
eichert,1
walkington,1
pangilinan,1
gamons,1
chiodo,1
gurrad,1
ogwin,1
grisham,1
kasal,1
pecot,1
pecos,1
simiskey,1
pecor,1
cermak,1
devone,1
tosco,1
picini,1
smoots,1
maillard,1
haaby,1
stritmater,1
turman,1
kretzinger,1
kettenring,1
starling,1
rakestrow,1
newingham,1
batalla,1
noone,1
bailie,1
becvar,1
okeefe,1
valentyn,1
koiner,1
commodore,1
zuehlsdorff,1
yelle,1
holstege,1
sandholm,1
haack,1
schnakenberg,1
grishan,1
jansing,1
auchmoody,1
apadaca,1
hollembaek,1
milhous,1
sparkes,1
devoto,1
mccally,1
styron,1
futch,1
thanpaeng,1
radeke,1
arslanian,1
torralva,1
sosinski,1
roesslein,1
legleu,1
prophete,1
traino,1
hieber,1
dienst,1
jourdain,1
robinault,1
whisman,1
legler,1
devoti,1
luquin,1
westermeier,1
prophett,1
winnett,1
tomaski,1
lenertz,1
toleston,1
tellinghuisen,1
hemming,1
tomasko,1
schaming,1
devost,1
steeber,1
traina,1
devoss,1
abigantus,1
twersky,1
rising,1
radell,1
gockel,1
rafalko,1
zulkowski,1
sosinsky,1
rehrer,1
larocque,1
clemo,1
churchville,1
respress,1
teuscher,1
alberson,1
appello,1
surita,1
hollinger,1
evenson,1
baille,1
rielly,1
deardurff,1
skirvin,1
daubs,1
huezo,1
westmeyer,1
traill,1
gewinner,1
tomasic,1
capuano,1
wydo,1
holdbrook,1
mccalop,1
devora,1
schreckengost,1
devore,1
finizio,1
winners,1
levingston,1
constant,1
ansell,1
bahls,1
phanor,1
welborn,1
dicocco,1
deshner,1
noori,1
dykhuizen,1
lyday,1
shimkus,1
bodison,1
clonch,1
dewitte,1
stockbridge,1
gamotan,1
flinders,1
boelter,1
bailly,1
stinchfield,1
parthemer,1
holen,1
rouillard,1
cafarella,1
anselm,1
hartless,1
cafarelli,1
pasqualetti,1
holec,1
klinkhammer,1
jennifer,1
campain,1
holey,1
vittum,1
shirts,1
vallecillo,1
camancho,1
cassino,1
holes,1
antenor,1
deppe,1
mcanally,1
kinart,1
chioma,1
teachman,1
kasik,1
wyer,1
widera,1
eakles,1
datri,1
holda,1
angarola,1
rykaczewski,1
kinard,1
dasinger,1
holdy,1
sontag,1
mackell,1
gimar,1
buckridge,1
ostiguy,1
chiola,1
holdt,1
kirgan,1
ubiles,1
poynor,1
miesner,1
simington,1
freiling,1
cereghino,1
spitler,1
bailon,1
espaillat,1
berlinghof,1
freilino,1
bloomstrand,1
whyte,1
bailor,1
demshar,1
clear,1
yafuso,1
marrapodi,1
galimberti,1
fiscus,1
hofstra,1
cleal,1
charfauros,1
mthimunye,1
bratek,1
rodefer,1
nirenberg,1
guffey,1
hufft,1
cabotage,1
lyden,1
datta,1
datte,1
casparian,1
goluba,1
kaska,1
cariaga,1
kielman,1
tomasek,1
haake,1
chiong,1
humburg,1
kolsrud,1
lacatena,1
torti,1
steedley,1
fiumefreddo,1
campana,1
holstein,1
hosley,1
holak,1
svinth,1
staten,1
mcfadyen,1
herklotz,1
youkhana,1
kasch,1
hosler,1
tortu,1
rulnick,1
dehaven,1
wewerka,1
holan,1
wyke,1
giampapa,1
depuy,1
pecha,1
okamoto,1
persch,1
mcsweeney,1
sellinger,1
schulder,1
rieley,1
hetherington,1
peche,1
sandhoff,1
kasee,1
snowdon,1
strasburg,1
minnaert,1
depue,1
grandmont,1
pigue,1
jimerson,1
dillmore,1
leslie,1
sefcheck,1
pecht,1
dimitriadis,1
lydia,1
burakowski,1
odonoghue,1
coyazo,1
kasey,1
pecka,1
holleman,1
wyly,1
holch,1
bandel,1
holck,1
langlands,1
laffoon,1
kasel,1
salvatori,1
kasen,1
stetzel,1
baher,1
seal,1
risien,1
cleek,1
sean,1
maciejko,1
fougere,1
meetze,1
salvatore,1
kaser,1
lydic,1
yellowhair,1
potolsky,1
wieciech,1
guffin,1
hickingbottom,1
rabbitt,1
astarita,1
valant,1
ballance,1
persad,1
kowallis,1
kasparek,1
bodenstein,1
landucci,1
clegg,1
freman,1
bahde,1
pasion,1
leyendecker,1
mackerl,1
mcadoo,1
konishi,1
campany,1
strycker,1
marean,1
mackert,1
podrasky,1
haage,1
haaga,1
seba,1
freilich,1
bandle,1
shryock,1
terazes,1
arambuia,1
glenister,1
karns,1
sebo,1
mccorison,1
siano,1
samber,1
ivan,1
sear,1
seat,1
karol,1
kezele,1
orzechowski,1
brisby,1
cullens,1
seay,1
haare,1
geffken,1
sitterud,1
katsuda,1
mammano,1
proksch,1
cazeau,1
boruvka,1
griggs,1
brisco,1
kachmar,1
klickman,1
goetzinger,1
mareno,1
turnbill,1
valentia,1
truskowski,1
valentin,1
mcmillan,1
poyner,1
furgason,1
fauble,1
rojero,1
trost,1
lingefelt,1
daunt,1
states,1
bocanegra,1
stater,1
haass,1
youngkin,1
gilarski,1
duster,1
arbuthnot,1
kammerer,1
senneker,1
caravetta,1
depew,1
huizar,1
shahan,1
seda,1
gunnerson,1
bahar,1
trotz,1
holder,1
youngerman,1
kelsay,1
avinger,1
holden,1
seed,1
trott,1
carville,1
lesley,1
salzano,1
dannelley,1
seen,1
esposto,1
torry,1
seel,1
seek,1
karow,1
baham,1
oller,1
sedy,1
bandin,1
troth,1
torra,1
karpf,1
karpe,1
gahlman,1
haase,1
torre,1
krill,1
childress,1
mackeen,1
siami,1
janofsky,1
torri,1
sturwold,1
wesely,1
gleghorn,1
atherley,1
desormeaux,1
tromp,1
kington,1
unnewehr,1
zarrillo,1
krieg,1
ivel,1
mcfolley,1
torma,1
brechbiel,1
warholic,1
sees,1
krier,1
xaimoungkhoun,1
ives,1
cullers,1
bergreen,1
kriek,1
brickson,1
huels,1
sego,1
hieatt,1
heraty,1
ivey,1
darrough,1
tennant,1
karim,1
karin,1
huell,1
persky,1
tront,1
herauf,1
penigar,1
alawdi,1
kelsch,1
mcmillen,1
trone,1
mcmiller,1
vecellio,1
chorley,1
klingman,1
sehr,1
glasow,1
karls,1
steiger,1
riggles,1
eelkema,1
ulberg,1
popejoy,1
persia,1
rawhoof,1
cofresi,1
torok,1
kirschenman,1
herard,1
sehl,1
capurro,1
troop,1
karma,1
mcalevy,1
majerowski,1
niedzwiedz,1
lymaster,1
zoltek,1
karmo,1
galathe,1
torno,1
femrite,1
skarke,1
pecci,1
seit,1
brauch,1
newgent,1
kelsey,1
hofmeister,1
fremin,1
camera,1
seip,1
arambula,1
seim,1
sein,1
ollig,1
grigas,1
strutynski,1
merklin,1
seil,1
lefurgy,1
tropp,1
ollie,1
arambulo,1
camero,1
seif,1
emeche,1
seid,1
hunnicutt,1
redemer,1
seib,1
thrush,1
stockley,1
dause,1
karle,1
oehlschlager,1
chinzi,1
ollis,1
oberhelman,1
nuessle,1
przybycien,1
seiz,1
huewe,1
koeck,1
person,1
zasso,1
valado,1
soppeland,1
pankake,1
dinizio,1
pledger,1
wakenight,1
valade,1
fabros,1
ronhaar,1
troia,1
ivie,1
harland,1
ridenhour,1
windham,1
scheperle,1
thigpen,1
westberg,1
leverenz,1
sinnott,1
vittek,1
mcmillin,1
bialecki,1
dorsinville,1
daudt,1
gombert,1
seki,1
zmek,1
fremon,1
plowden,1
keirstead,1
ouellete,1
kevan,1
carberry,1
skrebes,1
billman,1
krise,1
harvley,1
buboltz,1
hyzer,1
shahin,1
dauer,1
berstein,1
shahim,1
formento,1
blanding,1
glasby,1
serafin,1
sarnes,1
self,1
krist,1
menninger,1
schmille,1
kriss,1
troke,1
sele,1
shoeman,1
vonseeger,1
blandino,1
wilfahrt,1
lazares,1
cornmesser,1
switcher,1
reudink,1
mccalla,1
meyerhofer,1
sell,1
selk,1
hysinger,1
gomberg,1
hodnefield,1
kritz,1
selz,1
arocho,1
acierno,1
aroche,1
compos,1
staton,1
marett,1
stockwell,1
whisler,1
spurger,1
whildin,1
santhuff,1
dauge,1
semo,1
dudasik,1
faubus,1
vernet,1
gimse,1
astwood,1
shahid,1
troll,1
alescio,1
verner,1
diener,1
koopman,1
dienes,1
calderin,1
merkley,1
seng,1
calvino,1
senf,1
valgren,1
vankirk,1
potocnik,1
senk,1
ducker,1
karsh,1
cormany,1
umholtz,1
grieves,1
karst,1
weckman,1
mccormick,1
duckey,1
sena,1
darrell,1
skarda,1
thigpin,1
senz,1
karry,1
tomasso,1
napolitano,1
senn,1
arocha,1
gifford,1
tousley,1
holtzclaw,1
hueso,1
mcweeney,1
sens,1
bezzo,1
kring,1
drawec,1
almeda,1
flummer,1
camell,1
marero,1
mccaleb,1
cameli,1
herald,1
drawdy,1
birdsall,1
glasco,1
karro,1
galmore,1
walrath,1
camelo,1
bailer,1
tomassi,1
synakowski,1
cartlidge,1
bailes,1
huett,1
bailey,1
countryman,1
troff,1
ottalagano,1
bellemare,1
statum,1
devoll,1
torda,1
doffing,1
chalupa,1
maresh,1
ahmed,1
troge,1
ximines,1
dustin,1
turbide,1
depaz,1
evensen,1
barzey,1
sepe,1
kellenberger,1
devoid,1
cariaso,1
karty,1
vlashi,1
ollar,1
kelsoe,1
bachtel,1
sauriol,1
sept,1
sambor,1
ivon,1
cardamone,1
langmaid,1
torey,1
karth,1
wolak,1
pfrommer,1
vernia,1
merchant,1
troha,1
torez,1
krips,1
glaser,1
toren,1
camejo,1
spurgin,1
leverett,1
raleigh,1
risius,1
tores,1
turmel,1
hornstrom,1
habersham,1
gubala,1
pfifer,1
homan,1
bandyk,1
dobrosky,1
cuozzo,1
broe,1
brod,1
campbel,1
tyndall,1
staelens,1
baitg,1
brog,1
tamminen,1
bron,1
charleton,1
woldt,1
brom,1
horabik,1
qasba,1
feistner,1
ungaro,1
crislip,1
milberger,1
broy,1
broz,1
toran,1
martsolf,1
brow,1
todaro,1
brox,1
meeske,1
gornikiewicz,1
fishbaugh,1
lourentzos,1
raddle,1
baise,1
laliotis,1
lammey,1
beckett,1
baish,1
chiphe,1
freiheit,1
galarza,1
penniston,1
kocik,1
bertelson,1
bairo,1
rulison,1
dagesse,1
bruenderman,1
starrs,1
lechleidner,1
mcquiddy,1
henninger,1
jastrebski,1
ciarlo,1
paddick,1
haering,1
starry,1
greenblatt,1
bonnette,1
tsukamoto,1
vernoy,1
sibal,1
kerzman,1
ahmad,1
berrigan,1
doljac,1
scow,1
scot,1
sangasy,1
steiert,1
brasil,1
baird,1
birdwell,1
bristo,1
cerney,1
romaniszyn,1
henrey,1
ahmau,1
scoh,1
biggins,1
chilcutt,1
bacigalupo,1
zaccaria,1
lammel,1
potaczala,1
bacigalupi,1
vernon,1
detrich,1
zampella,1
frederickson,1
herbin,1
mcnamee,1
wearing,1
eyster,1
beckert,1
beckers,1
warling,1
leomiti,1
startt,1
mcnamer,1
mathwich,1
vinger,1
startz,1
wolff,1
vogan,1
dettmann,1
detrick,1
herbig,1
lydecker,1
musielak,1
wolfe,1
flegle,1
angland,1
fusch,1
fiscal,1
mahabir,1
marcum,1
saldibar,1
diemoz,1
studniarz,1
grossenbacher,1
glessner,1
fusca,1
aliano,1
schmidbauer,1
appenzeller,1
purinton,1
whilden,1
wolin,1
cormack,1
fusco,1
meitzler,1
spitz,1
obrion,1
davda,1
kvaternik,1
cloman,1
persyn,1
lattanzio,1
trahin,1
sanchirico,1
mcrenolds,1
bains,1
vonbank,1
ornedo,1
thruston,1
dimoulakis,1
marcus,1
alsaqri,1
zanueta,1
baine,1
dercole,1
aymond,1
brus,1
brum,1
leichner,1
brun,1
spiva,1
breakey,1
bruk,1
fagerquist,1
wolke,1
cutrer,1
musante,1
brug,1
kennemer,1
bruh,1
ratsep,1
holze,1
brue,1
kever,1
enockson,1
casamayor,1
brevard,1
canestraro,1
vogds,1
wunner,1
kukowski,1
breaker,1
rapuano,1
lammie,1
deatley,1
chiarelli,1
voetsch,1
davaz,1
herber,1
baima,1
chiarello,1
nanton,1
chiarella,1
herbel,1
iracheta,1
becwar,1
esplin,1
baily,1
brenaman,1
pedro,1
voges,1
scro,1
pedri,1
baile,1
scheman,1
vogel,1
birkenhagen,1
duston,1
harrelson,1
britcher,1
belezos,1
granthan,1
grantham,1
gurske,1
nones,1
finnin,1
gurski,1
noethiger,1
fusha,1
klaphake,1
fauber,1
dejohn,1
courchene,1
faubel,1
wolma,1
guiltner,1
gursky,1
ebaugh,1
widdop,1
pleiman,1
brasch,1
audelhuk,1
mettille,1
jenniges,1
thoresen,1
hermanns,1
milhoan,1
parrott,1
brasby,1
dejoie,1
burgman,1
tishler,1
gareau,1
spadafino,1
cedrone,1
krick,1
finnie,1
izard,1
turkus,1
traher,1
wolle,1
carratala,1
rieken,1
chipps,1
maertz,1
rieker,1
obrist,1
merchen,1
mcmanemy,1
matranga,1
sellers,1
beuttel,1
campble,1
pravata,1
chorney,1
fredericksen,1
spira,1
boehringer,1
kribs,1
rivadeneira,1
karel,1
skibski,1
spire,1
karen,1
pillsbury,1
huehn,1
bryk,1
chatt,1
azotea,1
kocon,1
ollom,1
garverick,1
armentrout,1
brisky,1
southward,1
brys,1
burland,1
mansmith,1
spiro,1
obermoeller,1
pedez,1
holohan,1
telecky,1
wolny,1
izatt,1
thrune,1
crittenden,1
marden,1
zaugg,1
karge,1
brye,1
lycan,1
haboush,1
mcinally,1
spirk,1
bryd,1
pizzino,1
briski,1
kubinski,1
mulligan,1
arenales,1
ovsanik,1
flegel,1
elvsaas,1
marder,1
pizzini,1
frichette,1
spiry,1
saalfrank,1
demaggio,1
picotte,1
shafto,1
sercovich,1
spike,1
gidley,1
brozina,1
spika,1
homen,1
badertscher,1
mcilroy,1
baumert,1
torrance,1
zybia,1
karcz,1
kalinger,1
fewless,1
aliaga,1
homer,1
scorzelli,1
homes,1
weirather,1
karch,1
hosmer,1
hamlett,1
neelly,1
kithcart,1
mcquay,1
schoepfer,1
hagans,1
urizar,1
brownlow,1
fussner,1
azahar,1
burlage,1
ormsbee,1
heizer,1
olfers,1
langenbach,1
iriarte,1
dejong,1
yarnall,1
giles,1
wolpe,1
trahan,1
compau,1
koncan,1
thalacker,1
staenglen,1
jacobi,1
kaplowitz,1
karau,1
mavins,1
ahnell,1
sigmund,1
grothen,1
karam,1
allenbrand,1
galvani,1
dormanen,1
galvano,1
karas,1
penagos,1
jacoby,1
bourraine,1
kocka,1
alleyne,1
brasel,1
jacobs,1
fusik,1
spina,1
jacobo,1
baier,1
gilbo,1
wenskoski,1
pertea,1
spine,1
bazydlo,1
newkirk,1
pertee,1
brison,1
flegal,1
nantwi,1
spink,1
spino,1
spinn,1
mcnamar,1
laboissonnier,1
clacher,1
neelon,1
homby,1
micheli,1
thiara,1
michell,1
michels,1
gilio,1
wittnebel,1
kennelly,1
mccamey,1
krumbein,1
akins,1
iiams,1
pratley,1
wernicki,1
sengstock,1
woltz,1
iannuzzi,1
hrapski,1
rakich,1
podlas,1
crittendon,1
hosman,1
tidrick,1
fuson,1
nuanes,1
buckmiller,1
adjei,1
ramnarase,1
oshaughnessy,1
michela,1
brents,1
brentz,1
holom,1
foersterling,1
michele,1
galaska,1
sanville,1
carrizal,1
cassity,1
baich,1
mcaboy,1
edminster,1
trivitt,1
rakestraw,1
holly,1
cassius,1
schelle,1
staser,1
hershnowitz,1
schutjer,1
stackhouse,1
ehlert,1
ehlers,1
wyne,1
holme,1
zapanta,1
packett,1
rayhel,1
brownlie,1
ricenberg,1
sivertsen,1
hollo,1
veroba,1
thoreson,1
stogner,1
rinard,1
pruit,1
wyms,1
schoultz,1
wessels,1
davos,1
druetta,1
wessell,1
defilippis,1
mlynek,1
stagowski,1
holcey,1
brad,1
jargas,1
wynn,1
gietzen,1
brah,1
biscardi,1
lobley,1
brak,1
holms,1
justen,1
bram,1
bran,1
luczkowiak,1
bray,1
widell,1
bicklein,1
braz,1
poulton,1
holka,1
brau,1
yglesias,1
poinsette,1
cassion,1
schlenger,1
mccaman,1
orines,1
pedde,1
zatko,1
brar,1
bras,1
hayhurst,1
pigna,1
herbst,1
oestreicher,1
aleizar,1
matsuda,1
student,1
oakland,1
wyss,1
lemmings,1
sluter,1
spigelman,1
holje,1
selander,1
gilvin,1
holle,1
finner,1
kocur,1
holla,1
finney,1
mehdizadeh,1
pilloud,1
peden,1
gills,1
gilly,1
caveney,1
shadwick,1
ahlin,1
stasio,1
eddie,1
schells,1
bologna,1
jakupcak,1
brinsfield,1
smutz,1
cavener,1
finnel,1
gille,1
cantabrana,1
wonderling,1
peddy,1
stasik,1
antenucci,1
finnen,1
blagman,1
vogus,1
hausrath,1
coghill,1
plemons,1
booker,1
ounsy,1
mardis,1
wyre,1
rossnagel,1
ivancevic,1
paynter,1
vaughn,1
papranec,1
julsrud,1
trnka,1
akima,1
sible,1
vaught,1
sarafin,1
obrian,1
atterson,1
rissell,1
brownlee,1
brownley,1
vogts,1
madayag,1
gobeille,1
merithew,1
pucillo,1
brea,1
studeny,1
neeley,1
pruna,1
wyse,1
aspinwall,1
gogocha,1
dibbern,1
justak,1
tomasello,1
hermance,1
wonders,1
bren,1
brem,1
inches,1
tomaselli,1
stasko,1
skrobacki,1
bree,1
shipton,1
brei,1
kressierer,1
yengo,1
shaggy,1
chamberlian,1
chmelik,1
movlin,1
phanco,1
gongalez,1
edmonston,1
derousselle,1
spainhower,1
pigat,1
eldringhoff,1
warlick,1
locknane,1
sumter,1
brez,1
galasso,1
mccoppin,1
brey,1
brew,1
breu,1
milhorn,1
borriello,1
lockwood,1
blystone,1
kennelty,1
ramroop,1
lammon,1
scharmer,1
grotelueschen,1
prude,1
krasnici,1
landoni,1
klingner,1
delaware,1
galassi,1
younglas,1
silverman,1
ahles,1
ahler,1
giannini,1
davin,1
marbley,1
barriger,1
meeter,1
david,1
hofstad,1
davie,1
mihalkovic,1
douthitt,1
arriola,1
fiscel,1
davia,1
hobkirk,1
garett,1
eslick,1
davey,1
obrien,1
stimson,1
holts,1
davel,1
holtz,1
stasny,1
menchavez,1
agtarap,1
daven,1
daves,1
holub,1
solberg,1
lanigan,1
hyacinthe,1
sither,1
renison,1
kincey,1
kincer,1
gunkel,1
pecue,1
lechel,1
roepke,1
fuhrman,1
jezierski,1
brim,1
micheau,1
brin,1
lambdin,1
callarman,1
stockman,1
lecher,1
ashline,1
womac,1
brix,1
brenna,1
pigao,1
micheal,1
beltrami,1
diemer,1
beltrame,1
shimizu,1
beltramo,1
rehrig,1
bria,1
talarico,1
vandeventer,1
seburg,1
kohatsu,1
wolkowski,1
trybala,1
rohrbaugh,1
ketring,1
podmore,1
steifle,1
prugh,1
kuakini,1
hudok,1
crisler,1
maikoksoong,1
sivertson,1
hudon,1
percival,1
fischl,1
granfield,1
grandusky,1
gadbaw,1
smull,1
briz,1
panameno,1
hartlein,1
stockmaster,1
pasternak,1
tewksbury,1
greenway,1
mixson,1
citarella,1
mcnally,1
bahun,1
holst,1
quizon,1
gushiken,1
shetrawski,1
fastlaben,1
underhill,1
barrigan,1
piggs,1
holte,1
kewal,1
frelow,1
stflorant,1
burlaza,1
matsumura,1
wyze,1
farella,1
davis,1
disque,1
bahrs,1
walczynski,1
skyers,1
goltry,1
verone,1
deutschendorf,1
bahri,1
holpp,1
gearheart,1
daricek,1
niemietz,1
landolt,1
goltra,1
ronfeldt,1
justis,1
bridendolph,1
justin,1
anglade,1
ogutu,1
landolf,1
women,1
duesterhaus,1
gugerty,1
pizzico,1
turley,1
potestio,1
hannibal,1
beltrain,1
azapinto,1
verona,1
stassi,1
anglada,1
gianopulos,1
everheart,1
vogle,1
sibel,1
damis,1
zeis,1
fontelroy,1
maver,1
gruben,1
cichy,1
gruber,1
paolello,1
kapanke,1
wilbanks,1
swatsworth,1
verrecchia,1
maves,1
enock,1
ghia,1
bayard,1
enoch,1
hirschhorn,1
traynham,1
hershenson,1
tercero,1
enderson,1
greynolds,1
cicio,1
babine,1
skevofilakas,1
seuell,1
zatorski,1
sircy,1
rushing,1
samra,1
intermill,1
gradillas,1
vogtman,1
falkenstein,1
grubel,1
wegley,1
galeas,1
wetherell,1
biernacki,1
plascencia,1
gamelin,1
blimka,1
cantakis,1
paterno,1
clouden,1
banwell,1
esty,1
manderson,1
ducasse,1
acquilla,1
breiten,1
georgevic,1
breiter,1
zaltz,1
perazzo,1
hinegardner,1
inaba,1
ghil,1
zentgraf,1
riegler,1
paulmino,1
ghio,1
wierman,1
bayani,1
grubbs,1
zema,1
lackner,1
sidberry,1
lingren,1
degasperis,1
erbstein,1
volbrecht,1
zele,1
kalich,1
sirak,1
iwaoka,1
zieske,1
bellflower,1
zell,1
braxton,1
versteeg,1
spaar,1
weglin,1
eichholz,1
krompel,1
weitzner,1
musser,1
determan,1
zeek,1
mavai,1
trucchio,1
stocco,1
mussen,1
kurkowski,1
dames,1
zeeb,1
mussel,1
kourkoumellis,1
kotrba,1
destiche,1
yakulis,1
essa,1
ghea,1
thuney,1
heggood,1
spence,1
cardwell,1
palese,1
mondone,1
mattews,1
cicen,1
crepeau,1
cunniff,1
hamparian,1
argust,1
ellington,1
zeff,1
iuliano,1
feister,1
gavina,1
carasquillo,1
stecklein,1
bixler,1
everett,1
mcenaney,1
eguia,1
cutsinger,1
cunnick,1
cohran,1
bealle,1
caillouet,1
jarnesky,1
svob,1
espe,1
pinnow,1
gamello,1
wasielewski,1
bayala,1
everest,1
hanning,1
samul,1
zega,1
espy,1
sillavan,1
ochakovsky,1
mormann,1
whiby,1
shillingsford,1
bezner,1
colebank,1
cherchio,1
zehr,1
rushiti,1
modugno,1
ghee,1
kazunas,1
niehaus,1
oviedo,1
siren,1
wobbleton,1
throneburg,1
mclanahan,1
paukstis,1
zehe,1
sirek,1
longden,1
mossing,1
lovenbury,1
branigan,1
hickonbottom,1
sires,1
skewis,1
howkins,1
opyd,1
theule,1
caulley,1
jacks,1
sirls,1
silbiger,1
jacko,1
kirstein,1
jilek,1
malito,1
dumbleton,1
ertley,1
desanctis,1
jacka,1
jiles,1
mellison,1
felder,1
brobst,1
tenerowicz,1
yeakley,1
labitan,1
mynnerlyn,1
sirko,1
rensen,1
dominion,1
momsen,1
hamburger,1
shoulders,1
strackbein,1
nwankwo,1
dampf,1
mikulec,1
carpinelli,1
matros,1
moskal,1
hochstedler,1
lutman,1
pellietier,1
carpinello,1
moskau,1
longendyke,1
mondoux,1
gettens,1
samyn,1
zentz,1
steverson,1
spach,1
doten,1
periera,1
zents,1
houseworth,1
space,1
egure,1
whipp,1
tomlin,1
krasner,1
babish,1
zeck,1
zech,1
rensch,1
sluder,1
sasnett,1
sprenger,1
styborski,1
brazington,1
gunzenhauser,1
misemer,1
teeter,1
roessler,1
sobolewski,1
spada,1
boykins,1
spade,1
sirin,1
spady,1
eberhardt,1
eska,1
fussell,1
arguin,1
ghan,1
livermon,1
eske,1
racicot,1
trulock,1
ezdebski,1
coskey,1
single,1
jacox,1
feyereisen,1
grubba,1
kuzmanic,1
jacot,1
yerhot,1
cabrar,1
debroux,1
damme,1
glazer,1
spain,1
cabral,1
hollenbeck,1
tramell,1
pinnix,1
damms,1
bradford,1
dudman,1
caison,1
bartosiewicz,1
tyrrell,1
sabataso,1
erceg,1
fribley,1
ercek,1
beales,1
jacob,1
bealer,1
starkweather,1
hilvers,1
nazarian,1
holgate,1
lelonek,1
spake,1
caposole,1
gonseth,1
brinkmann,1
babino,1
nemoede,1
eichhorn,1
watson,1
velazguez,1
waltenbaugh,1
ibbotson,1
brantingham,1
damon,1
barretta,1
mondoza,1
musson,1
barrette,1
vodopich,1
while,1
wappel,1
chaviano,1
pocai,1
grinnell,1
mcconahy,1
mossien,1
regester,1
endersbe,1
wendland,1
siron,1
goldyn,1
sirna,1
unrein,1
svec,1
spahn,1
kinzinger,1
spahr,1
bonifield,1
gemmen,1
goldschmidt,1
gemmel,1
mauzy,1
johann,1
breutzman,1
lavalle,1
stieglitz,1
nearing,1
grosvenor,1
kinnebrew,1
barretto,1
lavalla,1
nottingham,1
gemmer,1
bunal,1
mumaugh,1
spaid,1
netherton,1
ruffini,1
zalar,1
mikulski,1
maddaloni,1
buman,1
samad,1
ruffino,1
gosnell,1
ruffins,1
pangelina,1
burchfiel,1
mcquaide,1
patino,1
petalcu,1
schlumaker,1
samay,1
marcellino,1
samas,1
zamperini,1
caisse,1
bumba,1
spann,1
lashute,1
jorge,1
spano,1
hurless,1
spane,1
schnitzler,1
spang,1
maurizio,1
kurihara,1
goldak,1
jancik,1
stipetich,1
albergotti,1
albino,1
zachry,1
spana,1
muraoka,1
albini,1
zumsteg,1
sausedo,1
zeoli,1
sauseda,1
builes,1
vidaurri,1
defabio,1
kalish,1
klemanski,1
peskind,1
svay,1
guerrieri,1
gierhart,1
dominiguez,1
esch,1
guerriero,1
matteis,1
moyse,1
demille,1
scholtens,1
lashure,1
spall,1
esco,1
mainville,1
yanagi,1
galdon,1
watsky,1
switzer,1
tworek,1
schendel,1
picazo,1
jordt,1
hodson,1
cazorla,1
hallstrom,1
troglen,1
bumby,1
ginkel,1
jorda,1
ruffing,1
jorde,1
sames,1
heitner,1
jimbo,1
samet,1
doshi,1
samek,1
hellyer,1
grippo,1
heinrichs,1
kalima,1
grippi,1
krzyston,1
marsette,1
ellifritz,1
montaque,1
ellifritt,1
selkey,1
spart,1
gracely,1
sparr,1
middlemiss,1
kubala,1
dagraca,1
riogas,1
grippe,1
grotzinger,1
argudo,1
spara,1
compton,1
bleything,1
conkright,1
fixico,1
spare,1
meagher,1
esaw,1
delaporte,1
esau,1
robichard,1
spark,1
catherine,1
shikles,1
shininger,1
jadin,1
paladin,1
kiehne,1
bourgault,1
mavro,1
schissel,1
nabers,1
godleski,1
wisecup,1
nagode,1
nietfeldt,1
robichaud,1
heiskell,1
ringler,1
kakowski,1
kittner,1
poche,1
matsko,1
joris,1
tavorn,1
defaber,1
ritthaler,1
robichaux,1
nannini,1
lozowski,1
westhouse,1
ringley,1
swager,1
falzon,1
kalina,1
sengupta,1
sneider,1
goehringer,1
mehling,1
luebbert,1
moskop,1
monrreal,1
luebbers,1
moskos,1
samec,1
bouliouris,1
troglin,1
domhoff,1
redington,1
brothen,1
versace,1
apelian,1
blindt,1
cohron,1
ayudan,1
nauarro,1
scowden,1
vanhise,1
danas,1
zerr,1
stanford,1
durelli,1
mandelik,1
gabrielli,1
chennault,1
pniewski,1
samit,1
danca,1
shadoan,1
dauphinais,1
jandreau,1
studyvance,1
angeletti,1
tomkus,1
danby,1
spaur,1
matters,1
ennis,1
danco,1
mattern,1
strojny,1
mattera,1
mezza,1
moyle,1
goldin,1
dobrich,1
dance,1
dusenbury,1
zera,1
leynes,1
girling,1
bahrke,1
wegman,1
hunckler,1
orsini,1
zeto,1
honanie,1
krapfl,1
spatz,1
vertrees,1
weisberg,1
lianes,1
burgdorf,1
zets,1
orsino,1
gerster,1
rankins,1
dancy,1
boulware,1
spaun,1
kratowicz,1
kormann,1
dando,1
wadford,1
schettler,1
gerritsen,1
sellmeyer,1
cicco,1
isett,1
rattanasinh,1
picaro,1
wynkoop,1
ancheta,1
morneault,1
mittendorf,1
samia,1
scarpitto,1
sorrick,1
dandy,1
picart,1
samii,1
kupfer,1
gersten,1
brauning,1
daner,1
danes,1
spath,1
galletti,1
scarpitta,1
picard,1
danek,1
galletta,1
crigger,1
zeno,1
wischmeier,1
grella,1
interrante,1
liebenow,1
zenk,1
kveen,1
weatherall,1
stobie,1
zeng,1
herrero,1
zeni,1
gerstle,1
grahovac,1
caprario,1
brossman,1
matsen,1
suri,1
tricamo,1
versage,1
suro,1
poremba,1
grandolfo,1
samms,1
zenz,1
sura,1
mcqueeney,1
zens,1
faurote,1
cappucci,1
zent,1
cawein,1
hineman,1
goldey,1
ennen,1
samok,1
mikels,1
reppucci,1
prueter,1
quicksey,1
henzel,1
kytle,1
zeme,1
mikell,1
borwig,1
zena,1
susi,1
hearing,1
wannamaker,1
weiskopf,1
plantenga,1
krumins,1
kalafut,1
habben,1
arnette,1
susa,1
tierney,1
ennes,1
golder,1
mavis,1
holycross,1
golden,1
bumps,1
ashdown,1
zepp,1
joncas,1
ursery,1
darnall,1
zepf,1
drybread,1
spayd,1
goldie,1
suss,1
polaco,1
luhring,1
suto,1
strieker,1
woolman,1
skolnik,1
moyet,1
moyes,1
moyer,1
fruehling,1
wiesneski,1
cotterell,1
mavle,1
nienaber,1
pfleuger,1
sutt,1
mandella,1
liscomb,1
polack,1
maxedon,1
gotowka,1
brewer,1
herrera,1
zieser,1
zingaro,1
brewen,1
moskwa,1
leipold,1
ibsen,1
dalin,1
dalio,1
dudley,1
ewings,1
yurchak,1
haberer,1
salon,1
orff,1
pernice,1
omarah,1
julson,1
vannostrand,1
breisch,1
coslan,1
braitman,1
jeffirs,1
orey,1
iseli,1
steib,1
ores,1
kluz,1
mozee,1
leinonen,1
jabbie,1
mitman,1
stehr,1
oreb,1
oree,1
herrell,1
wilmont,1
byran,1
brownsworth,1
oren,1
byram,1
pluvoise,1
suon,1
kockler,1
natwick,1
connley,1
sinquefield,1
nothacker,1
sisco,1
malusky,1
orem,1
henline,1
almeida,1
awong,1
weaber,1
orea,1
dastrup,1
ertl,1
hudecek,1
blinka,1
stein,1
mozer,1
kolupke,1
klug,1
steir,1
klus,1
ertz,1
suns,1
poehler,1
martenson,1
blinks,1
sunn,1
klun,1
steik,1
steil,1
lautenbach,1
mongomery,1
thuman,1
mozga,1
sund,1
murtagh,1
lackman,1
sung,1
grodski,1
salos,1
mckirgan,1
bulow,1
torain,1
rockholt,1
daley,1
zierke,1
bienek,1
orce,1
luppino,1
verbeck,1
sump,1
biener,1
knapper,1
rockhold,1
dales,1
erne,1
daleo,1
suma,1
broady,1
dalen,1
ertman,1
erno,1
robbins,1
vanacore,1
klinner,1
stele,1
wunderlich,1
salsa,1
sumi,1
lupino,1
casado,1
laverriere,1
stelb,1
griffeth,1
cleveland,1
hammang,1
dalee,1
casada,1
knudsen,1
walner,1
hammann,1
sult,1
broadnax,1
barabin,1
broadnay,1
hammans,1
ellingson,1
lakner,1
catrini,1
griglen,1
luxenberg,1
carlsley,1
oras,1
sulc,1
bemiss,1
hotelling,1
sule,1
rimando,1
oran,1
misenti,1
cristal,1
proano,1
oram,1
stell,1
stelk,1
piatkowski,1
gianikas,1
broach,1
oestmann,1
tiernan,1
kittredge,1
byrer,1
mester,1
stutzman,1
zingale,1
neagle,1
saltz,1
blacio,1
siska,1
midden,1
stene,1
siske,1
haberle,1
caires,1
erps,1
mccandless,1
yerger,1
salum,1
stemm,1
vanveen,1
stemp,1
maschino,1
krampitz,1
deromer,1
hrabovsky,1
imondi,1
amirault,1
salus,1
dalby,1
skowronski,1
mozak,1
stenz,1
thatcher,1
silguero,1
iseri,1
frondorf,1
eroh,1
atkeson,1
klos,1
salta,1
eron,1
sachetti,1
salte,1
eros,1
frasier,1
soellner,1
dalba,1
pahulu,1
wedding,1
lapete,1
deleonardis,1
stenn,1
suit,1
stent,1
petesic,1
erdos,1
salts,1
casady,1
skrzypinski,1
wilabay,1
lusignan,1
suhr,1
kloc,1
zartman,1
bielecki,1
umbrell,1
bluitt,1
maderios,1
herskovic,1
saviola,1
fiducia,1
hazlegrove,1
gupton,1
douga,1
kliebert,1
ekstein,1
tungate,1
pigeon,1
dewilde,1
dalpe,1
colvin,1
callagy,1
lancour,1
sisko,1
renter,1
salvo,1
sugg,1
stepp,1
vermette,1
baisten,1
lassen,1
brennick,1
erin,1
geimer,1
seufert,1
schuessler,1
salvi,1
mosley,1
mccrobie,1
mosler,1
feldmann,1
kupetz,1
balwin,1
erie,1
salva,1
eric,1
inocente,1
harbison,1
garnham,1
matson,1
stripling,1
longcor,1
modisette,1
yergin,1
opper,1
pulham,1
fischman,1
autovino,1
pestka,1
oppel,1
dravland,1
mestre,1
gubser,1
suga,1
lassan,1
rattner,1
haffey,1
byrge,1
douin,1
sterk,1
callado,1
arnesen,1
cheevers,1
hewgley,1
sison,1
erle,1
gutiennez,1
janeczko,1
suen,1
ajoku,1
kresal,1
stern,1
eilderts,1
verbeke,1
sterr,1
rugama,1
ziebert,1
lamoureux,1
kessenich,1
zuccarelli,1
mosimann,1
oflynn,1
cafasso,1
postley,1
erke,1
picado,1
suet,1
casali,1
stelmach,1
wimbley,1
kronberg,1
huffmaster,1
stelmack,1
laudeman,1
freggiaro,1
sudo,1
casale,1
cosley,1
derosset,1
postles,1
titsworth,1
colver,1
swafford,1
dushane,1
purswell,1
anetsberger,1
sehgal,1
douce,1
ilagan,1
pruette,1
mederos,1
cidre,1
november,1
rentar,1
ziebell,1
rentas,1
such,1
bumford,1
geiman,1
salzl,1
dalla,1
chanady,1
antinarelli,1
sposito,1
stetz,1
klis,1
dally,1
barabas,1
olten,1
baraban,1
senay,1
steinkellner,1
byrne,1
suda,1
soeder,1
casano,1
mezey,1
dalke,1
bourquin,1
watton,1
corallo,1
douet,1
nevills,1
birdette,1
hammatt,1
trautwein,1
dalka,1
steve,1
steffensen,1
ingalsbe,1
reitmeyer,1
pulgarin,1
suby,1
kresge,1
josue,1
mcmurtry,1
costella,1
jaroski,1
matsui,1
lawther,1
ringquist,1
pester,1
douds,1
hartfiel,1
mouldin,1
harries,1
harriet,1
heuberger,1
matsuo,1
harrier,1
casana,1
kerson,1
vandewalker,1
thongchanh,1
aubertine,1
precissi,1
zenzen,1
ellingsen,1
kronemeyer,1
costello,1
lodeiro,1
klei,1
cairns,1
senff,1
iredale,1
bulat,1
delonge,1
klee,1
poythress,1
mattis,1
hummingbird,1
mattie,1
bulan,1
zakar,1
bookhart,1
klem,1
seney,1
kley,1
rabold,1
dekany,1
alexender,1
mersinger,1
klez,1
mattia,1
sellar,1
virgilio,1
novembre,1
angwin,1
crill,1
linwood,1
duldulao,1
harnden,1
alexaki,1
barchick,1
abeles,1
ledyard,1
vintinner,1
vanderhyde,1
steinbacher,1
crimi,1
ferrario,1
senft,1
barnscater,1
arneson,1
salahubdin,1
josey,1
erbe,1
slusarski,1
debrock,1
brzostowski,1
ajose,1
ferraris,1
boissonnault,1
ringman,1
orte,1
orth,1
mayhue,1
orta,1
woollen,1
erby,1
orto,1
westre,1
woolley,1
bilderback,1
sulima,1
moulden,1
guandique,1
mattke,1
josic,1
krasnow,1
figura,1
erck,1
ibric,1
moulder,1
westry,1
pinney,1
bresser,1
onstead,1
awtrey,1
byrom,1
demerson,1
casarz,1
byron,1
mccalebb,1
opoka,1
renton,1
sellen,1
sellek,1
bennette,1
pinner,1
orum,1
enote,1
seller,1
caldeira,1
pinneo,1
joshi,1
orts,1
westra,1
czyzewski,1
mckiernan,1
bennetts,1
mattix,1
bacurin,1
steenken,1
byrns,1
ortz,1
fenstermacher,1
zaker,1
carosiello,1
zakes,1
klan,1
singco,1
salak,1
buley,1
salam,1
whish,1
rykard,1
salas,1
nofsinger,1
ruppel,1
rohrig,1
klay,1
salay,1
salaz,1
haggerton,1
eisensmith,1
chebret,1
janeczek,1
machnik,1
selley,1
klar,1
mcteer,1
klas,1
fryling,1
byrum,1
maline,1
udani,1
gremel,1
orsi,1
dotie,1
orso,1
rentie,1
white,1
nimocks,1
sonterre,1
holloran,1
daluz,1
malina,1
maldanado,1
laipple,1
crisson,1
cashett,1
whitt,1
elstner,1
palacio,1
dabrowski,1
caffentzis,1
culton,1
kertis,1
martensen,1
malicdem,1
jacek,1
stauder,1
santacruz,1
nocera,1
manaois,1
buckless,1
salce,1
matton,1
callais,1
bloomberg,1
mattox,1
singer,1
linkon,1
schillings,1
mattos,1
crier,1
raborn,1
senko,1
casaus,1
carmichel,1
mcfate,1
oroz,1
misener,1
deloney,1
oros,1
kjeldgaard,1
toldness,1
gremer,1
mizelle,1
abella,1
venditti,1
saldi,1
marguez,1
stys,1
sellin,1
venditto,1
jines,1
lasser,1
dekalb,1
olton,1
kleyman,1
condelario,1
muskrat,1
mclelland,1
salee,1
spenst,1
mcfaul,1
venable,1
senna,1
strayham,1
marzett,1
geronimo,1
damas,1
bernmen,1
malich,1
mowrer,1
muckerman,1
gavitt,1
lapere,1
releford,1
malick,1
orms,1
mihaila,1
duckhorn,1
swaisgood,1
bauerlein,1
boettner,1
dotts,1
saler,1
spiroff,1
dechamplain,1
senno,1
whitemarsh,1
geronime,1
demmons,1
sales,1
margosian,1
orne,1
troester,1
stancliff,1
saleh,1
dotto,1
mowrey,1
salem,1
senne,1
salen,1
salek,1
entsminger,1
rohrer,1
bulin,1
dannunzio,1
wisher,1
bulik,1
salge,1
woolhouse,1
carnillo,1
trulove,1
stanclift,1
norrington,1
hansberry,1
furguson,1
pariseau,1
labreche,1
critz,1
moehring,1
brissette,1
dycus,1
czekanski,1
blankumsee,1
peterka,1
luangamath,1
tierman,1
aldridge,1
vanskiver,1
hutchkiss,1
myint,1
shuffleburg,1
nelmark,1
stebe,1
wechsler,1
jarnutowski,1
leusink,1
pospishil,1
harmison,1
moench,1
mcmenamy,1
lupien,1
hinahon,1
kyser,1
devaughan,1
crisp,1
bodyfelt,1
zdon,1
scranton,1
criss,1
stead,1
crist,1
hippenstiel,1
mattas,1
mattan,1
pobre,1
stum,1
stear,1
daman,1
magnall,1
orme,1
hottell,1
crise,1
teroganesyan,1
biemer,1
chrystal,1
mowris,1
orio,1
oris,1
ratliff,1
salin,1
salim,1
barlette,1
zierdt,1
liedberg,1
cripe,1
woline,1
mcfann,1
mozie,1
brumaghim,1
mattei,1
salis,1
knollman,1
vittone,1
barletta,1
matteo,1
matten,1
linker,1
cortesi,1
yovino,1
cortese,1
heltsley,1
rauelo,1
norgaard,1
radwanski,1
stech,1
verwers,1
wisham,1
orji,1
ghibaudy,1
steck,1
abelar,1
magnano,1
blades,1
keezer,1
puliafico,1
wilmott,1
rickards,1
bulls,1
magnani,1
senst,1
wilmoth,1
magnant,1
bladen,1
callaro,1
salle,1
steff,1
callari,1
stocki,1
bulle,1
bottolene,1
forwood,1
josef,1
stoy,1
hedegaard,1
ornstein,1
senta,1
stow,1
cring,1
zerphey,1
jehle,1
bullo,1
stocks,1
stefl,1
liverman,1
hammack,1
jabaut,1
kluesner,1
senti,1
mcfall,1
cunning,1
raboin,1
filsinger,1
stocke,1
bulla,1
steeg,1
wilmore,1
sentz,1
steed,1
matter,1
jellison,1
steeb,1
mattes,1
gamberini,1
steep,1
ringwood,1
steen,1
evancho,1
steel,1
mattey,1
lemonier,1
salmi,1
salls,1
langendorf,1
digregorio,1
canfield,1
zierer,1
orie,1
zepka,1
sellai,1
baniaga,1
steer,1
sisca,1
krivak,1
derringer,1
valiton,1
sally,1
hubschmitt,1
sieber,1
tronnes,1
giambanco,1
soifer,1
connoly,1
maxey,1
walman,1
gordineer,1
merritts,1
mallet,1
saroukos,1
bonser,1
maller,1
xiang,1
zechman,1
malley,1
dakan,1
bonsee,1
sakry,1
farbman,1
kuyper,1
sitko,1
barette,1
gittens,1
tamanaha,1
mosman,1
ciaramitaro,1
rideaux,1
winterroth,1
weatherford,1
siebel,1
sieben,1
iwamoto,1
vonderahe,1
bouthillette,1
hatcherson,1
chakkalakal,1
venturelli,1
steinmetz,1
puleio,1
navratil,1
sclafani,1
heckart,1
ittner,1
werbelow,1
gillenwater,1
estabrooks,1
brodka,1
prestidge,1
mayher,1
dunsing,1
progacz,1
dalbey,1
mayhew,1
theus,1
midcap,1
savasta,1
canizares,1
venturella,1
boronat,1
borucki,1
heckard,1
diggins,1
messan,1
balanoff,1
frasher,1
chavies,1
torbit,1
markarian,1
dalbec,1
brodin,1
badour,1
brodis,1
kochanek,1
mallen,1
brodie,1
perrone,1
mallek,1
stecher,1
szesterniak,1
mcgarrell,1
pecararo,1
crepps,1
portnoff,1
jondle,1
tiffany,1
caspersen,1
vosberg,1
scalice,1
theos,1
ensminger,1
walmer,1
mckibbens,1
gruenhagen,1
grandner,1
linley,1
zaretsky,1
matthewson,1
kraemer,1
sakon,1
hegner,1
maxin,1
maxim,1
cowsert,1
dakes,1
wellenstein,1
treston,1
strictland,1
bonsal,1
tarwater,1
maxie,1
gramajo,1
aurelia,1
mallat,1
mallas,1
longenberger,1
mallar,1
daken,1
allgaier,1
lasota,1
schroyer,1
edelen,1
humerickhouse,1
behran,1
hodrick,1
saragosa,1
niziolek,1
crissey,1
eiselein,1
wolley,1
prazeres,1
wollen,1
woller,1
tester,1
wollin,1
testen,1
dandrade,1
patlan,1
stoa,1
dickison,1
sipriano,1
nabhan,1
qadir,1
bronikowski,1
zrake,1
messer,1
vanzie,1
mayhan,1
nierer,1
cressman,1
hastings,1
messey,1
spielvogel,1
sites,1
mallak,1
ouchi,1
carpentier,1
siter,1
aurelio,1
connole,1
catinella,1
messel,1
shuster,1
ordiway,1
eisenmann,1
thero,1
dakin,1
abplanalp,1
gevedon,1
hallinger,1
wrobliski,1
desparrois,1
greenfelder,1
hargens,1
badoni,1
olsen,1
lijewski,1
klausner,1
opielski,1
sieving,1
gautreau,1
belwood,1
leistiko,1
pailthorpe,1
kenagy,1
steinmeiz,1
ceranski,1
klingshirn,1
weinfurter,1
wollam,1
wollan,1
sitto,1
greiwe,1
creekbaum,1
eischen,1
sitts,1
angione,1
stdenny,1
cevallos,1
casperson,1
kenaga,1
cieri,1
kapitula,1
rodman,1
gaulzetti,1
heckel,1
olsby,1
vanzee,1
suprenant,1
ciers,1
panganiban,1
nicodemus,1
rykert,1
dovey,1
surrett,1
leighton,1
burbridge,1
dover,1
obenchain,1
garnier,1
lehneis,1
dovel,1
eull,1
bichoupan,1
hecker,1
rupley,1
stay,1
star,1
stas,1
juvera,1
lindberg,1
stai,1
waychowsky,1
stan,1
stam,1
ritchhart,1
lemoine,1
nagler,1
sitra,1
palenzuela,1
averette,1
carchidi,1
eure,1
dederick,1
stea,1
wisdom,1
greist,1
thews,1
stec,1
cosier,1
borton,1
sanseda,1
eury,1
demeester,1
cabibbo,1
zemaitis,1
olsin,1
teston,1
maxam,1
magorina,1
anastasi,1
hargers,1
dudleson,1
locicero,1
fusaro,1
lebleu,1
forschner,1
saicedo,1
angulo,1
wienecke,1
kishel,1
fanning,1
forcello,1
stallsmith,1
elsasser,1
dederich,1
bickell,1
sieverson,1
mcfeely,1
templin,1
veitenheimer,1
gramacy,1
gittere,1
branecki,1
cosico,1
stojanovic,1
ishii,1
hansome,1
teichman,1
cunningham,1
cunninghan,1
hargett,1
maxcy,1
leblond,1
stdenis,1
stofflet,1
torbus,1
garnick,1
krampe,1
heziak,1
bortle,1
garnica,1
arbeiter,1
kamakea,1
severson,1
sinisi,1
stonewall,1
bonsey,1
sten,1
studdard,1
hargest,1
lanclos,1
jaegers,1
langsam,1
stem,1
ster,1
step,1
piggie,1
templet,1
douma,1
temples,1
templer,1
zajac,1
thede,1
wegener,1
ahlheim,1
seliba,1
margraf,1
specking,1
bonavita,1
sakal,1
sakai,1
eudy,1
schreckhise,1
rubsam,1
kman,1
hillegass,1
lionberger,1
neylon,1
cilley,1
myhre,1
milbrett,1
beraun,1
deflorio,1
yancey,1
yannone,1
harrill,1
rubright,1
dimuccio,1
cruzan,1
stagliano,1
fanelli,1
wallor,1
gochnour,1
claiborne,1
fanelle,1
inzana,1
devargas,1
forbish,1
lowrimore,1
caroway,1
lourenco,1
kresky,1
inzano,1
robblee,1
breidenstein,1
ritacco,1
cruzen,1
yamashiro,1
kisiel,1
zaremski,1
kenaan,1
fowlkes,1
lourence,1
handford,1
onitsuka,1
weisser,1
harvilchuck,1
springe,1
georgeson,1
stegemann,1
wertman,1
remaley,1
theel,1
surrell,1
goertzen,1
hellweg,1
palafox,1
trester,1
gottlob,1
harring,1
ishee,1
pelchat,1
quevedo,1
granstaff,1
kemmeries,1
singelton,1
parshotam,1
kmet,1
yancik,1
berard,1
ursua,1
holzer,1
portolese,1
manrique,1
okelberry,1
strube,1
bissel,1
heckle,1
grinie,1
knudson,1
bisset,1
poage,1
kiefel,1
machold,1
bissen,1
oosterhof,1
kiefer,1
paysour,1
mckinsey,1
yoast,1
yerena,1
harrist,1
harriss,1
sista,1
kresha,1
reighard,1
kloster,1
kappel,1
cockey,1
kappen,1
lehrman,1
hillebrandt,1
kenady,1
jegede,1
grandjean,1
thebo,1
cefalu,1
isham,1
struck,1
cefalo,1
ishak,1
cocker,1
imbruglia,1
dworkin,1
jaffe,1
doung,1
sisto,1
metivier,1
kittler,1
favela,1
kittles,1
sisti,1
worell,1
szczepanski,1
bonning,1
behrns,1
pavelich,1
olson,1
vanzyl,1
bluett,1
marling,1
theam,1
tonschock,1
steinfeldt,1
lisitano,1
holzem,1
janack,1
koteras,1
massaglia,1
zemke,1
higueros,1
erazo,1
desrevisseau,1
gillispie,1
koterba,1
winnewisser,1
jaffy,1
douty,1
lechliter,1
doutt,1
talamentez,1
mowen,1
calahan,1
roderick,1
mallon,1
lavertue,1
thell,1
malloy,1
mallow,1
mowdy,1
sunderland,1
brewton,1
kappes,1
lenihan,1
broddy,1
volper,1
salgero,1
kapper,1
coshow,1
seehafer,1
brenning,1
santarelli,1
woodridge,1
reyburn,1
walstrom,1
behrle,1
lacorte,1
klym,1
klyn,1
vidrio,1
jafek,1
rancifer,1
harritt,1
langrum,1
ruhstorfer,1
wicinsky,1
montesdeoca,1
galhardo,1
barreras,1
legacy,1
vipond,1
buote,1
motteshard,1
mascarenas,1
kraner,1
legace,1
husayko,1
tosches,1
klemash,1
dommel,1
schiesser,1
pywell,1
dommer,1
wallenbrock,1
delacerda,1
dastoli,1
rabner,1
stemmer,1
mcelmarry,1
luscavage,1
douse,1
sitar,1
macclellan,1
furbish,1
zemel,1
galligan,1
maxon,1
winrich,1
wallie,1
wallin,1
thorndike,1
mechanic,1
puello,1
lupacchino,1
wallis,1
mowan,1
carretta,1
counterman,1
petitto,1
botwinick,1
sakic,1
mowat,1
pisula,1
catrett,1
nettles,1
schechinger,1
petitti,1
petitte,1
wortinger,1
olsson,1
quasdorf,1
zaiss,1
tschirhart,1
heiliger,1
aguiniga,1
zendejas,1
piggee,1
trobridge,1
kopischke,1
bonnick,1
yamashita,1
costeira,1
roessing,1
mallalieu,1
buono,1
mestad,1
cockerill,1
rygalski,1
stanaway,1
bodary,1
mestas,1
himebaugh,1
erath,1
witczak,1
nieratko,1
forsman,1
anstey,1
rowlett,1
kerwin,1
winterrowd,1
munzer,1
kresse,1
muschick,1
thulin,1
kozloski,1
brodes,1
jarvis,1
broder,1
mallia,1
moutray,1
belfort,1
wohlfeil,1
brodey,1
zeman,1
eraso,1
mallin,1
mallis,1
shenassa,1
norville,1
belford,1
ordway,1
broden,1
mallie,1
pacapac,1
bookter,1
zegarra,1
chavira,1
dalal,1
breuer,1
schuermann,1
dalaq,1
erard,1
mccraken,1
pelcher,1
wallberg,1
walstrum,1
molyneaux,1
thein,1
riblet,1
theil,1
theim,1
hellwig,1
bendolph,1
jarvie,1
kleypas,1
mower,1
theis,1
krance,1
carabez,1
wallau,1
bisson,1
cercone,1
strupp,1
bissol,1
fraleigh,1
custard,1
linman,1
popovec,1
brocklehurst,1
sajor,1
bliler,1
houghtaling,1
paysinger,1
raught,1
wegiel,1
riechers,1
brochu,1
zarycki,1
calvetti,1
weitzman,1
abeita,1
geiken,1
kapoor,1
castellanos,1
donohve,1
felger,1
ostendorf,1
harness,1
cockerham,1
cockerhan,1
castellanoz,1
lipkind,1
kallen,1
devitto,1
ruuska,1
tytler,1
stobbs,1
daprile,1
caracci,1
liano,1
jarver,1
gotlib,1
strunk,1
gift,1
liang,1
maigret,1
stobbe,1
schlette,1
mcgowin,1
coffman,1
birrell,1
boulais,1
giff,1
bussert,1
lupinacci,1
ettl,1
kallam,1
kallal,1
legall,1
angton,1
batters,1
galban,1
isgur,1
hoppesch,1
kallas,1
gies,1
stonebraker,1
luscombe,1
jandres,1
cartright,1
jandrey,1
poland,1
beukema,1
worcester,1
giel,1
humenik,1
tagaban,1
ohora,1
peffly,1
gier,1
dewhirst,1
egleton,1
waller,1
lacoste,1
buonassisi,1
wallen,1
blaese,1
umscheid,1
strutz,1
mayne,1
walley,1
sidebottom,1
urrey,1
hellums,1
harwood,1
zaino,1
kruebbe,1
wallet,1
walles,1
rybacki,1
maymi,1
basquez,1
shepheard,1
louissaint,1
petrain,1
buntz,1
konwinski,1
lockshaw,1
sheahan,1
gill,1
dajer,1
basques,1
kallin,1
payant,1
brocks,1
yonemura,1
kallio,1
gilb,1
gile,1
payano,1
lacosse,1
opal,1
struss,1
sberna,1
boruff,1
nordhoff,1
wolken,1
kupcho,1
urrea,1
lacosta,1
zacher,1
schmeidler,1
dower,1
jankoski,1
harnett,1
pulfer,1
dowen,1
shouldice,1
mayle,1
gnagey,1
bookwalter,1
niesen,1
kalley,1
schopper,1
gramble,1
dowdy,1
santarpia,1
fruehauf,1
kaller,1
stober,1
dowds,1
schmelzle,1
zawislak,1
bunts,1
staffieri,1
seling,1
bordonaro,1
jandris,1
dowda,1
mohrbacher,1
bunte,1
kennady,1
isgro,1
jandrin,1
goletz,1
rodiquez,1
grignon,1
campanaro,1
bruender,1
adomaitis,1
jurries,1
patmon,1
wubbel,1
perciful,1
jadoo,1
wubben,1
mowry,1
chadbourn,1
porritt,1
mcfield,1
dudney,1
pfleider,1
bogacki,1
licalzi,1
legare,1
legard,1
grierson,1
kostenko,1
zachar,1
dowey,1
mafnas,1
mullner,1
dressler,1
hughett,1
wisell,1
dowdall,1
lockmiller,1
galati,1
carmickel,1
terracciano,1
seper,1
rodney,1
zaya,1
wisely,1
matarazzo,1
taccariello,1
bonton,1
windholz,1
standridge,1
firestine,1
gregersen,1
blaeser,1
grines,1
griner,1
vanboerum,1
peffer,1
walkup,1
vandygriff,1
sakowski,1
dowis,1
legato,1
dreitzler,1
kranze,1
ruthstrom,1
borenstein,1
favero,1
venegas,1
dorcas,1
legath,1
legate,1
bilkiss,1
grinde,1
arvez,1
braunschweige,1
homrich,1
boisjolie,1
charest,1
flament,1
juluke,1
kleespies,1
mayen,1
spielmaker,1
crothers,1
luckinbill,1
tramble,1
bennight,1
gibbens,1
mayer,1
mayes,1
decillis,1
rushlow,1
popovic,1
rumbley,1
balchunas,1
swails,1
gick,1
calandra,1
schmelzer,1
soldano,1
jandron,1
gica,1
erben,1
hiscox,1
ouelette,1
ladyman,1
tekulve,1
dewindt,1
porrini,1
gibb,1
erbes,1
erber,1
blakesley,1
roscorla,1
aikman,1
zaza,1
fortenberry,1
picchi,1
blakeslee,1
cillis,1
obryant,1
shevenell,1
creque,1
pullman,1
tommie,1
brinckerhoff,1
olstad,1
seliga,1
kamalii,1
makarem,1
frymier,1
zaidi,1
cascone,1
knop,1
arvay,1
knoepfler,1
gian,1
knox,1
littledave,1
silsbee,1
knoy,1
arvan,1
tamondong,1
swaine,1
obermeyer,1
melstrom,1
zemon,1
torruellas,1
krantz,1
tigano,1
bollman,1
dorning,1
appling,1
kallus,1
sitze,1
florentine,1
castagnier,1
lachat,1
jenovese,1
uihlein,1
winner,1
ostrander,1
zenor,1
winnen,1
zenon,1
ellender,1
caracso,1
batteen,1
madding,1
stankiewicz,1
olesnevich,1
virginia,1
knee,1
grzelak,1
skibinski,1
lovstad,1
mayze,1
forslin,1
forgach,1
starkman,1
mcgiboney,1
mihelic,1
kutzer,1
lastovica,1
litecky,1
yobst,1
barkema,1
ladewig,1
mikulak,1
brucculeri,1
dorchy,1
kotnik,1
elicker,1
seppa,1
lupkes,1
galang,1
yerdon,1
bungo,1
tipler,1
kicklighter,1
gius,1
galano,1
pizzano,1
seppi,1
sarnicola,1
vaglienty,1
batzli,1
fogelman,1
kelsheimer,1
dressman,1
lehnert,1
asberry,1
baquiran,1
bungy,1
worden,1
olsten,1
craigmiles,1
bunge,1
desloge,1
brumleve,1
deporter,1
winney,1
stryjewski,1
venzor,1
kennard,1
habeck,1
arellanes,1
mcanallen,1
deckers,1
venzon,1
deckert,1
hardigan,1
dyers,1
bickers,1
flinck,1
lacher,1
baltimore,1
spells,1
habeeb,1
beaird,1
hemmingsen,1
winnie,1
bunes,1
turturro,1
emslie,1
hanenkrat,1
gavette,1
bundy,1
golebiowski,1
grimes,1
kieger,1
yetman,1
friskney,1
simmonds,1
bonson,1
bundi,1
bister,1
liberti,1
bunda,1
arvin,1
bickett,1
dyett,1
ezell,1
bunde,1
arvie,1
dewinne,1
liberto,1
savaria,1
bleiler,1
liberty,1
mizenko,1
pizzaro,1
giza,1
pluhar,1
bunck,1
seefeldt,1
vuckovich,1
bunch,1
margaitis,1
barkett,1
dornier,1
amendola,1
bunce,1
dyess,1
matrey,1
metrick,1
knie,1
oppy,1
batzri,1
linander,1
delcarmen,1
witherite,1
dubonnet,1
scalisi,1
florentino,1
venzke,1
tavolieri,1
martischnig,1
scalise,1
zenke,1
spella,1
mandiola,1
jeffs,1
zaitlin,1
heidkamp,1
siuda,1
opet,1
yarrell,1
gudenkauf,1
kyung,1
emziah,1
dunkleberger,1
layssard,1
opel,1
fosmire,1
zakrzewski,1
gipe,1
rehling,1
dunshee,1
kendrew,1
tomopoulos,1
standfield,1
blackbird,1
apland,1
mayse,1
magrath,1
bussell,1
gipp,1
struyk,1
tsuchiura,1
donohoo,1
lanphier,1
vandevort,1
donohoe,1
wlosinski,1
bunche,1
wollschlager,1
matelich,1
helminiak,1
lenigan,1
pulera,1
bleininger,1
wasurick,1
arnspiger,1
kodera,1
huisinga,1
strogen,1
woodfork,1
perrota,1
rushman,1
gimm,1
mcgowan,1
pacetti,1
woodford,1
struve,1
zener,1
skulski,1
mujica,1
erbst,1
devitis,1
vasaure,1
jasmine,1
henandez,1
woehr,1
woehl,1
ging,1
mcanany,1
perrott,1
commings,1
speas,1
dubaldi,1
gins,1
spear,1
mayou,1
vierling,1
mayor,1
schadler,1
ginn,1
speak,1
mayon,1
mayol,1
ausdemore,1
lindbeck,1
galliher,1
spead,1
matras,1
moxey,1
kleintop,1
willmarth,1
frymire,1
wunder,1
walker,1
walkes,1
batzer,1
gioe,1
patman,1
walken,1
knab,1
dunshie,1
matonak,1
whetham,1
microni,1
gist,1
babicz,1
spelts,1
hollenberg,1
contreas,1
baeskens,1
bigelow,1
kendrix,1
knap,1
gregerson,1
neemann,1
barahona,1
woodfolk,1
speltz,1
babich,1
gindlesperger,1
babick,1
flister,1
lejune,1
magrann,1
friedrick,1
kososky,1
friedrich,1
stomberg,1
merilos,1
kalmar,1
pinkenburg,1
hernandaz,1
kalman,1
gitt,1
lyalls,1
gomillion,1
kervin,1
ezechu,1
grimme,1
izaguine,1
pansini,1
ecord,1
abdallah,1
abadie,1
wolkow,1
haughney,1
stuffle,1
alexader,1
sheinberg,1
zahri,1
daczewitz,1
jaruis,1
woelk,1
daffron,1
eckart,1
mcgowen,1
bawcombe,1
zahra,1
lupkin,1
sambrano,1
weeter,1
stemler,1
reaper,1
eckard,1
blakeborough,1
safdeye,1
gire,1
dutchover,1
brevig,1
barthlow,1
gira,1
malkin,1
degado,1
clopper,1
tressel,1
mcconathy,1
brevik,1
brevil,1
yacovone,1
schwiebert,1
bhattacharya,1
girt,1
mantanona,1
opie,1
yanofsky,1
rapisura,1
divento,1
hurlbut,1
wheatcroft,1
culloton,1
gisi,1
petrash,1
gish,1
vasconez,1
craghead,1
harkins,1
donohue,1
vascones,1
fournier,1
bunke,1
baltes,1
cronk,1
komlos,1
balter,1
weygandt,1
costagliola,1
osterdyk,1
meltzner,1
korf,1
boddie,1
riberdy,1
ladesma,1
thurby,1
korb,1
crone,1
bressi,1
szot,1
rochester,1
bresse,1
slatkin,1
claverie,1
bastress,1
madonia,1
seliski,1
babena,1
lestourgeon,1
kinnier,1
stuckman,1
croon,1
mazey,1
croom,1
kiesling,1
matney,1
crook,1
pappajohn,1
hohman,1
kosh,1
thurau,1
speros,1
mazer,1
gudaitis,1
gentner,1
skousen,1
linnan,1
weinburg,1
kosa,1
mayeux,1
jerauld,1
bremmer,1
agostino,1
nguyen,1
laudadio,1
kory,1
draffen,1
sardi,1
pritzker,1
kawakami,1
bridgett,1
kort,1
moriarty,1
sperow,1
applebury,1
hariston,1
worthington,1
korn,1
sardo,1
doxon,1
saras,1
gardecki,1
koth,1
sarao,1
ouch,1
wolery,1
saran,1
modesitt,1
mihalak,1
sprenkle,1
marzili,1
trucchi,1
sarac,1
kinnick,1
goldstock,1
bacerra,1
dikens,1
lingner,1
fupocyupanqui,1
harradon,1
koso,1
steinbrink,1
sarah,1
devenecia,1
saraf,1
ludlow,1
kost,1
koss,1
coultrap,1
taddei,1
borris,1
linberg,1
buist,1
nugent,1
taddeo,1
ceaser,1
parslow,1
dolcetto,1
tomspon,1
gulbrandson,1
ganfield,1
mielcarek,1
paolicelli,1
kotz,1
traczyk,1
salzberg,1
howman,1
tablada,1
cropp,1
walicki,1
bridgers,1
stpeters,1
kott,1
pernell,1
narain,1
goldtooth,1
delosangeles,1
housekeeper,1
kong,1
lewinski,1
mclendon,1
kone,1
griffieth,1
komo,1
opula,1
komp,1
moehle,1
komm,1
sperry,1
ketelsen,1
bahamonde,1
gugino,1
slotnick,1
kenniston,1
robicheau,1
rovelto,1
udell,1
koob,1
giessler,1
aaby,1
mazar,1
hammersley,1
konz,1
wasylow,1
saric,1
borror,1
strzyzewski,1
croke,1
buchtel,1
borrow,1
konn,1
nguyan,1
kono,1
anawalt,1
griffies,1
ilalio,1
saville,1
fredlund,1
savilla,1
rixie,1
stonerock,1
draffin,1
badgero,1
lemanski,1
backbone,1
mcwaters,1
sulzbach,1
cartelli,1
agostini,1
glew,1
lemansky,1
kopf,1
recksiek,1
bauchspies,1
sesko,1
glen,1
koon,1
kook,1
kool,1
drzewiecki,1
vandamme,1
koor,1
koop,1
koos,1
glee,1
barnhill,1
kooy,1
himmelspach,1
laurimore,1
nuriddin,1
doliveira,1
crome,1
ceasar,1
taddio,1
sanseverino,1
runquist,1
bridgens,1
gumpert,1
szoc,1
croll,1
myers,1
kopp,1
sawrey,1
malena,1
dieringer,1
tvedt,1
doxie,1
kops,1
sarff,1
badgett,1
tlatenchi,1
sesma,1
bouldin,1
croes,1
doxey,1
glasson,1
zaharchuk,1
palmisano,1
donnalley,1
koza,1
glos,1
younker,1
glor,1
castiglione,1
glow,1
sesay,1
breske,1
lancaster,1
gulbrandsen,1
bessinger,1
darveau,1
croft,1
ferster,1
sionesini,1
malett,1
suihkonen,1
croff,1
bresko,1
emberton,1
delorbe,1
compiseno,1
kielar,1
maletz,1
luckenbach,1
perrien,1
badini,1
bugenhagen,1
hinderberger,1
perrier,1
loiselle,1
midkiff,1
pepitone,1
zadd,1
stolecki,1
buckhanon,1
przybyszewski,1
hellickson,1
sivik,1
selvage,1
zade,1
capristo,1
simpers,1
mazor,1
navarrete,1
hansman,1
kerrick,1
mazon,1
sprenkel,1
zuchara,1
gonsior,1
koteles,1
buike,1
everage,1
harraden,1
palisi,1
zach,1
zack,1
borras,1
katsaounis,1
moodie,1
perrigo,1
balaban,1
ancell,1
bodden,1
croan,1
mattingly,1
croak,1
halphen,1
serdula,1
january,1
kubeck,1
deschambault,1
wolfenbarger,1
wahlund,1
drinkley,1
mccommons,1
hartsock,1
kuzmish,1
brotman,1
sinclair,1
madonna,1
mazin,1
linney,1
gehringer,1
kegerries,1
armocida,1
sperka,1
dunlavy,1
spriggs,1
mikowski,1
mcilhinney,1
kieler,1
linnen,1
piermatteo,1
kown,1
croce,1
bayers,1
ellingburg,1
egertson,1
gazdecki,1
bayerl,1
connick,1
crock,1
mccovery,1
tiemens,1
kinnion,1
maclaurin,1
sesco,1
sperle,1
florczak,1
tawwater,1
chitwood,1
bresee,1
koelbel,1
nahrwold,1
fanizzi,1
waples,1
hernandez,1
volmer,1
kalmen,1
kalmer,1
galimi,1
tejedor,1
steckline,1
bayete,1
hernander,1
gloe,1
liljeberg,1
hernandes,1
glod,1
chandra,1
rydzewski,1
kopinski,1
dunzelman,1
fanizza,1
dahlstrom,1
kinning,1
oury,1
darke,1
gruett,1
hunzelman,1
zaic,1
gretzner,1
ostasiewicz,1
ours,1
kobs,1
glyn,1
villandry,1
darks,1
zais,1
strowbridge,1
fugatt,1
yocom,1
koba,1
cerverizzo,1
mazur,1
mazuo,1
ciejka,1
volner,1
sedotal,1
heffelbower,1
sagers,1
polera,1
klobucar,1
zajc,1
paling,1
fugate,1
ewer,1
langley,1
bierut,1
weafer,1
ewen,1
palino,1
shanahan,1
bahner,1
gilmore,1
nealon,1
haldane,1
kody,1
wolfer,1
zaki,1
glasser,1
hossler,1
madkins,1
glassel,1
buice,1
mayeda,1
torell,1
cumberledge,1
herrand,1
koda,1
mosseri,1
glassey,1
sival,1
traunfeld,1
zale,1
jeffery,1
sivak,1
seggerman,1
zall,1
sivan,1
zalk,1
delusia,1
sivay,1
zhong,1
kock,1
szal,1
ruffell,1
koci,1
loukanis,1
koch,1
lobalbo,1
jovel,1
jeffers,1
jover,1
kneifel,1
borowski,1
dimmick,1
ragain,1
gettings,1
aase,1
laughon,1
darga,1
isiordia,1
glud,1
kunicki,1
parsley,1
gluc,1
hyland,1
magario,1
seiavitch,1
economou,1
fernstrom,1
vanheel,1
ragans,1
tablang,1
kafton,1
cearns,1
kleinman,1
lamango,1
byous,1
mihalko,1
sivie,1
breckenridge,1
goffredo,1
reaume,1
machida,1
metevelis,1
sivia,1
mikita,1
lebish,1
sivic,1
sandifer,1
ewan,1
gilmour,1
lauture,1
unrath,1
speraw,1
wolffe,1
hutzler,1
darey,1
mapstone,1
fitcheard,1
pfeuffer,1
schoborg,1
zapel,1
ouderkirk,1
bertsche,1
supino,1
klinich,1
birdsong,1
belchior,1
daria,1
zedian,1
letourneaux,1
mendelowitz,1
vantil,1
clayson,1
gongalves,1
kyper,1
dario,1
jacocks,1
daris,1
skelton,1
harnist,1
zahl,1
mazuc,1
zahm,1
neally,1
longbrake,1
zahn,1
economos,1
tompsett,1
spannuth,1
tenhaeff,1
siver,1
grassano,1
keneally,1
bertschy,1
tsuzuki,1
poffenroth,1
tribbett,1
wohld,1
adule,1
balton,1
bierod,1
harnish,1
vendetti,1
stgermain,1
vaccarella,1
stare,1
starn,1
lamance,1
zari,1
howlin,1
gothro,1
stark,1
mauceri,1
sesso,1
zavattieri,1
darby,1
ragasa,1
vantol,1
vinyard,1
nealis,1
sessa,1
lansdell,1
hermosilla,1
kuczynski,1
stash,1
kosorog,1
neundorfer,1
hagmann,1
faragher,1
vincik,1
castronovo,1
economus,1
stary,1
zarr,1
castronova,1
zaro,1
ostheimer,1
keatley,1
zarn,1
start,1
stars,1
delaughter,1
starr,1
dowty,1
vaccarello,1
stasa,1
daras,1
arevalo,1
vanhese,1
ludlum,1
moffatt,1
zart,1
thielemier,1
timmons,1
singuefield,1
mihalik,1
stapf,1
kolp,1
hennecke,1
kolo,1
kolm,1
underdahl,1
tempest,1
musolf,1
koll,1
dowst,1
kolk,1
duchesneau,1
boulden,1
scherbel,1
gutschow,1
vazzana,1
tarbor,1
dardy,1
tarbox,1
koma,1
robbert,1
kisker,1
hulings,1
babers,1
hanners,1
salazer,1
mazzeo,1
schecter,1
mazzei,1
koko,1
suders,1
heinrich,1
hermosillo,1
kole,1
darcy,1
smalls,1
stapp,1
kolb,1
dargenio,1
darco,1
dowse,1
zand,1
anawaty,1
reading,1
zane,1
zutter,1
kapral,1
koff,1
isaza,1
zana,1
nealey,1
mazza,1
deckman,1
nothem,1
schuster,1
nealer,1
stave,1
nealen,1
ruggle,1
mazze,1
toniatti,1
glassco,1
rovella,1
cruzado,1
seawright,1
aamodt,1
miyahara,1
widdowson,1
koga,1
loveless,1
mazzo,1
woliver,1
zvorsky,1
kubesh,1
kielty,1
turrubiartes,1
hackenberg,1
heiderman,1
kratky,1
koen,1
pietrafesa,1
koep,1
hackenbery,1
mayers,1
proehl,1
byone,1
mihalco,1
godfray,1
stigall,1
mitsch,1
zant,1
koes,1
snodgrass,1
horvat,1
argyle,1
brettmann,1
schusted,1
zank,1
goodrick,1
ewin,1
gulnick,1
kalmus,1
ewig,1
zani,1
kofa,1
mauceli,1
zang,1
goodrich,1
wydryck,1
coffill,1
ouye,1
weisbaum,1
baroody,1
zapf,1
saffold,1
state,1
mihalek,1
kohr,1
kohs,1
yocum,1
godfrey,1
tomory,1
herrara,1
kohn,1
kubert,1
kohl,1
kohm,1
carmickle,1
lournes,1
dimassimo,1
casivant,1
staup,1
staum,1
zappa,1
salazar,1
mazzie,1
salazan,1
siebenaler,1
salazak,1
kincaide,1
darnell,1
aruiso,1
dehnert,1
staub,1
downs,1
livsey,1
jossund,1
pientka,1
downy,1
heddlesten,1
statz,1
zapp,1
hartshorn,1
kubera,1
fissell,1
seres,1
bierce,1
lommel,1
stahr,1
stahl,1
balsam,1
schoenberg,1
syon,1
bynam,1
costales,1
tolontino,1
staie,1
abed,1
over,1
verrilli,1
abee,1
hongisto,1
balmaceda,1
staib,1
oven,1
aben,1
doyne,1
decant,1
abel,1
aber,1
abes,1
serey,1
toppings,1
decann,1
odowd,1
kuhlman,1
carmouche,1
bretto,1
number,1
bellettiere,1
hardnette,1
barsoum,1
stagg,1
doyon,1
strohschein,1
borski,1
asuncion,1
serge,1
cochis,1
dimmitt,1
sawchuk,1
decamp,1
gruger,1
aeschlimann,1
gilhooly,1
engelkemier,1
goldwire,1
pinick,1
burhanuddin,1
sergi,1
kendra,1
stake,1
stromer,1
eitel,1
urton,1
geelan,1
coulibaly,1
gorsuch,1
kotula,1
stair,1
debutiaco,1
pullie,1
ascheman,1
ellwood,1
pullis,1
villaneda,1
delpiano,1
pullin,1
stain,1
wogan,1
serie,1
nieman,1
thaden,1
bierer,1
phinazee,1
armendarez,1
alspaugh,1
bynes,1
byner,1
stall,1
serio,1
breton,1
abar,1
ippolito,1
montaluo,1
allmand,1
mockler,1
doctor,1
niemie,1
burchard,1
harkcom,1
bessmer,1
vanharlingen,1
drozda,1
arriazola,1
abad,1
mccandlish,1
abby,1
poleyestewa,1
borsos,1
mittelsteadt,1
dorion,1
pullom,1
masunaga,1
buchser,1
abbs,1
montalto,1
ginoza,1
aruizu,1
pullon,1
mcmurphy,1
braylock,1
lochner,1
borson,1
bretos,1
isbill,1
abbe,1
degaetano,1
cashatt,1
trzaska,1
stano,1
evon,1
isaak,1
stant,1
dukhovny,1
evoy,1
seidensticker,1
margotta,1
asturias,1
weisfeld,1
tadena,1
doyle,1
krauel,1
baronne,1
treadway,1
coronado,1
tolmich,1
stroman,1
stamp,1
abeb,1
stamm,1
mccandliss,1
lestelle,1
howley,1
kendle,1
tademy,1
polcyn,1
stana,1
howles,1
armendariz,1
abdo,1
safford,1
patout,1
elskamp,1
doring,1
cristofori,1
matsoukas,1
stang,1
stotesberry,1
abdi,1
sappington,1
ponsler,1
stank,1
isaac,1
knabjian,1
osmanski,1
edeker,1
hartinger,1
tantillo,1
holzerland,1
daidone,1
fliger,1
egvirre,1
passaretti,1
balsis,1
mompoint,1
lapari,1
isacs,1
calzado,1
herrada,1
cracknell,1
varrelman,1
disarufino,1
emberson,1
liszewski,1
kennaugh,1
zlatkin,1
bierle,1
ruthven,1
shelkoff,1
hammers,1
unrau,1
matone,1
yeaton,1
urtiz,1
leghorn,1
austria,1
flenard,1
marasciulo,1
zetes,1
bierly,1
beisner,1
froeliger,1
mehlman,1
stabs,1
yeasted,1
elsayed,1
divelbiss,1
strecker,1
zwiebel,1
phenix,1
rapaport,1
bartczak,1
stgermaine,1
castrogiovann,1
stromme,1
stabb,1
salgado,1
bledsaw,1
adinolfi,1
odore,1
robilotto,1
witthuhn,1
koellmann,1
calzada,1
renova,1
berringer,1
beckelhimer,1
dapoz,1
difabio,1
tejeda,1
renouf,1
flight,1
odhner,1
marlett,1
staal,1
vadlamudi,1
boulter,1
yodis,1
barthold,1
montalvo,1
bartholf,1
staab,1
cortopassi,1
christoffer,1
dinglasan,1
syta,1
stady,1
beville,1
garnder,1
acencio,1
stadt,1
tardif,1
schmelter,1
turansky,1
ovit,1
rosenbeck,1
manasco,1
tardie,1
mascheck,1
yeatts,1
balser,1
pysher,1
stade,1
sarensen,1
furbeck,1
kuhlmey,1
stacy,1
choinski,1
grabonski,1
reinhard,1
nistler,1
jalonen,1
abke,1
stach,1
eckersley,1
stace,1
decaro,1
mcgough,1
decarr,1
reinhart,1
stack,1
schneeman,1
piceno,1
phenes,1
laguna,1
schoenbeck,1
zabriskie,1
pullum,1
gieber,1
munyon,1
serda,1
visnocky,1
giebel,1
andruzzi,1
stage,1
belfiglio,1
staff,1
giddings,1
vyhnal,1
able,1
isais,1
hockenbury,1
krewer,1
odoms,1
hansley,1
beckstrom,1
larzelere,1
ulicki,1
pocekay,1
odome,1
delpaggio,1
rublee,1
brennenstuhl,1
lacombe,1
doyel,1
tardio,1
doyen,1
nothum,1
fragale,1
hammett,1
blanford,1
decato,1
doyer,1
scarnati,1
matott,1
bernatowicz,1
scarnato,1
pullus,1
yoder,1
munyer,1
kurshuk,1
cristiano,1
sinkey,1
nocito,1
sapnu,1
dimariano,1
nagelschmidt,1
hirschmann,1
swenton,1
weagel,1
weiderhold,1
serve,1
perrins,1
serva,1
evan,1
funnye,1
swagger,1
nakayama,1
tafolla,1
griffing,1
budzynski,1
perrino,1
krizan,1
perrine,1
liederbach,1
delorge,1
perring,1
reifman,1
griffins,1
goldinger,1
mcdewitt,1
servi,1
dillingham,1
scharmann,1
liranzo,1
quezad,1
almestica,1
bynoe,1
doyan,1
doyal,1
strefeler,1
lingerfelt,1
krauss,1
kanekuni,1
jedan,1
vilmont,1
clayton,1
krizek,1
iwasko,1
claytor,1
bynon,1
krause,1
iltzsch,1
notice,1
swales,1
pentland,1
perreira,1
moulhem,1
leonhard,1
siwek,1
runnells,1
perrill,1
catalfamo,1
kendal,1
leonhart,1
bickham,1
lapage,1
yeater,1
yeates,1
garretson,1
leffler,1
deloria,1
tilden,1
mcelreath,1
villaneva,1
culpit,1
mayden,1
cotilla,1
goldstone,1
patock,1
aufiero,1
cotillo,1
bynum,1
kletschka,1
quaranto,1
ulysse,1
michaelis,1
bynun,1
lachermeier,1
griffith,1
maydew,1
quaranta,1
romasanta,1
weddell,1
backenstose,1
krolczyk,1
huskins,1
cronshaw,1
krauth,1
gevorkyan,1
krausz,1
deprofio,1
sholler,1
rattray,1
abud,1
mulrooney,1
moshos,1
hammell,1
yandow,1
simpelo,1
delorey,1
yerkey,1
wittkop,1
abts,1
cunneen,1
thivener,1
hentze,1
yerkes,1
tirabassi,1
amerman,1
montalbo,1
pinion,1
weagle,1
pesola,1
swartley,1
siwik,1
griffitt,1
keshishyan,1
trosien,1
laguer,1
kommer,1
brundrett,1
balson,1
younkin,1
morabito,1
gutshall,1
decaen,1
bogaert,1
fauerbach,1
hermida,1
ahlstrom,1
sommar,1
talluto,1
baskind,1
lacaze,1
niblock,1
goldberger,1
thayn,1
mansanares,1
okuniewski,1
baskins,1
darragh,1
lacayo,1
wisler,1
lopriore,1
wisley,1
hohler,1
bledsoe,1
glad,1
tejera,1
gesinski,1
tammen,1
victorero,1
gerould,1
esmond,1
ragonese,1
heggins,1
glab,1
mosher,1
serna,1
mazyck,1
zellous,1
quaresma,1
glau,1
malech,1
lomanto,1
clayter,1
maleck,1
glay,1
pendergast,1
hollaway,1
kuklis,1
esmont,1
bohlander,1
glas,1
pfalmer,1
pullam,1
eachus,1
pullan,1
buckhanan,1
pullar,1
grisso,1
zechiel,1
sapia,1
quarnstrom,1
synnott,1
yandle,1
smialowski,1
kisler,1
jedik,1
rathmanner,1
stradtner,1
kottre,1
montalgo,1
rendleman,1
reavis,1
serpa,1
payden,1
syer,1
swoager,1
acal,1
serpe,1
kahanaoi,1
scarborough,1
osland,1
cubito,1
ziebart,1
kendig,1
perritt,1
aveado,1
syed,1
shevlin,1
cichosz,1
romanelli,1
wordsworth,1
keever,1
lacava,1
romanello,1
evey,1
henton,1
liekhus,1
boulton,1
perrish,1
manassa,1
sommer,1
mildenberger,1
acheson,1
manasse,1
busacca,1
buckland,1
baydal,1
lipphardt,1
besherse,1
langman,1
serre,1
maziarz,1
serro,1
gherardini,1
astacio,1
quintona,1
mcelreavy,1
zirbel,1
mindell,1
kukler,1
fogelquist,1
deanhardt,1
jagodzinski,1
syck,1
even,1
brockberg,1
serra,1
poitevint,1
eves,1
orellano,1
visocsky,1
pulley,1
metroka,1
puller,1
orellana,1
serum,1
babineau,1
postlethwaite,1
pullem,1
rabkin,1
pullen,1
refsell,1
springman,1
muscott,1
lacasa,1
epstein,1
syal,1
delorme,1
profit,1
sapko,1
sandberg,1
parolini,1
orellama,1
reaver,1
seehusen,1
syas,1
reaves,1
edmundson,1
cumberland,1
dority,1
catapano,1
hillbrant,1
rosenberg,1
smiechowski,1
honaker,1
weathington,1
zhuang,1
acee,1
kiening,1
guenette,1
yeagley,1
fechtner,1
acey,1
pichon,1
farrugia,1
wittman,1
kaufman,1
byman,1
gerveler,1
wishum,1
felber,1
spancake,1
pinley,1
grudem,1
trauscht,1
antoniotti,1
tellefsen,1
pallotto,1
defreese,1
slotemaker,1
marusak,1
grisom,1
paviolitis,1
huffines,1
thate,1
hipkins,1
perrella,1
uppencamp,1
flyzik,1
unser,1
matley,1
pallotta,1
perrelli,1
datamphay,1
prentis,1
gordinier,1
victorino,1
stayner,1
victorine,1
blankenship,1
domingez,1
butcher,1
breeden,1
cauazos,1
savinon,1
nordwall,1
cubine,1
bosowski,1
kebede,1
leagjeld,1
butchee,1
dominges,1
menette,1
rosewall,1
thaut,1
goatley,1
whitelock,1
bortignon,1
krasley,1
dagenhart,1
schanbacher,1
mefford,1
enlow,1
lipskar,1
avison,1
kothari,1
harthcock,1
chemell,1
dyche,1
schatzberg,1
lehning,1
gullixson,1
seung,1
harklerode,1
palladino,1
rogacki,1
beaner,1
bartmess,1
goolsby,1
winton,1
wittmer,1
ciani,1
kelchner,1
wentzlaff,1
arancibia,1
holloway,1
ciano,1
bevins,1
kottke,1
musumeci,1
pessin,1
catalanatto,1
halpert,1
halpern,1
jabiro,1
bungay,1
alborn,1
hennington,1
jeppson,1
bligen,1
spyies,1
pilotte,1
zanni,1
hawman,1
henter,1
pilotti,1
bierlein,1
arcudi,1
pulice,1
hallums,1
daoud,1
cawthron,1
krobath,1
rizer,1
courtney,1
tharp,1
turkasz,1
solarski,1
bunger,1
blight,1
ache,1
sischo,1
lutsky,1
venter,1
pulido,1
waddel,1
bevill,1
wadden,1
colsch,1
garriga,1
pesses,1
ditomasso,1
oullette,1
bauerle,1
bauknecht,1
ambrosini,1
harkleroad,1
mirabito,1
ambrosino,1
cinkosky,1
laster,1
olausen,1
wintle,1
adrion,1
ghekiere,1
petretti,1
benafield,1
wendelboe,1
bellinghausen,1
breuning,1
fonnesbeck,1
gleicher,1
domingos,1
ristow,1
reason,1
philibert,1
reasor,1
saggio,1
kalenak,1
derogatis,1
thall,1
cademartori,1
kotter,1
huntsinger,1
favian,1
ciaccio,1
surratt,1
wiggington,1
matlow,1
gerpheide,1
urwin,1
pannone,1
kysar,1
hammontree,1
probst,1
harvey,1
golbin,1
harver,1
bradsher,1
osby,1
remington,1
garrity,1
shawber,1
thake,1
harvel,1
heading,1
bicking,1
kromrey,1
hellings,1
rizal,1
woolsey,1
garriss,1
ventre,1
dimanche,1
pierrott,1
garrish,1
parnell,1
ventry,1
obholz,1
caborn,1
arcuri,1
rubloff,1
rizas,1
stoehr,1
herschelman,1
thang,1
thane,1
dozer,1
ferkovich,1
crelia,1
baglione,1
ciaccia,1
lambertus,1
decourley,1
steinhoff,1
nazaroff,1
riston,1
stachurski,1
kenndey,1
somoza,1
laudato,1
acly,1
ramlall,1
lashway,1
diercks,1
charbonneaux,1
osei,1
astafan,1
pjetrovic,1
acri,1
osen,1
chiavaroli,1
engwer,1
stoeke,1
sixon,1
easterbrook,1
acre,1
drumgole,1
harvie,1
belflower,1
chesmore,1
ramsaroop,1
strazisar,1
jeppsen,1
rohwer,1
oser,1
langeveld,1
sinner,1
vancott,1
inabinett,1
becherer,1
grisby,1
rodenburg,1
olwin,1
fontaine,1
domingus,1
mcanaw,1
winter,1
harvin,1
venton,1
pocasangre,1
meltzer,1
bradshaw,1
wishon,1
karpinski,1
quettant,1
domingue,1
peduzzi,1
kras,1
keating,1
whyman,1
vondran,1
wiersma,1
kray,1
snowberger,1
kral,1
kram,1
karpinsky,1
horsey,1
kroencke,1
cubias,1
uptgraft,1
matlin,1
krag,1
krah,1
vondrak,1
acor,1
widrick,1
virgili,1
schoreplum,1
thain,1
probus,1
evilsizor,1
virgile,1
pessoa,1
saous,1
zoroiwchak,1
hoeffer,1
breedan,1
garneau,1
lanphear,1
volker,1
ferbrache,1
strollo,1
minshall,1
waddle,1
dekine,1
yannucci,1
longford,1
exford,1
flemmons,1
pfund,1
gazza,1
ristig,1
hilario,1
kuszlyk,1
elhaddad,1
eyer,1
weader,1
rispoli,1
bukowiecki,1
luedeman,1
noullet,1
abundis,1
heebner,1
gazzo,1
lamberton,1
thach,1
abundiz,1
jellinek,1
anslinger,1
borgers,1
cottengim,1
borgert,1
wierson,1
briggeman,1
prasomsack,1
dapas,1
lacourse,1
odmark,1
selman,1
borgese,1
behney,1
fahrenkrug,1
kebert,1
haraway,1
horten,1
behner,1
sanfelix,1
grenon,1
lastra,1
dildine,1
kaschel,1
thady,1
cosden,1
jellings,1
juhasz,1
hillhouse,1
jarrel,1
rutledge,1
freeburger,1
jarred,1
redcross,1
woolson,1
rizzo,1
reaser,1
stweart,1
sievert,1
royals,1
desantis,1
zanco,1
stanfill,1
rizzi,1
groesser,1
royall,1
osle,1
cesario,1
jarret,1
johannessen,1
unruh,1
rister,1
rizza,1
unrue,1
cremar,1
gugler,1
slabaugh,1
bonnot,1
widmaier,1
scavotto,1
peragine,1
swenson,1
hausteen,1
lehberger,1
shigley,1
howorth,1
deconti,1
ballengee,1
migdal,1
dworaczyk,1
gurtner,1
klinker,1
sievers,1
harvat,1
yoest,1
kivisto,1
broekemeier,1
parness,1
kruppenbacher,1
dorian,1
steinkirchner,1
sebranek,1
batterman,1
xayavong,1
aduddell,1
maddock,1
froncillo,1
dozar,1
buker,1
rochell,1
sobotta,1
victorica,1
brenneis,1
ballenger,1
whisnant,1
cuddihee,1
alegria,1
pflugrad,1
mildren,1
fogerty,1
cantfield,1
antonaccio,1
marlene,1
rowland,1
ventur,1
grenko,1
vinall,1
snowdeal,1
yauger,1
seymer,1
grenke,1
dorich,1
mcamis,1
benkert,1
dozal,1
favila,1
silveria,1
robertello,1
culmer,1
swendsen,1
notestine,1
kramarczyk,1
borgelt,1
slaydon,1
leistner,1
rizvi,1
jarrar,1
nikocevic,1
lehrian,1
tinneberg,1
tschoepe,1
blache,1
bement,1
ristau,1
silverio,1
liapis,1
burttram,1
victorian,1
osol,1
hillanbrand,1
hevessy,1
pecukonis,1
haustein,1
egolf,1
hirschy,1
ameduri,1
redondo,1
jaber,1
lowther,1
picher,1
bleifus,1
haruta,1
rodeman,1
fifield,1
hoefert,1
hirschi,1
henson,1
wittlin,1
hollabaugh,1
zanin,1
tullier,1
helmstetter,1
butchko,1
goar,1
athmann,1
grengs,1
hirsche,1
goan,1
dobrinski,1
mckinnell,1
sterbenz,1
fenrich,1
steinhour,1
badlam,1
vilches,1
bransfield,1
desantos,1
breedon,1
burchess,1
rottinghaus,1
goad,1
trimbach,1
urtiaga,1
zanis,1
langner,1
laconte,1
hatchette,1
bonnie,1
zaccagnino,1
barranger,1
zaccagnini,1
debrita,1
iburg,1
tovmasyan,1
mildrum,1
gode,1
kastning,1
ryther,1
brester,1
wallbank,1
henningson,1
debrito,1
offermann,1
slockbower,1
bonnin,1
goda,1
grenet,1
osso,1
wittler,1
winsor,1
winson,1
hinchcliff,1
wayment,1
charette,1
maruska,1
stcyr,1
noland,1
ohren,1
mcfadin,1
ungerland,1
lingley,1
melhorn,1
behnke,1
nathanson,1
hafele,1
seymor,1
addy,1
dinapoli,1
molfetta,1
chancey,1
lemonds,1
hensle,1
wolhok,1
fumagalli,1
eyre,1
spindola,1
addo,1
vanrossum,1
selitto,1
goff,1
rizor,1
bonney,1
goes,1
goen,1
bulinski,1
sobotka,1
robotham,1
selmer,1
kotson,1
weiglein,1
ehrisman,1
pfuhl,1
wimbish,1
lakins,1
hausauer,1
castelluccio,1
zaner,1
badley,1
bevier,1
zanes,1
mosier,1
kijowski,1
enloe,1
balestra,1
goel,1
omeara,1
vilchis,1
katowicz,1
slayden,1
grenda,1
tweten,1
gohr,1
wahdan,1
ledingham,1
muench,1
penttila,1
burmaster,1
blocker,1
appelbaum,1
bonnel,1
coffield,1
kaschak,1
lanphere,1
zappile,1
bonnet,1
kenely,1
kardell,1
burchell,1
rayshell,1
gohn,1
bonner,1
altschuler,1
bonnes,1
scheffrahn,1
zange,1
seuss,1
aday,1
adas,1
clavette,1
zangl,1
adan,1
nieland,1
goga,1
adam,1
chancer,1
magette,1
adel,1
cassello,1
stapleford,1
duchane,1
evanich,1
iacono,1
cassells,1
aden,1
adee,1
kalisek,1
caffery,1
demagistris,1
birkland,1
krus,1
faudree,1
zeringue,1
beamer,1
beames,1
lardieri,1
montanye,1
heschke,1
soomaroo,1
ader,1
lachapelle,1
ades,1
demming,1
solders,1
westgate,1
vandermark,1
adey,1
coulbourne,1
laderer,1
hensen,1
hensel,1
rosecrans,1
shealey,1
benezra,1
steeneck,1
hillabush,1
okutsu,1
cassella,1
bodell,1
dunwoody,1
wheadon,1
ellerman,1
rabine,1
palmeter,1
danny,1
habash,1
hartford,1
buzzeo,1
knollenberg,1
rorabaugh,1
danns,1
swee,1
uddin,1
swed,1
danni,1
seton,1
homann,1
leofsky,1
benoist,1
marsella,1
swem,1
zamor,1
lammers,1
danna,1
lammert,1
homans,1
powroznik,1
trigillo,1
danos,1
adib,1
gunstream,1
kruk,1
krum,1
esquilin,1
krul,1
adie,1
mcpartlin,1
krug,1
honsberger,1
rushworth,1
legleiter,1
lakhan,1
otar,1
horton,1
eckels,1
lineweaver,1
schatzle,1
vogtlin,1
krys,1
adil,1
exum,1
mcmurrin,1
keglovic,1
bourdeaux,1
turnpaugh,1
egner,1
coudriet,1
sabourin,1
egnew,1
weinland,1
ursini,1
mechling,1
gaspari,1
ursino,1
colten,1
dante,1
wentzell,1
molleda,1
patriarco,1
gottron,1
sanzo,1
wittner,1
beaman,1
tototzintle,1
winski,1
gaebler,1
akiereisen,1
vanolinda,1
weadon,1
honahni,1
lychwala,1
coltey,1
pinkey,1
pitfield,1
colter,1
marhefka,1
mortellaro,1
lunceford,1
rinebarger,1
cauterucci,1
gayne,1
emigholz,1
montante,1
bessone,1
stockstill,1
chiotti,1
heinbaugh,1
manetta,1
riedinger,1
harroun,1
cadwell,1
crowson,1
hughart,1
lutton,1
quilindrino,1
prodan,1
kowalewski,1
courtois,1
firestein,1
hassenplug,1
swim,1
adle,1
pflanz,1
mooers,1
kangleon,1
pokallas,1
skroch,1
selmon,1
gaspard,1
winsky,1
stofer,1
willyard,1
sypher,1
seufer,1
mckneely,1
rubner,1
roybal,1
hadlock,1
gayle,1
stoffa,1
ridinger,1
kennedy,1
swanay,1
crigler,1
burgueno,1
mowles,1
swor,1
rabito,1
klosner,1
venuti,1
stofko,1
yasutake,1
paillant,1
otey,1
otex,1
venuto,1
zangger,1
coerver,1
kerzer,1
werstein,1
rentfrow,1
lamanna,1
baltzell,1
hyberger,1
dispirito,1
ricketts,1
vidinha,1
kisielewski,1
kathleen,1
heverly,1
mildred,1
danis,1
ritrovato,1
salkeld,1
bauknight,1
liquori,1
caflisch,1
coopwood,1
swanda,1
bartkowski,1
huntzinger,1
benauides,1
sempertegui,1
cascia,1
confair,1
zerzan,1
mcaneny,1
propper,1
porreca,1
beamon,1
carretino,1
flamand,1
arenstam,1
muskus,1
cascio,1
rebolloso,1
stroker,1
adon,1
tullius,1
bujol,1
heidelberger,1
sethi,1
vanwhy,1
dorgan,1
swaner,1
vintila,1
athalone,1
kapsner,1
cremin,1
voller,1
klavetter,1
mallernee,1
vanwie,1
cremer,1
zbranek,1
rotering,1
markwell,1
matarrita,1
heverin,1
kubicki,1
otis,1
phearsdorf,1
zerck,1
crellin,1
vaudrain,1
lutter,1
otiz,1
kachikian,1
olvey,1
puente,1
muczynski,1
morsberger,1
gihring,1
hasting,1
gibbins,1
cibik,1
payeur,1
gallihugh,1
saddler,1
moutoux,1
lamberson,1
schatzel,1
kodani,1
debacker,1
swensen,1
ahluwalia,1
harwin,1
degear,1
kodama,1
pinkos,1
santo,1
deuser,1
kennell,1
bernotas,1
dasouza,1
santi,1
colton,1
bisono,1
erkela,1
edwardson,1
vanwey,1
zeran,1
hortin,1
melikyan,1
opray,1
lipsitz,1
santa,1
harkema,1
peteuil,1
selfridge,1
sangiacomo,1
kalista,1
gotham,1
zerba,1
howitt,1
shevitz,1
dukeshier,1
gruell,1
pullian,1
pulliam,1
zerbe,1
popplewell,1
slavinski,1
wadell,1
danko,1
wileman,1
harrold,1
strawther,1
calderson,1
zerby,1
danks,1
pigler,1
heinritz,1
santy,1
leishman,1
hannula,1
mollere,1
zambo,1
enman,1
jaramillo,1
jimenz,1
allegretti,1
bardoner,1
garzone,1
allegretta,1
caballero,1
komosinski,1
custeau,1
kloepper,1
swanke,1
yerico,1
voracek,1
handzel,1
isleib,1
sanon,1
zaman,1
linhardt,1
kreh,1
kreb,1
roszales,1
yarrito,1
kloeppel,1
childers,1
boschee,1
sanna,1
langoni,1
krey,1
kapsos,1
langone,1
colson,1
barkins,1
colford,1
williford,1
closovschi,1
renney,1
zerom,1
trussell,1
lillian,1
bateman,1
renner,1
vandemark,1
jimeno,1
culbreth,1
mitton,1
bruyere,1
donndelinger,1
lasure,1
tenzer,1
rotondi,1
yerian,1
rovinsky,1
linkous,1
ashwell,1
hemsley,1
whelihan,1
kisner,1
kibbler,1
plamondin,1
avellano,1
bernskoetter,1
ginnis,1
evilsizer,1
montanez,1
eckis,1
kwilosz,1
bunnell,1
phetsanghane,1
sanos,1
sanor,1
galustian,1
esparsen,1
maybee,1
ludlam,1
teeple,1
bernoski,1
wegner,1
savinar,1
ericson,1
deglandon,1
blankinship,1
bernson,1
hagmaier,1
venecia,1
bernosky,1
volmar,1
kenneth,1
meneses,1
knapick,1
mondloch,1
watral,1
kotrys,1
dorsett,1
swango,1
menesez,1
stjohn,1
atkins,1
sanke,1
rybicki,1
overdorf,1
rennie,1
molleur,1
belsheim,1
beddard,1
schulweis,1
plamondon,1
rounkles,1
tesoro,1
brumbley,1
ptaszynski,1
exel,1
swaney,1
rennix,1
zerko,1
abdulaziz,1
mollett,1
kriz,1
seyler,1
mcvenes,1
degele,1
costabile,1
fiorelli,1
bernatchez,1
corderman,1
zufall,1
bussink,1
townley,1
fiorella,1
bussing,1
whittington,1
flamenco,1
lapadula,1
bintner,1
pridmore,1
schiavoni,1
eckle,1
maignan,1
stoett,1
krason,1
schiavone,1
fiorello,1
ratermann,1
teitsworth,1
binford,1
koralewski,1
sanks,1
enderlin,1
dacruz,1
steinmann,1
gulati,1
sanko,1
kenderdine,1
conniff,1
scalese,1
nevison,1
kennett,1
stoesz,1
langolf,1
raucci,1
wetherill,1
bucholtz,1
lillick,1
certain,1
lillich,1
krog,1
muslim,1
tegethoff,1
icenogle,1
ursiak,1
gazda,1
crout,1
kroc,1
krob,1
joung,1
avitia,1
maybin,1
danza,1
wilemon,1
kronstedt,1
kenimer,1
hornstein,1
tellefson,1
sulcer,1
maurais,1
sanft,1
ringold,1
picetti,1
polfer,1
dominiak,1
sanez,1
bernsen,1
brochure,1
gnas,1
gnau,1
mcmurrey,1
mcgorry,1
garrick,1
reibman,1
bujak,1
satava,1
adrian,1
maywood,1
pedrotti,1
volkmann,1
badman,1
bzhyan,1
dowdell,1
burgbacher,1
pestronk,1
saner,1
sanes,1
cross,1
greever,1
greeves,1
nienow,1
kempkens,1
vanwye,1
kienitz,1
bonomi,1
otts,1
crose,1
gentles,1
dukeshire,1
micallef,1
weatherbee,1
pulling,1
vanwyk,1
otto,1
kraska,1
bonomo,1
satawa,1
genuario,1
fullmore,1
gavles,1
macugay,1
garrido,1
diebold,1
jacobos,1
lupold,1
rockhill,1
dombrowski,1
dominick,1
mitter,1
dominici,1
dominico,1
drayer,1
cherwinski,1
hergenroeder,1
longsworth,1
otsu,1
winrow,1
mitten,1
chander,1
crouchet,1
sangh,1
sangi,1
otte,1
croucher,1
lafollette,1
otta,1
stadther,1
mayben,1
mcausland,1
schaetzle,1
darbyshire,1
balque,1
appleby,1
charity,1
illescas,1
anreozzi,1
rosenthall,1
mirabile,1
fowble,1
haraldson,1
vetere,1
catalano,1
cohoon,1
muzquiz,1
chamberlin,1
bridgham,1
allyne,1
momper,1
selnes,1
wulffraat,1
mcmurray,1
overstrom,1
byler,1
byles,1
garness,1
rotondo,1
machlin,1
tortorice,1
sockalosky,1
heitman,1
adrien,1
mcerlean,1
shaffren,1
pullins,1
tortorici,1
somodi,1
mollema,1
midyett,1
veltman,1
tarboro,1
marascalco,1
crowl,1
pesantes,1
crown,1
casanova,1
hatchel,1
enmon,1
garnett,1
sandy,1
setty,1
kinnett,1
hatcher,1
sandt,1
hatchet,1
sands,1
linhares,1
muschett,1
howick,1
palmatier,1
sando,1
veteto,1
thieklin,1
sandi,1
rummerfield,1
baroldy,1
battino,1
sande,1
crowe,1
ingrassia,1
parsons,1
mittag,1
lamfers,1
sanda,1
catalani,1
calonne,1
stingley,1
henrie,1
dyals,1
stipanuk,1
crovo,1
jacobus,1
mittan,1
swab,1
egnor,1
exon,1
kaemmerling,1
kroh,1
kalisch,1
larrimore,1
krok,1
durando,1
krom,1
krol,1
eckert,1
hawley,1
ecker,1
danzy,1
kron,1
eckes,1
swam,1
eckel,1
swan,1
terlizzi,1
sette,1
lafortune,1
sance,1
radlinski,1
traycheff,1
simonett,1
coltrain,1
thalmann,1
ringering,1
sizar,1
bleimehl,1
stampley,1
doporto,1
sillery,1
manin,1
feldhaus,1
pomplun,1
wolsey,1
mania,1
moeder,1
mcroyal,1
saupe,1
gayer,1
achane,1
orendain,1
wildsmith,1
laferney,1
korslund,1
sheerin,1
mango,1
jamesson,1
schuering,1
norales,1
desharnais,1
geurts,1
manha,1
terrezza,1
rigdon,1
beurskens,1
brightwell,1
pahnke,1
giangregorio,1
erhardt,1
engberson,1
yanity,1
behlen,1
daehn,1
colestock,1
behler,1
lovallo,1
smayda,1
dudden,1
sauro,1
maney,1
greenstein,1
cashman,1
manes,1
maner,1
daymude,1
hindin,1
gillerist,1
davensizer,1
peoples,1
hawker,1
hawkes,1
wenning,1
huckle,1
tetterton,1
yarman,1
hawken,1
johnston,1
sause,1
patraw,1
sizer,1
woiwode,1
patras,1
vonholt,1
mandt,1
simkins,1
speece,1
mostad,1
gunnarson,1
mandy,1
moczulski,1
alessio,1
yanish,1
hansing,1
rochford,1
afan,1
nonemaker,1
fleitman,1
valladares,1
beadle,1
poliks,1
quintard,1
tweedy,1
reibert,1
buzzanca,1
schillinger,1
pargman,1
duraku,1
forsha,1
somani,1
manco,1
malsam,1
lewicki,1
gibbons,1
kerstein,1
altamiruno,1
cerqueira,1
loveland,1
uchimura,1
manda,1
wolske,1
mandi,1
tiangco,1
wolski,1
derocco,1
prophet,1
mayeshiba,1
zylstra,1
palmerin,1
polino,1
rusboldt,1
varone,1
swiggum,1
reidinger,1
cabiya,1
varona,1
piotrowski,1
poling,1
greenberger,1
jotblad,1
manby,1
guiggey,1
scipione,1
sauve,1
braboy,1
hindes,1
scipioni,1
mance,1
degenhardt,1
koczur,1
manca,1
byker,1
neighbours,1
edgeworth,1
buerge,1
malsch,1
ribron,1
eckelman,1
manas,1
cashmer,1
elhosni,1
weenum,1
devillez,1
swartout,1
moseman,1
stelluti,1
broadway,1
quintana,1
moster,1
poplar,1
forsey,1
bonyai,1
albach,1
maclaren,1
doiron,1
labarriere,1
forsee,1
krueger,1
desgroseillie,1
cossey,1
andrango,1
deroche,1
dechellis,1
puerta,1
kruegel,1
crytzer,1
badena,1
osofsky,1
quintano,1
youssefi,1
lamarra,1
hodnicki,1
dalenberg,1
mazurk,1
labarge,1
lamarre,1
lifer,1
puerto,1
cavaretta,1
holtan,1
lenderman,1
foradori,1
sheeran,1
pfohl,1
asevedo,1
mysak,1
vancise,1
sakihara,1
gutgesell,1
ishmael,1
kostecki,1
segal,1
lamarsh,1
segar,1
granillo,1
leasure,1
bliese,1
forsch,1
jeffris,1
ananias,1
prophit,1
speedy,1
pangrazio,1
cossin,1
cossio,1
lamarta,1
sundling,1
zeagler,1
renken,1
goodknight,1
thelin,1
yetter,1
scarritt,1
firestone,1
renker,1
renkes,1
fuselier,1
wiseley,1
doker,1
dokes,1
mihelcic,1
samanlego,1
polite,1
coltrane,1
porath,1
bjornson,1
ellingwood,1
lashmet,1
carwin,1
pleitez,1
halaliky,1
drowne,1
hawkey,1
thompsom,1
gnerre,1
thompson,1
yslas,1
harelson,1
polito,1
froehle,1
triglia,1
politi,1
leischner,1
holten,1
patrin,1
weisenhorn,1
holter,1
datcher,1
linard,1
patria,1
camenisch,1
segel,1
shoemate,1
iulianetti,1
gavagan,1
dumire,1
reedholm,1
soliece,1
sheerer,1
segee,1
patrie,1
moffett,1
derkach,1
bodovsky,1
fontenot,1
ohta,1
jorgensen,1
batrum,1
skimehorn,1
notley,1
labarba,1
seger,1
ciraulo,1
kuizinas,1
gottsch,1
steenrod,1
shiminski,1
bordelon,1
brinson,1
ingenito,1
langham,1
delacuesta,1
nabarrete,1
tesnow,1
zahourek,1
boenisch,1
hawkin,1
brindisi,1
politz,1
dunlevy,1
cossel,1
wohlwendi,1
winzer,1
erler,1
mainolfi,1
geurin,1
ingwell,1
thelen,1
selsor,1
reevers,1
lavadie,1
benscoter,1
lochan,1
dipietrantoni,1
aegerter,1
mcclard,1
wiford,1
timberman,1
carlsson,1
johnstad,1
tangeman,1
anhalt,1
lackett,1
ohrt,1
brabec,1
malinovsky,1
drelick,1
turnball,1
dokka,1
chavous,1
chesebro,1
savas,1
poplin,1
zacharias,1
walwyn,1
altstatt,1
patron,1
galofaro,1
durante,1
fugett,1
basgall,1
sowle,1
bettinson,1
zachariah,1
szczesniak,1
rubick,1
hermens,1
foddrell,1
hemsath,1
scandurra,1
cordwell,1
hoppman,1
chaddick,1
selvera,1
ledgerwood,1
hesketh,1
eken,1
csensich,1
rillera,1
coffelt,1
lindbloom,1
clason,1
cabido,1
heskett,1
polian,1
bowels,1
locher,1
mcclave,1
lochen,1
pigman,1
barends,1
flenord,1
contrino,1
slightam,1
avenia,1
crousore,1
sachez,1
fragman,1
salvitti,1
garfias,1
sturino,1
sacher,1
pawlikowski,1
saches,1
savel,1
jorgenson,1
argetsinger,1
seiders,1
badeau,1
mossor,1
mosson,1
ohno,1
shusterman,1
machuga,1
ducatelli,1
speese,1
toothman,1
saver,1
bowell,1
flenory,1
hardiman,1
presswood,1
lewelling,1
saven,1
ohme,1
grecco,1
panetta,1
holton,1
bowens,1
allsop,1
demicco,1
mcclafferty,1
aery,1
ohms,1
speers,1
kleidon,1
spraggins,1
vollbrecht,1
zucconi,1
schmiedeskamp,1
hohowski,1
saenphimmacha,1
scircle,1
visitacion,1
ohle,1
myrum,1
racilis,1
gustaveson,1
kerlin,1
selser,1
zader,1
darvile,1
ekas,1
stobb,1
zadeh,1
lardizabal,1
mcclary,1
mellerson,1
montalbano,1
bohonik,1
lizaola,1
sachar,1
rothmann,1
mcclair,1
myron,1
kerley,1
scialpi,1
reineking,1
savka,1
woodbeck,1
mcclaim,1
warfield,1
mcclain,1
cohill,1
stock,1
mayall,1
navarrate,1
viessman,1
mayala,1
patrum,1
contratto,1
kohout,1
wroten,1
chaffin,1
mamon,1
facteau,1
darvish,1
simpkins,1
carbaugh,1
dhillon,1
savic,1
quayle,1
lantaff,1
staiger,1
savin,1
montbriand,1
daddea,1
savio,1
cilek,1
mcgougan,1
jarzombek,1
mcatee,1
kendrick,1
boettger,1
scorgie,1
mlinar,1
kobylinski,1
stoel,1
clasen,1
leyvas,1
lamarch,1
stoen,1
cappiello,1
hogeland,1
schleker,1
lamarca,1
sheaman,1
polakoff,1
bowery,1
shikuma,1
stoey,1
mammo,1
eshmon,1
bowers,1
blacklock,1
zmijewski,1
holtry,1
stichter,1
mayans,1
stoff,1
crnkovich,1
broxson,1
haifley,1
sciallo,1
hallock,1
etters,1
templeman,1
savko,1
broker,1
seidell,1
beacom,1
eifler,1
quesinberry,1
allsup,1
caraher,1
schwarzlose,1
dekker,1
borner,1
daddio,1
fragmin,1
mcclamy,1
coffell,1
scattergood,1
delgrande,1
bomaster,1
police,1
chagolla,1
sakshaug,1
jeane,1
mcclane,1
fugere,1
boswink,1
callington,1
shanafelt,1
horsburgh,1
chaffer,1
krumroy,1
polich,1
gothard,1
decardo,1
troutner,1
porada,1
twidwell,1
wiborg,1
kertzman,1
calarco,1
stohr,1
stohs,1
lovisone,1
policz,1
chaffey,1
stohl,1
bayird,1
hindle,1
kraeger,1
lonsway,1
mosmeyer,1
batrez,1
tharnish,1
mcveigh,1
kubitz,1
mayard,1
piacquadio,1
brokaw,1
zacherl,1
kreiss,1
laszlo,1
stoia,1
august,1
gittler,1
lopresto,1
lopresti,1
batres,1
demeritte,1
cianflone,1
scovill,1
lagrow,1
blumhardt,1
jeans,1
sanford,1
savoy,1
longman,1
costenive,1
leveillee,1
boulding,1
kubish,1
congleton,1
brosseau,1
reazer,1
holtgrefe,1
zachery,1
satow,1
maricich,1
engelhaupt,1
seamster,1
agin,1
goodnough,1
maohu,1
butor,1
mccullough,1
fairburn,1
hardimon,1
steinhaus,1
palinkas,1
schickel,1
battee,1
reidhaar,1
chaffee,1
emberger,1
harshman,1
edridge,1
desvergnes,1
batten,1
agoras,1
zabarkes,1
batter,1
drovin,1
condreay,1
guilliams,1
dewhurst,1
chickering,1
battey,1
sympson,1
beachy,1
bonnoitt,1
gallahan,1
desolier,1
myrie,1
oderkirk,1
speicher,1
shackleford,1
yetsko,1
decent,1
mcwhirter,1
derting,1
murillo,1
kreitz,1
waterfall,1
limesand,1
kounlavong,1
roebuck,1
cohick,1
murilla,1
lestage,1
behmer,1
cills,1
cillo,1
courtoy,1
timperman,1
glimpse,1
tweden,1
ligon,1
mccormic,1
kuzyk,1
postuci,1
campuzano,1
satoe,1
costas,1
babineaux,1
courton,1
mccormik,1
beuchat,1
agib,1
decena,1
shorrock,1
stembridge,1
henningsen,1
conception,1
bickler,1
rauner,1
ambrosius,1
vanderwall,1
agel,1
concatelli,1
esquivel,1
faulkenburg,1
agee,1
butta,1
whitfill,1
kleinschmidt,1
butte,1
clasby,1
ager,1
ebesugawa,1
bickley,1
forres,1
esquivez,1
forrer,1
faulkenbury,1
light,1
forren,1
themot,1
myres,1
lipscomb,1
gransberry,1
roundtree,1
waclawski,1
fairbrother,1
tessendorf,1
tesmer,1
myree,1
cotterman,1
endries,1
whiddon,1
myren,1
gallaher,1
juenger,1
carlsten,1
zeyer,1
nahrstedt,1
kranock,1
crompton,1
barkhurst,1
hipsley,1
dadds,1
schlotthauer,1
deloera,1
giaccone,1
babbit,1
broich,1
boening,1
decarlo,1
satre,1
rosenbalm,1
babbin,1
dadey,1
buttz,1
trammer,1
sanburg,1
lutrick,1
butts,1
longley,1
picolet,1
broida,1
anspach,1
muhammed,1
trammel,1
myrck,1
meeder,1
spriggins,1
skillington,1
zbikowski,1
montayes,1
licklider,1
agan,1
clendenen,1
mclauren,1
durrant,1
perillo,1
agar,1
dieckmann,1
bevans,1
sachse,1
zabek,1
mcquistion,1
dobratz,1
zabel,1
cubeta,1
saravia,1
hallmon,1
durrani,1
dolfi,1
eike,1
swoopes,1
malinoski,1
freistuhler,1
gaultney,1
brossett,1
dobrasz,1
dornbos,1
towber,1
sapienza,1
bohannan,1
bergdorf,1
mcmicheal,1
wadlinger,1
maschmeyer,1
bradac,1
upmeyer,1
edmondson,1
ramgel,1
cubero,1
defreece,1
cilva,1
sherdon,1
lweis,1
mickelberry,1
baisley,1
borunda,1
maobi,1
ohland,1
loughnane,1
eigo,1
bessire,1
doldo,1
vartanian,1
seekamp,1
weakly,1
gitter,1
narkier,1
neyaci,1
stebbins,1
costin,1
urguhart,1
stefanelli,1
dolen,1
winnicki,1
mckinney,1
zabik,1
doler,1
doles,1
evora,1
volstad,1
sandrock,1
tennill,1
lutwin,1
spangenberg,1
lashley,1
kubick,1
bergdoll,1
holtgrewe,1
risser,1
dolby,1
steinlicht,1
lashlee,1
kubica,1
balogh,1
mclaurin,1
bevard,1
satterley,1
ermogemous,1
maddaleno,1
meldahl,1
pagliarini,1
castleton,1
ligas,1
rzepka,1
hartwick,1
hoseck,1
sadlier,1
dolch,1
manzo,1
kubicz,1
manzi,1
dolce,1
zabka,1
manza,1
jakob,1
mcwhinnie,1
challberg,1
kubiak,1
cortner,1
drafall,1
jarnagin,1
akiyama,1
laureles,1
zable,1
rybarczyk,1
corliss,1
soyke,1
stapelman,1
eich,1
haulbrook,1
barajas,1
eick,1
balerio,1
chafetz,1
cistrunk,1
costen,1
maddalena,1
satterlee,1
eidt,1
cornelio,1
steinhart,1
coster,1
tomaszewski,1
perilli,1
eide,1
plagmann,1
cornelia,1
dolak,1
herrman,1
krejci,1
dolan,1
schrieber,1
kanzenbach,1
bracey,1
albany,1
klarin,1
clarks,1
sposato,1
sansouci,1
asano,1
cawthorn,1
albang,1
tennies,1
dolph,1
buanno,1
glasner,1
albani,1
chaisty,1
carlston,1
frutchey,1
sauby,1
dacus,1
naborg,1
waldschmidt,1
zarzuela,1
albano,1
tonelli,1
cuperus,1
kraskouskas,1
canaan,1
sullenberger,1
huhman,1
simoneau,1
sawatzke,1
balock,1
sawatzki,1
bookout,1
roeschley,1
carrelli,1
toguchi,1
theodoropoulo,1
smiglewski,1
kuen,1
valentino,1
amerine,1
gandarillia,1
kues,1
sansoucy,1
kuzio,1
jarosh,1
garczynski,1
marland,1
harwick,1
adrid,1
wilterdink,1
kuhl,1
prescod,1
bonagurio,1
kuhn,1
venske,1
kuhs,1
jarosz,1
kuhr,1
jakab,1
sespinosa,1
jaross,1
seeds,1
degenfelder,1
amsden,1
bracht,1
mcpheron,1
kuzia,1
panessa,1
dolly,1
bowden,1
whidden,1
belrose,1
decasas,1
agarwal,1
standeven,1
hessong,1
munstermann,1
schuemann,1
kalata,1
logston,1
merriman,1
clarke,1
kube,1
klaren,1
kuba,1
piacitelli,1
daliva,1
greder,1
canady,1
coston,1
linsdau,1
kubu,1
mckelphin,1
kerker,1
dolle,1
asaro,1
kubo,1
kalama,1
drouse,1
linsday,1
tomsic,1
canclini,1
walkling,1
canada,1
allgeier,1
albair,1
manry,1
kleefisch,1
jeffrey,1
jondahl,1
dalitz,1
jakes,1
laurelli,1
batson,1
beddows,1
langill,1
dagres,1
sauer,1
savedra,1
kuan,1
mansi,1
jafari,1
bowdle,1
clendenin,1
manso,1
valentini,1
dolio,1
dolin,1
rickabaugh,1
calchera,1
svenningsen,1
mante,1
venson,1
kalani,1
valentine,1
telford,1
moyerman,1
boulger,1
jeffrie,1
flennoy,1
manto,1
kuzma,1
clarno,1
kudo,1
tomski,1
schisler,1
narcisse,1
prettner,1
nabors,1
kuca,1
kuch,1
dennington,1
shoemake,1
mcauly,1
mantz,1
sauce,1
cominski,1
redgate,1
kindlimann,1
sayaphon,1
zacek,1
bracco,1
haffner,1
manus,1
mckinnie,1
kuck,1
mckinnis,1
claros,1
guitard,1
cominsky,1
bierwagen,1
wasowski,1
manne,1
costilla,1
alphonso,1
manni,1
marlatt,1
santander,1
alphonse,1
alhaddad,1
funari,1
manno,1
osgood,1
tesmar,1
funaro,1
tejada,1
manns,1
vensel,1
palmer,1
marschall,1
rudnitski,1
costillo,1
groesbeck,1
engle,1
patillo,1
brandenberger,1
moselle,1
manna,1
fegett,1
lukianov,1
kufner,1
strohman,1
bessick,1
sartori,1
hanshaw,1
feldhake,1
manoi,1
thornborough,1
sartore,1
decourt,1
troutman,1
manon,1
manos,1
canonico,1
manor,1
beyerlein,1
johnsrud,1
clardy,1
manny,1
barajos,1
asato,1
bohannon,1
morrall,1
america,1
afoa,1
cartmill,1
mobilio,1
henneberger,1
muhammad,1
bowdon,1
stmarie,1
seely,1
bussler,1
quartucci,1
schiesher,1
roudebush,1
butteris,1
oganyan,1
guitano,1
burchett,1
voyer,1
belback,1
babbel,1
drossman,1
nylander,1
polisoto,1
schoeller,1
krupicka,1
souders,1
carstensen,1
vandresar,1
hughley,1
behlke,1
kerkel,1
seese,1
kassouf,1
hearron,1
beswick,1
novielli,1
hanshew,1
pfotenhauer,1
noviello,1
brandenburg,1
pforr,1
riemersma,1
manis,1
babicke,1
pascarella,1
mckinnon,1
escorza,1
manko,1
clammer,1
kazeck,1
slocombe,1
labarre,1
oien,1
manka,1
olavarria,1
manke,1
weatherill,1
canale,1
tomson,1
nathaniel,1
costilow,1
pascarelli,1
mobilia,1
measeck,1
seery,1
sicinski,1
hinely,1
engen,1
engel,1
vanscoter,1
wisseman,1
kammerdiener,1
enger,1
moseley,1
kalawe,1
mostyn,1
enget,1
clendenon,1
rassman,1
timmins,1
vandeweert,1
bowdry,1
sault,1
sauls,1
kuzel,1
clarey,1
earnheart,1
canonica,1
saulo,1
sarinana,1
gawel,1
austell,1
quibodeaux,1
bracks,1
yokoyama,1
vandervort,1
bolyard,1
ciaschi,1
broxton,1
bordenet,1
sansotta,1
kennebeck,1
pfost,1
krejsa,1
ruzicki,1
bowdre,1
manly,1
grzesik,1
zacate,1
ruzicka,1
boroff,1
ellerson,1
blazing,1
kuta,1
butscher,1
frederiksen,1
desantigo,1
nederostek,1
blazina,1
forbach,1
meerdink,1
kuti,1
canary,1
midthun,1
thangavelu,1
romain,1
tombrello,1
canard,1
thalls,1
willinsky,1
cimko,1
summarell,1
rastetter,1
hotovec,1
donnelly,1
kuss,1
else,1
pattee,1
kutz,1
clavey,1
sieker,1
musick,1
patter,1
elsa,1
musich,1
zicherman,1
giorgini,1
patten,1
mundwiller,1
freedman,1
sprinkles,1
borlin,1
kuty,1
yaroch,1
mcewen,1
anderst,1
kutt,1
smillie,1
prevette,1
trapanese,1
kura,1
petrina,1
sholette,1
inocencio,1
mulberry,1
orsten,1
caronna,1
petrino,1
dadamo,1
stanforth,1
petrini,1
denetclaw,1
greany,1
barager,1
shaddox,1
seibt,1
kury,1
rousseau,1
kurz,1
musial,1
chappell,1
grassham,1
lafrazia,1
kazabi,1
stenslie,1
engelhardt,1
sasse,1
mulders,1
lindau,1
kuse,1
ahia,1
falter,1
kush,1
weisgarber,1
kurk,1
voves,1
reznik,1
mapel,1
carrecter,1
mulroney,1
jokinen,1
kurr,1
mapes,1
kurt,1
janitz,1
lindbo,1
abbamonte,1
hossain,1
lacoss,1
canant,1
koeller,1
worsell,1
barthell,1
maffey,1
cruce,1
sherard,1
bisconer,1
bickman,1
spataro,1
mackimmie,1
paveglio,1
gattuso,1
spillett,1
darakjy,1
barreiro,1
pahler,1
unsicker,1
mcewin,1
tesler,1
barreira,1
simmerman,1
maple,1
cartmell,1
crudo,1
janowiak,1
lacour,1
tavakoli,1
janish,1
hosang,1
janise,1
zervos,1
malueg,1
beaber,1
mondino,1
ahearn,1
bankhead,1
odums,1
cusanelli,1
seckletstewa,1
flattery,1
chanoine,1
shuskey,1
ohern,1
nockai,1
baragan,1
halverson,1
olaughlin,1
blundo,1
spillers,1
lindel,1
heverley,1
vandegraaff,1
linden,1
baragar,1
klinger,1
vanderhoot,1
linder,1
palanza,1
domas,1
klingen,1
maffit,1
klingel,1
schlotterbeck,1
courson,1
duitscher,1
ahlm,1
staniford,1
ahlo,1
dacey,1
vanderhoof,1
waymire,1
esteybar,1
maffia,1
decorte,1
ahlf,1
ahle,1
doman,1
keniry,1
allvin,1
faltin,1
stilwell,1
petrosino,1
keoghan,1
wahlgren,1
sheltrown,1
wekenmann,1
shaddix,1
kuka,1
elio,1
kakani,1
elie,1
schrecker,1
overhulser,1
clinkingbeard,1
avella,1
skutnik,1
marzolf,1
kuks,1
trafford,1
fonohema,1
elis,1
dieball,1
kula,1
avello,1
mccalpin,1
mamudoski,1
longsdorf,1
hillesheim,1
aylesworth,1
kostrzewa,1
kulp,1
mannheimer,1
householder,1
kull,1
filippini,1
sawatzky,1
greaux,1
roussell,1
cruea,1
riggan,1
patanella,1
elks,1
insogna,1
dachs,1
elko,1
bergfield,1
bennings,1
grennay,1
elke,1
barella,1
cruel,1
colwell,1
kassman,1
bounleut,1
cruey,1
kuiz,1
beckelheimer,1
jantz,1
grennan,1
ells,1
kuja,1
osenkowski,1
domer,1
ello,1
domek,1
cruff,1
kaczorowski,1
laurance,1
hascup,1
winebaugh,1
westphalen,1
patton,1
padget,1
cabler,1
loggains,1
janus,1
nerlich,1
cucufate,1
cables,1
maffei,1
wanamaker,1
lumley,1
adsit,1
maffeo,1
sasso,1
demeritt,1
mckinnies,1
innocent,1
rummell,1
elmo,1
sturges,1
stradley,1
seidl,1
elms,1
wassman,1
seide,1
suminski,1
septon,1
salberg,1
vandermeer,1
zlaten,1
beddome,1
ahal,1
hartfield,1
mcewan,1
pattie,1
plotrowski,1
raisley,1
grymes,1
steinbauer,1
crull,1
castrillo,1
raisler,1
burchill,1
hoenstine,1
lyster,1
barragan,1
seidt,1
janow,1
crume,1
cederstrom,1
janos,1
crumb,1
gostomski,1
kivioja,1
mccurty,1
rushton,1
nussbaumer,1
romack,1
avenoso,1
kumm,1
greising,1
kump,1
tallerico,1
balnis,1
gentelia,1
lindesmith,1
pigott,1
gradney,1
hautamaki,1
jorres,1
siewers,1
pinchback,1
siewert,1
muldowney,1
seier,1
kuna,1
eloy,1
carratura,1
kunc,1
corzine,1
egloff,1
laurange,1
mabary,1
cruiz,1
thaler,1
domin,1
petrick,1
kuns,1
mccurry,1
petrich,1
kung,1
sandidge,1
domio,1
ratering,1
kuni,1
vansteenberg,1
redstone,1
steinbaugh,1
sozio,1
guebert,1
kunz,1
beilstein,1
teslow,1
mannheim,1
forsell,1
janke,1
corless,1
hazekamp,1
gayo,1
lutrell,1
oyabu,1
mondier,1
balckwell,1
gerteisen,1
husfelt,1
lazenby,1
rosewell,1
emde,1
kikkert,1
heimbigner,1
pattum,1
klasen,1
gaye,1
angocicco,1
janka,1
domke,1
preedom,1
risper,1
bellinger,1
kvek,1
olverson,1
kassler,1
corlett,1
hosack,1
satar,1
ordona,1
crupe,1
haggarty,1
weeman,1
daguio,1
friberg,1
crupi,1
lazewski,1
badger,1
badget,1
janis,1
balandran,1
sturgis,1
emch,1
moscowitz,1
wiesemann,1
burggraf,1
manfredi,1
epperley,1
zabbo,1
siruta,1
maddron,1
ugaitafa,1
malkiewicz,1
mcaree,1
hagstrom,1
harkrider,1
delmastro,1
starchman,1
bussman,1
larroque,1
gavit,1
gavin,1
crunk,1
rotchford,1
chronis,1
carton,1
nelligan,1
harbeck,1
mosure,1
bevers,1
mabane,1
debruyn,1
crumm,1
gave,1
calicutt,1
dannecker,1
scardino,1
emel,1
johengen,1
tourtelotte,1
wambach,1
aveles,1
henschke,1
kilborn,1
crump,1
peairs,1
poniatoski,1
hemerly,1
dompe,1
janick,1
zeitlin,1
roysden,1
bradfute,1
salvetti,1
gottula,1
carotenuto,1
quirindongo,1
matyas,1
janice,1
rasbury,1
mckale,1
laufenberg,1
sackett,1
alaibilla,1
maltos,1
zaituna,1
magliacane,1
arleth,1
zellman,1
bevell,1
lacock,1
goulbourne,1
johal,1
sarault,1
bevels,1
radwick,1
ousley,1
cinar,1
saulters,1
mcpeters,1
veader,1
tersteeg,1
ishmon,1
stutheit,1
priester,1
jinwright,1
azebedo,1
guziec,1
crute,1
emge,1
stropus,1
johar,1
janey,1
mcwhinney,1
dieckman,1
janes,1
cornella,1
gallagos,1
medsker,1
schenkel,1
schenker,1
cruse,1
janik,1
courtad,1
beaufait,1
mullahey,1
jointer,1
evola,1
guziak,1
guilmette,1
scannell,1
poskitt,1
abajian,1
mckain,1
clausi,1
bevens,1
fiorenza,1
wallwork,1
schoelman,1
hedding,1
gesualdo,1
cartin,1
anslow,1
fiorenzi,1
clauss,1
specht,1
predmore,1
gesualdi,1
bazzanella,1
emig,1
ahlstedt,1
mckaig,1
wedlock,1
broman,1
marbury,1
gazo,1
heddins,1
teodoro,1
prudente,1
wiliams,1
clause,1
biehle,1
fulbright,1
muscaro,1
losiewski,1
elzy,1
hossack,1
whitegoat,1
pascual,1
palange,1
limthong,1
kernes,1
foecke,1
kerner,1
jirsa,1
cawley,1
borremans,1
kerney,1
welford,1
duderstadt,1
chairez,1
hosaka,1
rencher,1
ansley,1
elza,1
janak,1
henschel,1
liddicoat,1
valensuela,1
waegner,1
wellbrock,1
suellentrop,1
chaires,1
janas,1
latshaw,1
pelletier,1
zurasky,1
paponetti,1
loperfido,1
gapp,1
erion,1
pallet,1
porche,1
muscara,1
varenhorst,1
lightbourne,1
blazier,1
palley,1
henschen,1
agle,1
alexakis,1
romans,1
hessler,1
vizena,1
bonjorno,1
maciolek,1
ramero,1
kapinos,1
romano,1
courter,1
agni,1
netley,1
gant,1
ganz,1
gavan,1
capuchin,1
scianna,1
guijarro,1
ingle,1
mullenax,1
janek,1
janiak,1
merrills,1
ramesh,1
romani,1
romane,1
stropes,1
casgrove,1
snellbaker,1
ishman,1
gana,1
janco,1
blazich,1
zeitler,1
hotalen,1
ascolese,1
carmichael,1
bessler,1
swiggett,1
northcote,1
kernen,1
leonard,1
gann,1
janda,1
gano,1
kuza,1
dziuba,1
gans,1
agne,1
trueheart,1
gane,1
cinco,1
jandl,1
malton,1
elting,1
gang,1
dumler,1
northcott,1
gani,1
gaub,1
mcevoy,1
jiron,1
kukura,1
vanderwege,1
anderon,1
gatz,1
lacomb,1
wimbush,1
pallan,1
leipheimer,1
gaud,1
underkoffler,1
pinyan,1
gaul,1
scardina,1
strople,1
maruffo,1
priestly,1
gaut,1
gallager,1
gaus,1
agor,1
gata,1
walund,1
millbern,1
kleiber,1
millberg,1
mulhall,1
harbert,1
zavaleta,1
sehrt,1
gath,1
doskocil,1
allmond,1
sugerman,1
gate,1
gato,1
weemes,1
pignone,1
brudnicki,1
pallas,1
devarona,1
maltie,1
longbotham,1
sater,1
ofer,1
sturgul,1
saglibene,1
gavia,1
kvam,1
vanderweel,1
adamczyk,1
falson,1
vovak,1
gary,1
gaves,1
harbater,1
gaver,1
muscato,1
garbett,1
agro,1
gavel,1
gash,1
chrones,1
gase,1
grennon,1
kravec,1
romaro,1
grosbier,1
crowner,1
paonessa,1
oyama,1
rosenbaum,1
dicamillo,1
tobolski,1
mannello,1
embt,1
gast,1
mannella,1
gass,1
embs,1
neason,1
graminski,1
kaminaka,1
marhoefer,1
stropko,1
rotunno,1
nazzise,1
avelar,1
tiburcio,1
gara,1
garb,1
fragoso,1
gard,1
lincks,1
garf,1
archambault,1
garg,1
gari,1
plympton,1
dumlao,1
thakur,1
emal,1
agre,1
garo,1
garn,1
brindley,1
fragosa,1
romash,1
garr,1
ruggirello,1
cruze,1
akerson,1
halprin,1
stork,1
datson,1
store,1
aschbacher,1
stephens,1
ramelb,1
zupfer,1
schantini,1
storr,1
trahern,1
storm,1
gaff,1
debruhl,1
wardrop,1
gaer,1
kamaunu,1
story,1
storz,1
currell,1
rubins,1
esperanza,1
rubino,1
getchell,1
swartzentrube,1
armelin,1
wimsatt,1
enick,1
austgen,1
isenhower,1
gage,1
maltez,1
byford,1
debruin,1
gagg,1
kaldas,1
wittich,1
malter,1
lochte,1
dalfonso,1
sarpy,1
giarrusso,1
claghorn,1
veldhuizen,1
koistinen,1
vajnar,1
geisel,1
phelts,1
spindler,1
sarna,1
sarne,1
hornaday,1
herreras,1
gahl,1
sarni,1
gaudette,1
gahm,1
mccalanahan,1
stopp,1
gago,1
stops,1
worthing,1
kirchmeier,1
current,1
arcoraci,1
currens,1
geiser,1
balmir,1
geisen,1
elfstrom,1
weekly,1
nolasco,1
linear,1
yokel,1
garnand,1
claude,1
stoop,1
gail,1
tobler,1
gain,1
stoos,1
swogger,1
stoot,1
gahn,1
stoor,1
hornbuckle,1
sarno,1
gahr,1
miklos,1
decosta,1
negrana,1
kuhnemund,1
gauze,1
decoste,1
stopa,1
byham,1
bonefont,1
gotchy,1
maltby,1
goldstein,1
loertscher,1
vanbecelaere,1
bookman,1
stone,1
aina,1
stong,1
varron,1
bottari,1
sarks,1
dabbs,1
argote,1
lunghofer,1
bottaro,1
zampaglione,1
schopflin,1
boward,1
wolter,1
blubaugh,1
querido,1
balmos,1
gair,1
vanhoff,1
stayter,1
turberville,1
jarman,1
dematteis,1
zavacky,1
laurence,1
slusser,1
patuel,1
teskey,1
firoozbakht,1
rumburd,1
sundstrom,1
troublefield,1
maltba,1
avallone,1
aini,1
leverton,1
sarlo,1
maltas,1
mcever,1
sarli,1
weichbrodt,1
galm,1
nagele,1
benassi,1
arenburg,1
gall,1
keffer,1
gasperi,1
curreri,1
ohan,1
lewandowsky,1
biegel,1
galo,1
stoll,1
czarkowski,1
gale,1
wardrip,1
brokke,1
husband,1
gali,1
zufelt,1
stole,1
sario,1
vanmaanen,1
sieczkowski,1
sarin,1
hanagami,1
tortoriello,1
saris,1
gala,1
muschamp,1
stolz,1
duguette,1
onstott,1
stolp,1
boreland,1
ceasor,1
catrone,1
stolt,1
stoke,1
braatz,1
kernan,1
sarka,1
gamm,1
basurto,1
gruwell,1
forkner,1
adamczak,1
ginard,1
spiegelman,1
bolender,1
donat,1
walter,1
hegwer,1
donar,1
daber,1
donah,1
radziewicz,1
macmurray,1
gama,1
lewandowski,1
gals,1
fragozo,1
galt,1
durbin,1
abendroth,1
mcvinney,1
popoff,1
fremming,1
ekin,1
pugsley,1
maddrey,1
ekis,1
shallenberger,1
dudeck,1
chavayda,1
burzlaff,1
carvin,1
lindzy,1
trogdon,1
lizardi,1
lizardo,1
patadia,1
fabrizi,1
uccello,1
sherbon,1
dongo,1
magnusson,1
tummons,1
fireman,1
lizarda,1
lingerfelter,1
decatur,1
dulberg,1
phelka,1
glasper,1
johns,1
gause,1
tipton,1
ellingham,1
murello,1
brinton,1
bonucchi,1
caulder,1
soliday,1
sharpes,1
branagan,1
minzenberger,1
zellmer,1
sharpey,1
seher,1
myott,1
gauss,1
chinetti,1
pappas,1
woolery,1
grivas,1
murelli,1
aberle,1
sharper,1
mcmeans,1
adamaitis,1
pappan,1
popoca,1
sakoda,1
aboulahoud,1
wingrove,1
donel,1
biesinger,1
bedell,1
cutillo,1
stwart,1
doner,1
johll,1
dones,1
deluise,1
feleppa,1
filthaut,1
doney,1
donez,1
kimpton,1
rabuse,1
calvello,1
prabhakaran,1
stowe,1
ungar,1
carvey,1
gaar,1
witting,1
gaal,1
calderone,1
allshouse,1
featherston,1
balette,1
dobrushin,1
comans,1
klatte,1
gabe,1
cajulus,1
sarti,1
gaba,1
carvel,1
kinoshita,1
sasuille,1
everley,1
carver,1
raburn,1
stove,1
lovaas,1
melochick,1
codling,1
sielski,1
gabl,1
sebourn,1
pamphile,1
schoenborn,1
gach,1
fankhauser,1
stout,1
jamon,1
kroening,1
dethlefs,1
sieler,1
tortora,1
gaby,1
leuchs,1
phagan,1
balmes,1
nogoda,1
balmer,1
stoud,1
vriens,1
pilchowski,1
stittsworth,1
gack,1
stotz,1
ailshire,1
gade,1
kassner,1
gadd,1
stott,1
engram,1
sarra,1
rameau,1
erker,1
beecroft,1
mckinlay,1
allums,1
goffigan,1
notoma,1
ruminski,1
donis,1
gady,1
phelps,1
ugalde,1
thaker,1
sarro,1
ashlock,1
ellwein,1
cavalaris,1
dingivan,1
stoss,1
claudio,1
sialana,1
lulewicz,1
sachtleben,1
aidt,1
carreker,1
cadenhead,1
delsavio,1
cancio,1
bodine,1
durazo,1
choates,1
walton,1
sukeforth,1
yankey,1
tarbet,1
woolems,1
graap,1
waltos,1
stifter,1
crincoli,1
dembroski,1
quercioli,1
hadfield,1
grabe,1
renier,1
combee,1
yankee,1
iacuzio,1
combes,1
miklas,1
comber,1
salveson,1
sasao,1
oppliger,1
severino,1
stotelmyer,1
clermont,1
fantasia,1
schumucker,1
grabo,1
arrellin,1
kwek,1
daywalt,1
grace,1
phelan,1
nolden,1
trojahn,1
graci,1
lungren,1
nolder,1
matzke,1
caffrey,1
sellards,1
gudmundsson,1
unger,1
lisherness,1
vanhorn,1
riggin,1
donna,1
riggio,1
jamin,1
gracy,1
jamir,1
jamie,1
donne,1
riggie,1
vanderhoef,1
mckinley,1
alltop,1
fosselman,1
allton,1
bodily,1
grade,1
linnemann,1
renick,1
elbe,1
doepke,1
yarosh,1
rutenbar,1
elam,1
grady,1
kenning,1
schofell,1
grado,1
altobell,1
agosto,1
pruneda,1
schickler,1
lindon,1
graen,1
glasford,1
stoutamyer,1
lindow,1
graef,1
babilonia,1
netters,1
lashier,1
kenkel,1
cancer,1
ogle,1
delosier,1
babiarz,1
carrahan,1
alummoottil,1
howell,1
gauld,1
pruneau,1
elia,1
matzek,1
vanhove,1
stroope,1
matzen,1
cancel,1
agosta,1
vitaniemi,1
everman,1
blechinger,1
ordner,1
agosti,1
stoakley,1
vanhout,1
kwit,1
santillana,1
kolander,1
morledge,1
vanhowe,1
civiello,1
bicknase,1
livoti,1
laurenti,1
jorstad,1
underdown,1
james,1
krakowsky,1
zellner,1
glaspie,1
laurente,1
collister,1
riggen,1
mccardell,1
gault,1
rigger,1
jamer,1
swartzwelder,1
deerdoff,1
mullens,1
cannellos,1
lucente,1
lacovara,1
tavira,1
voedisch,1
piccinone,1
jamel,1
mecannic,1
jarmon,1
tochterman,1
hanserd,1
stoneback,1
gauna,1
heumann,1
tupick,1
eley,1
iniguez,1
bunning,1
claton,1
steensland,1
joice,1
danchetz,1
uliano,1
urzua,1
malson,1
poljak,1
malsom,1
elem,1
olmstead,1
ulrich,1
elek,1
hanegan,1
buckalew,1
gaunt,1
dapvaala,1
ulrick,1
calvaruso,1
ravenhorst,1
leppert,1
ruffalo,1
holsey,1
patuto,1
graaf,1
addario,1
lafield,1
viehman,1
andeson,1
wittrock,1
quraishi,1
tschache,1
wohlrab,1
hincks,1
grebin,1
bormes,1
bormet,1
kerman,1
saska,1
carraher,1
vandesande,1
ackerly,1
langella,1
raethke,1
lindig,1
jamar,1
ogaz,1
stridiron,1
alberding,1
ezelle,1
hohney,1
nocket,1
jamal,1
zollinger,1
vicenteno,1
ogas,1
futterman,1
lindie,1
ogan,1
helphenstine,1
zervas,1
dallam,1
segur,1
petaway,1
ficher,1
dallas,1
salvesen,1
disabato,1
laswell,1
gjeltema,1
tontarski,1
debruce,1
krivanek,1
hohner,1
mapps,1
durate,1
ballog,1
whidbee,1
holste,1
segui,1
georgelis,1
illsley,1
niznik,1
krakowski,1
janowiec,1
aigner,1
ballon,1
shanholtz,1
kalscheuer,1
laurenza,1
koenecke,1
mullett,1
ballow,1
uhlich,1
ballou,1
dawahoya,1
krivanec,1
deville,1
soechting,1
schilmoeller,1
macandog,1
vrieze,1
janowicz,1
waltho,1
devilla,1
ahne,1
panagoulias,1
wardrup,1
jongsma,1
kurcaba,1
laukitis,1
maybury,1
stanback,1
heberlein,1
greber,1
gauch,1
mikler,1
gauci,1
mikles,1
mellenthin,1
howeth,1
paquette,1
yandell,1
gunzalez,1
kermes,1
howett,1
kittell,1
dadlani,1
caraker,1
sozzi,1
blocher,1
borman,1
grebel,1
jarmin,1
durand,1
alvarez,1
caruth,1
vardeman,1
carretero,1
derienzo,1
duponte,1
slothower,1
durall,1
wolsky,1
brabazon,1
corvera,1
ogen,1
vanderhoff,1
rotkovecz,1
kwak,1
legerski,1
nakaahiki,1
oger,1
gaudy,1
sudbury,1
buckaloo,1
weeler,1
alvares,1
toscano,1
gianopoulos,1
kwan,1
toscani,1
vanhook,1
donze,1
thielemann,1
hessman,1
clater,1
podany,1
kittrell,1
coursey,1
wutzke,1
teranishi,1
gauer,1
courser,1
lovato,1
bremner,1
caruso,1
thramer,1
alvardo,1
revolorio,1
ghiloni,1
boulier,1
howery,1
stadtler,1
mcelduff,1
puesey,1
emswiler,1
scrichfield,1
shadfar,1
grivno,1
durant,1
dimicco,1
hackethal,1
mapua,1
grivna,1
lanteigne,1
lovasz,1
riggle,1
raether,1
stapels,1
dummer,1
gayheart,1
scroggins,1
ohlen,1
penquite,1
baymon,1
heavrin,1
bodley,1
sisomphou,1
kalert,1
lingelbach,1
gatts,1
skocilich,1
macomber,1
tesreau,1
gatto,1
hittson,1
cabera,1
gatti,1
monzon,1
kremer,1
kremen,1
gatta,1
ardaly,1
corazza,1
albelo,1
cariveau,1
emberlin,1
quereto,1
schnitzer,1
margo,1
jakiela,1
gavula,1
marie,1
apostal,1
towell,1
gagnier,1
blansett,1
kaleta,1
followell,1
grabinger,1
maria,1
turnmire,1
freniere,1
polnau,1
holzmeister,1
harnage,1
campanile,1
donatien,1
epperson,1
towels,1
ohler,1
sunniga,1
savidge,1
beddia,1
wienert,1
zincke,1
magnanti,1
gruner,1
falvey,1
marez,1
mares,1
maret,1
longino,1
junious,1
springfield,1
marer,1
marek,1
hermann,1
entz,1
maren,1
colyar,1
droski,1
signaigo,1
hermans,1
ifversen,1
dooms,1
maurice,1
balley,1
dutchess,1
ballew,1
omar,1
lacina,1
kristiansen,1
gaudenzi,1
pacitti,1
ensz,1
richerson,1
babonis,1
oman,1
ballez,1
galabeas,1
grundy,1
jahde,1
prevento,1
riekert,1
pacitto,1
hansell,1
tarquinio,1
popple,1
lichtenberger,1
ballek,1
donatich,1
ballen,1
spigelmyer,1
baller,1
balles,1
mcdivitt,1
schachter,1
marcy,1
bhardwaj,1
lindwall,1
enny,1
armijos,1
enno,1
mcthay,1
march,1
lindblom,1
marci,1
enns,1
beardon,1
speith,1
brofft,1
hodosy,1
marco,1
armbruster,1
okerlund,1
creson,1
harnack,1
speirs,1
bollettino,1
dempewolf,1
poppel,1
poppen,1
shawaiki,1
daivs,1
stifflemire,1
litwiler,1
bresnan,1
maree,1
lierman,1
popper,1
howden,1
muessig,1
weisman,1
quintero,1
martinsons,1
surminec,1
neddenriep,1
kwok,1
chochrek,1
kwon,1
buquo,1
sotak,1
maras,1
ropiski,1
carolan,1
dybala,1
lamacchia,1
schopmeyer,1
holloman,1
borjon,1
gennette,1
saturnio,1
grunin,1
marak,1
balcazar,1
maran,1
thanem,1
enama,1
ramdas,1
gaton,1
fincher,1
ballar,1
marca,1
ballas,1
mcmenomy,1
enos,1
ballam,1
stremming,1
epping,1
trucker,1
nishiguchi,1
culwell,1
ballan,1
tweddell,1
haverkamp,1
libel,1
badamo,1
somera,1
stadnik,1
badami,1
benzing,1
daisy,1
scancarello,1
badame,1
engman,1
sokolowski,1
lutchman,1
beddoe,1
gregus,1
somero,1
pekrul,1
lastufka,1
borjas,1
somers,1
omelia,1
nabity,1
lantelme,1
omli,1
beddow,1
daise,1
schulenberg,1
sosso,1
touchton,1
shigeta,1
farstvedt,1
leyrer,1
renfro,1
kretsinger,1
aleksey,1
stenseth,1
cancro,1
malveaux,1
petramale,1
daire,1
poissonnier,1
gatza,1
voter,1
osburn,1
rutiaga,1
marmo,1
guilfoos,1
gnoza,1
speier,1
galleher,1
kilbury,1
pigram,1
puulei,1
broxterman,1
durell,1
tadman,1
ludden,1
leblanc,1
cabell,1
kilburn,1
leblane,1
arvesen,1
korhonen,1
maron,1
libby,1
degrandpre,1
carolfi,1
rohman,1
pinson,1
muschik,1
ramdeo,1
wissing,1
mortimer,1
ragusano,1
doody,1
wissink,1
rapson,1
marko,1
mowder,1
markt,1
shuter,1
thanos,1
marks,1
shutes,1
kolikas,1
grunow,1
piccinini,1
wojtaszek,1
balvanz,1
faggett,1
sirwet,1
bighorse,1
hackmeyer,1
jonas,1
marlo,1
dains,1
sapinski,1
carolla,1
lokietek,1
kraebel,1
sturmer,1
jonak,1
petrowski,1
jonah,1
striegel,1
kaveney,1
daine,1
jahns,1
letrent,1
amdahl,1
carollo,1
vangompel,1
elizarraras,1
magelssen,1
himmelsbach,1
mcgivern,1
altonen,1
mitschke,1
shawhan,1
desposito,1
mario,1
pinsky,1
marin,1
maril,1
villiard,1
riekena,1
corporon,1
colyer,1
kruskie,1
maris,1
carolin,1
kennamer,1
ballif,1
votaw,1
yerton,1
gardella,1
souffront,1
fernendez,1
noller,1
odiorne,1
gradley,1
fichtner,1
comtois,1
guilford,1
brownsword,1
simmions,1
ballin,1
daily,1
merseal,1
durepo,1
pinski,1
stegman,1
kersting,1
cresci,1
wybenga,1
marki,1
daill,1
gastley,1
nolley,1
tigert,1
sekel,1
friesner,1
marke,1
gauwain,1
kaleel,1
omer,1
tattrie,1
nollet,1
pherson,1
sibrian,1
evering,1
kokoszka,1
schuchart,1
engley,1
orduna,1
brecheisen,1
dekort,1
fowlie,1
lebron,1
kotecki,1
aita,1
contrera,1
medeiros,1
karstensen,1
candle,1
jones,1
burel,1
orduno,1
mauritz,1
stayton,1
buren,1
lourens,1
dumouchel,1
berthelot,1
cabebe,1
bures,1
meazell,1
poeschl,1
juniper,1
rilling,1
whitbread,1
burde,1
veronesi,1
burdg,1
kausch,1
burdi,1
whittley,1
wurzbacher,1
schuchard,1
grunst,1
lummus,1
burdo,1
whittler,1
libke,1
gatch,1
houchen,1
klauer,1
burda,1
nagano,1
gruntz,1
burck,1
zahar,1
burch,1
siedel,1
costigan,1
deininger,1
mccleod,1
trulson,1
burce,1
walshe,1
selway,1
harshfield,1
spotts,1
burby,1
sturchio,1
fowley,1
fugitt,1
candon,1
kapnick,1
tedeschi,1
carreras,1
rohlfs,1
grubman,1
garrott,1
secker,1
englin,1
apostol,1
heffelfinger,1
fowles,1
eoff,1
gregor,1
zappone,1
jeansonne,1
fowler,1
bonvillain,1
cauthen,1
zappolo,1
gallegly,1
rohleder,1
pohler,1
trosper,1
buris,1
lachance,1
porell,1
rabuck,1
hartwell,1
gibbson,1
burin,1
kissam,1
wisbey,1
guilfoil,1
wolfinger,1
daigh,1
wolnik,1
sosna,1
sheaffer,1
glorius,1
hallstead,1
pfingsten,1
batistich,1
grossley,1
mccleve,1
renfer,1
mccurtain,1
frevert,1
glembocki,1
mcmaster,1
everitt,1
gnabah,1
vendelin,1
houchin,1
mckellips,1
loguidice,1
jonke,1
shollenbarger,1
lindblad,1
lebrun,1
aird,1
burgy,1
meissner,1
mclearan,1
burgs,1
soliani,1
dambach,1
filicetti,1
nagase,1
wolner,1
hillburg,1
gavenda,1
rahman,1
burgo,1
mcarthy,1
shigemi,1
bergmeier,1
olli,1
schmalzried,1
burgh,1
balderrama,1
burge,1
dimperio,1
foucault,1
gallegos,1
hoekstra,1
gallegoz,1
burga,1
mailhiot,1
jovich,1
walser,1
nagata,1
fowlar,1
olma,1
engler,1
rupprecht,1
contrell,1
piskel,1
malnar,1
engles,1
bussone,1
olmo,1
mohorovich,1
lupfer,1
cereceres,1
doorn,1
kissee,1
mcclellan,1
branaman,1
doose,1
pitstick,1
bedeau,1
sosby,1
lefton,1
krumrine,1
miravalle,1
labauve,1
sosbe,1
remlinger,1
greger,1
torstrick,1
olszewski,1
kissel,1
swierczek,1
kisser,1
begeman,1
candee,1
ackland,1
hamborsky,1
rahmes,1
neault,1
cauthon,1
sigworth,1
strzelecki,1
chareunrath,1
towery,1
kobylarczyk,1
towers,1
skrine,1
fincham,1
hutchen,1
fleischhacker,1
beahan,1
newville,1
racette,1
ettienne,1
lachut,1
kristianson,1
greggs,1
hazelbaker,1
carolus,1
cohens,1
studmire,1
oakman,1
quencer,1
seurer,1
admas,1
untiedt,1
narine,1
thanas,1
paltanavage,1
mccomsey,1
paganelli,1
meegan,1
burak,1
hernanders,1
slenker,1
buran,1
lindfors,1
haughton,1
vantassell,1
redenbaugh,1
burba,1
meyette,1
poreda,1
buras,1
burau,1
slyter,1
lackage,1
nutzmann,1
venner,1
giacchino,1
shusta,1
vennes,1
mcartor,1
amsili,1
brownsberger,1
yokum,1
forkosh,1
candia,1
linero,1
wilgocki,1
ambrosone,1
winograd,1
bessent,1
libra,1
cafagno,1
kenley,1
walson,1
emberley,1
balkus,1
libre,1
basulto,1
kissik,1
beneduce,1
osterman,1
sistrunk,1
treichler,1
jonte,1
naselli,1
sinton,1
anakalea,1
sordahl,1
montavon,1
giacolone,1
bluford,1
herforth,1
carnrike,1
baynes,1
scovell,1
meisenheimer,1
hutchin,1
cashion,1
cocran,1
quintela,1
pallant,1
cashing,1
fekety,1
tarkowski,1
boswell,1
olup,1
feramisco,1
risner,1
gates,1
zachary,1
larralde,1
oltz,1
marullo,1
fekete,1
parkinson,1
shugart,1
doore,1
grandfield,1
shugars,1
lantgen,1
hannold,1
ohmie,1
erbach,1
westmorland,1
baranga,1
mcgunnis,1
herlocker,1
baylor,1
sewyerd,1
minichiello,1
demuzio,1
morreau,1
ondo,1
ohmit,1
baylon,1
krenik,1
emry,1
desquare,1
oconnor,1
jirak,1
reidherd,1
erick,1
sagoes,1
erich,1
sharrow,1
sayas,1
burfeind,1
banfill,1
hickingbotham,1
stika,1
berenson,1
kaliher,1
donathan,1
montrose,1
obyrne,1
simonian,1
calicott,1
purzycki,1
akim,1
sharron,1
kupchinsky,1
akin,1
montross,1
hoogland,1
lingao,1
longanecker,1
vidmar,1
doerle,1
darington,1
oakley,1
masin,1
virostko,1
durden,1
mossman,1
timmers,1
najarian,1
kachermeyer,1
connors,1
flippo,1
petrunger,1
sakurai,1
wiederhold,1
pfnister,1
allemond,1
macoreno,1
savarino,1
leyson,1
erice,1
broege,1
maske,1
living,1
touchstone,1
maski,1
wiederholt,1
lanctot,1
arnaldo,1
ludera,1
wolanin,1
erfert,1
drysdale,1
aardema,1
kalfus,1
oney,1
lingad,1
dagnon,1
gasse,1
mowell,1
railing,1
ohmen,1
wulfing,1
soucy,1
yarrow,1
boeneke,1
dople,1
wisnowski,1
ngyun,1
contraras,1
mckane,1
canedy,1
masci,1
masch,1
stine,1
beagle,1
greigo,1
boclair,1
rinebold,1
canedo,1
akes,1
clester,1
greife,1
holyoke,1
bomstad,1
szekely,1
vandaele,1
akey,1
nolting,1
akel,1
slatton,1
aken,1
duplaga,1
mracek,1
sayer,1
marungo,1
aker,1
emmi,1
monholland,1
critchelow,1
orgovan,1
dorame,1
emme,1
frankiewicz,1
yaftali,1
ohmer,1
gaughran,1
emms,1
sossong,1
medeiras,1
tomkins,1
schauble,1
sayed,1
esquirel,1
villaluazo,1
jager,1
ockleberry,1
sughroue,1
stike,1
norsaganay,1
fahning,1
krenke,1
tsasie,1
lummis,1
masey,1
sagastume,1
carranco,1
sarazin,1
baylis,1
emma,1
olheiser,1
flenniken,1
thames,1
maser,1
krommes,1
forseth,1
rigaud,1
masek,1
zilliox,1
tubman,1
stile,1
mctier,1
onan,1
almenar,1
kauffmann,1
jiran,1
sayco,1
still,1
lanzarin,1
durrett,1
cubano,1
ammirato,1
hipsher,1
ammirati,1
emke,1
bodkin,1
torongeau,1
yearicks,1
ammirata,1
rassmussen,1
unick,1
englar,1
marcussen,1
licea,1
newfield,1
sagona,1
barshaw,1
eriks,1
foxhoven,1
slyton,1
hinish,1
jirik,1
comiskey,1
shukert,1
sholtis,1
wariner,1
lingle,1
garrettson,1
cowser,1
garbacz,1
dorais,1
hulvey,1
halling,1
ellenbee,1
mueske,1
betancourth,1
ohman,1
baranow,1
churchwell,1
hasbni,1
bussmann,1
jastremski,1
manaker,1
tallman,1
upright,1
onks,1
mcclellon,1
komatsu,1
starkson,1
stibb,1
oconner,1
vajgrt,1
kotlar,1
akre,1
oconnel,1
maneafaiga,1
sheares,1
shearer,1
gallentine,1
poblete,1
sotto,1
moment,1
giuliani,1
decius,1
shadley,1
giuliano,1
ohrenich,1
kerper,1
masri,1
goeppinger,1
saenger,1
shadler,1
venosh,1
roegner,1
slatten,1
rotundo,1
eberhard,1
dreibelbis,1
slatter,1
bundette,1
rohner,1
cabiness,1
dahlquist,1
massa,1
balkin,1
gillentine,1
masse,1
gouveia,1
mondragon,1
massi,1
grboyan,1
rotunda,1
biagas,1
weatherman,1
horseford,1
masso,1
kaczmarski,1
cantore,1
bonura,1
brutger,1
riojas,1
herrick,1
stier,1
blumer,1
stien,1
mcmichael,1
cantoni,1
jagoe,1
cantone,1
borkin,1
krenek,1
mullenix,1
stieb,1
jagow,1
stiel,1
cainne,1
crowley,1
mycroft,1
stieg,1
gonzalos,1
tugade,1
stief,1
vondielingen,1
yomes,1
brossard,1
broadfoot,1
kotler,1
dorado,1
ludeke,1
creten,1
macauley,1
deyarmin,1
stiff,1
jinenez,1
rigano,1
shearin,1
macaulay,1
stick,1
crafford,1
vogenthaler,1
dahms,1
sadowski,1
harkness,1
brossart,1
breiner,1
linger,1
stice,1
dahme,1
langdon,1
sankary,1
denoyelles,1
yarris,1
breines,1
parizek,1
stich,1
manocchia,1
hauskins,1
oubre,1
rigali,1
bartolomucci,1
ksiazek,1
lingel,1
jannusch,1
jagla,1
karamchandani,1
zindel,1
cihak,1
vanderwerf,1
fantazia,1
rohrdanz,1
margolis,1
dietsche,1
salomone,1
manocchio,1
stegner,1
austill,1
masom,1
alvalle,1
margolin,1
rockenbach,1
mason,1
balkey,1
stidd,1
durrell,1
zavesky,1
warwick,1
dahle,1
sadowsky,1
cullinane,1
wildeisen,1
arvanitis,1
helderman,1
sayre,1
austino,1
glessing,1
willemsen,1
enck,1
pollot,1
wysinger,1
maranville,1
dagnan,1
schoberg,1
mitzel,1
kyer,1
herring,1
konieczko,1
marander,1
ence,1
borodec,1
canepa,1
austine,1
fladung,1
lofgreen,1
gardemal,1
sotos,1
deshazo,1
schobert,1
rambin,1
bearden,1
reidhead,1
elkind,1
gbur,1
kundinger,1
ends,1
herrion,1
strouth,1
crutison,1
textor,1
kitcher,1
parolari,1
kitchen,1
claypool,1
kitchel,1
endo,1
ende,1
indal,1
pollom,1
cartaya,1
pollok,1
bearded,1
herriot,1
schuchardt,1
dalere,1
kalfas,1
bernarducci,1
lacount,1
decoursey,1
heilman,1
nisbett,1
braithwaite,1
seith,1
swigart,1
klaver,1
gasca,1
ciavardini,1
dionisio,1
gasch,1
claypole,1
levasseur,1
rought,1
wolman,1
alarcon,1
seitz,1
elkins,1
morrero,1
dimmack,1
brahler,1
marye,1
zagar,1
sturman,1
avanzato,1
olufson,1
ginger,1
konieczka,1
novellino,1
kyhn,1
filippone,1
stuckert,1
allaband,1
armentor,1
filipponi,1
feiteira,1
mikrot,1
oelschlaeger,1
diviney,1
holsopple,1
licon,1
mesplay,1
efrati,1
bushmaker,1
irwin,1
hartsell,1
licor,1
krassow,1
harkley,1
spaeth,1
clavin,1
marso,1
dagner,1
cortina,1
lodense,1
sualevai,1
hagwood,1
pothier,1
hawelu,1
marsh,1
marse,1
daleus,1
momeni,1
byers,1
sorrels,1
koskinen,1
licht,1
finchum,1
sorrell,1
morrell,1
germinaro,1
chenauls,1
delashmutt,1
marry,1
chenault,1
canete,1
verigan,1
bevington,1
ishizu,1
tiboni,1
lovfald,1
marro,1
wilcoxen,1
assael,1
mlenar,1
marrs,1
caines,1
stuckett,1
stroupe,1
tamura,1
eberhart,1
aseltine,1
minjares,1
marra,1
shearon,1
mikrut,1
whittman,1
minjarez,1
laitila,1
marus,1
zagel,1
hodgeman,1
mortinez,1
balitas,1
carransa,1
kazimi,1
pollio,1
krummel,1
heckmann,1
marum,1
strouse,1
zager,1
procaccini,1
leonick,1
procaccino,1
zagen,1
niquette,1
dillenburg,1
martz,1
marty,1
weerts,1
dumont,1
marts,1
martt,1
ledenbach,1
brackenbury,1
gonzalis,1
yarbough,1
bradwell,1
gentilcore,1
sinrich,1
cortijo,1
hollomon,1
mollicone,1
marth,1
supple,1
marti,1
schindeldecke,1
dumond,1
marte,1
plexico,1
daher,1
wesolowski,1
kokoska,1
konieczny,1
marta,1
mcchain,1
scheinost,1
fegaro,1
gonzaliz,1
cattabriga,1
piccinich,1
yvon,1
crespi,1
lenzen,1
weisner,1
vosburgh,1
bednarek,1
baptiste,1
enke,1
hedlund,1
gonzalea,1
mowery,1
baptista,1
mowers,1
crespo,1
somdah,1
wenrick,1
akal,1
wenrich,1
lagman,1
murchinson,1
wieneke,1
stirk,1
akau,1
watkinson,1
stirn,1
nolazco,1
stire,1
kammerzell,1
walrod,1
locken,1
rengel,1
parsell,1
eisenbeisz,1
poltrock,1
locker,1
buvinghausen,1
locket,1
lockey,1
soter,1
mcumber,1
kister,1
rickerson,1
hanscom,1
broers,1
engemann,1
kohler,1
longoria,1
kohles,1
brendeland,1
seils,1
caneer,1
nebesny,1
polley,1
gaska,1
brindger,1
oroark,1
herritt,1
sandness,1
neesmith,1
pollen,1
pollet,1
stipp,1
union,1
enix,1
villicana,1
enis,1
sharrer,1
klavon,1
votta,1
stipe,1
gonzalez,1
vandinter,1
thaman,1
funderberg,1
cabeza,1
masak,1
dahan,1
bottenfield,1
demorrett,1
masar,1
texter,1
lourdes,1
gonzales,1
meehan,1
hearnen,1
hainline,1
fennewald,1
worthley,1
canela,1
eschette,1
cresto,1
enge,1
helmstetler,1
bednarik,1
cihon,1
krentz,1
pensick,1
engh,1
ramsburg,1
engl,1
rambus,1
beliveau,1
cresta,1
malmin,1
deviney,1
canelo,1
lindstedt,1
cressy,1
courteau,1
pinuelas,1
jorski,1
sayne,1
marze,1
dalene,1
faltus,1
cressell,1
shutte,1
albert,1
gasco,1
albery,1
ratkovich,1
albero,1
vidler,1
sindlinger,1
shutty,1
diliberti,1
albers,1
grundman,1
alberg,1
buskirk,1
seise,1
diliberto,1
shutts,1
lockie,1
staples,1
stapler,1
kallberg,1
seipp,1
argrow,1
larouche,1
bayman,1
sayko,1
czerkies,1
rupertus,1
hotchkiss,1
clumpner,1
castrejon,1
sharrar,1
sokoloski,1
stitz,1
sharrai,1
cantoran,1
wellington,1
pollak,1
stapley,1
stitt,1
cantoral,1
peaden,1
pollan,1
beagan,1
sayle,1
parsens,1
carraturo,1
moffitt,1
botticello,1
gonzalaz,1
kistle,1
stith,1
schriefer,1
cwiklinski,1
ciraolo,1
gaser,1
kyle,1
gonzalas,1
channey,1
cosper,1
adney,1
duncans,1
purvines,1
scarpelli,1
adner,1
channer,1
durdan,1
scarpello,1
channel,1
colorina,1
yuro,1
ciampanella,1
barahana,1
matsuno,1
drouin,1
aneshansley,1
ridener,1
alff,1
deister,1
leopardi,1
cabellero,1
brugliera,1
yonce,1
gribble,1
bucciarelli,1
hylands,1
masilko,1
mathe,1
alea,1
moredock,1
bielby,1
tait,1
degasparre,1
yust,1
yusi,1
brindamour,1
freyermuth,1
yonan,1
tail,1
alen,1
aleo,1
bueter,1
traicoff,1
staiano,1
yuscak,1
luttenegger,1
cavender,1
kyte,1
alex,1
aley,1
garms,1
aler,1
ales,1
lillard,1
sturkie,1
zettler,1
garis,1
evjen,1
tahu,1
milbradt,1
selusi,1
kavaney,1
sawyer,1
mater,1
vorel,1
mates,1
maten,1
yupe,1
allred,1
stuczynski,1
mateo,1
matey,1
baumbach,1
sovel,1
lashomb,1
yurkanin,1
revord,1
kohner,1
jelinski,1
taha,1
kohnen,1
sovey,1
beiriger,1
pennimpede,1
tags,1
brockhouse,1
strevels,1
alge,1
wobbe,1
saxby,1
strevell,1
bielec,1
sheasby,1
sporer,1
tagg,1
moncivais,1
zancanella,1
gittins,1
bieler,1
gitting,1
enterline,1
labruzzo,1
mccalley,1
nieves,1
campoverde,1
faichtinger,1
handschumaker,1
igbal,1
razzano,1
tant,1
wierzbicki,1
matko,1
tanh,1
hulsey,1
tang,1
yonge,1
rafuse,1
vanmatre,1
spidell,1
tann,1
kersch,1
tank,1
tani,1
alim,1
alig,1
scariano,1
tams,1
alie,1
yoney,1
esquiuel,1
matuck,1
strough,1
habisch,1
mcclymonds,1
omara,1
hamberg,1
mccallen,1
jankoff,1
alix,1
clavelle,1
sjulstad,1
tamm,1
rylowicz,1
muntean,1
tami,1
fulford,1
gerber,1
gribbin,1
voris,1
blackhurst,1
alli,1
clayman,1
whitting,1
fernanders,1
matis,1
semon,1
matin,1
fickas,1
karathanasis,1
durgin,1
omary,1
vayon,1
hafner,1
prysock,1
garno,1
vanloan,1
ally,1
truluck,1
rebolledo,1
alma,1
garns,1
steffensmeier,1
loeblein,1
alls,1
batalona,1
sovak,1
veneman,1
yonek,1
tall,1
aseng,1
flenner,1
nishihara,1
talk,1
holvey,1
tako,1
altvater,1
dague,1
brunkhardt,1
goettsche,1
kucinskas,1
vandesteeg,1
guittennez,1
barakat,1
sermeno,1
leyton,1
taki,1
bielik,1
hansche,1
weatherley,1
lacasse,1
rummage,1
zurawik,1
deptula,1
garon,1
bodner,1
fukumoto,1
tarr,1
wilcoxon,1
tart,1
giannelli,1
biello,1
souza,1
seyfarth,1
tobola,1
coonfare,1
ordeneaux,1
gartz,1
busse,1
yonke,1
palasik,1
lidey,1
bussa,1
solarzano,1
kazemi,1
diamante,1
matot,1
schonhardt,1
hilaire,1
matos,1
garth,1
lackie,1
lebouf,1
yuzn,1
wobig,1
nievas,1
mccallie,1
almy,1
breidenbach,1
applonie,1
kavanah,1
busto,1
pflum,1
shurak,1
polowy,1
liddy,1
marbray,1
grulke,1
pflug,1
busta,1
fusner,1
gerbig,1
tara,1
alme,1
demchak,1
bussy,1
bielke,1
mcgillicuddy,1
osterhaut,1
perriello,1
allsbrooks,1
garro,1
tapp,1
addair,1
eutsey,1
tipold,1
kitchin,1
arbetman,1
kersey,1
tape,1
breeman,1
lagory,1
kenealy,1
garry,1
revoir,1
coslow,1
dagis,1
larkins,1
angrisano,1
romeno,1
garra,1
wadley,1
taps,1
garre,1
warmath,1
snuffer,1
semke,1
deweese,1
bachmeier,1
zwigart,1
gribben,1
sciavillo,1
rendle,1
casciano,1
kurtenbach,1
aloy,1
cryer,1
dzwonkowski,1
garst,1
salvucci,1
cocola,1
kallmeyer,1
vayda,1
aloe,1
eifert,1
obnegon,1
aloi,1
lackey,1
lagore,1
viesselman,1
wucherer,1
tanimoto,1
kasuboski,1
matto,1
leitman,1
dagon,1
matts,1
pietrini,1
bodnar,1
bernacki,1
vanamerongen,1
siegal,1
matte,1
hughlett,1
villasenor,1
breyer,1
stadler,1
sturkey,1
okie,1
daghita,1
morefield,1
linderleaf,1
amsler,1
ducayne,1
matta,1
matsu,1
riskin,1
howard,1
estremera,1
deroeck,1
amsley,1
walrond,1
lidie,1
mezzanotte,1
ditucci,1
vollenweider,1
garza,1
taul,1
wysong,1
matus,1
norfolk,1
cawood,1
burdeshaw,1
daigneault,1
taus,1
birkenhead,1
matuke,1
casciato,1
swigert,1
sweadner,1
manahan,1
letchworth,1
komada,1
mcdannold,1
mattu,1
caneva,1
tave,1
milbrath,1
neville,1
almquist,1
matty,1
riesner,1
matsuki,1
caneza,1
pembleton,1
matro,1
rendon,1
addams,1
spegal,1
alty,1
crofford,1
jendras,1
romera,1
matula,1
sciarra,1
howatt,1
tatu,1
voltin,1
softich,1
kubley,1
voran,1
boender,1
taub,1
romero,1
heston,1
lidge,1
brueske,1
lassere,1
garve,1
mikota,1
alto,1
kubler,1
mckeag,1
semel,1
tash,1
ockerman,1
semen,1
dierkes,1
vorce,1
dierker,1
oken,1
buetow,1
mckean,1
okel,1
mccallon,1
dagle,1
balzotti,1
rummans,1
alveraz,1
blasenhauer,1
tata,1
starweather,1
tate,1
pinilla,1
kerska,1
okey,1
delawyer,1
zheng,1
eppley,1
eppler,1
joles,1
joler,1
kaufusi,1
coolbeth,1
barberian,1
greely,1
wignall,1
blandon,1
zamarripa,1
ruleman,1
risley,1
grigaliunas,1
sousa,1
robateau,1
hochfelder,1
thomlison,1
sunshine,1
tayo,1
forbess,1
roessner,1
fickle,1
veeder,1
tays,1
isiminger,1
swartwout,1
lattimore,1
spehar,1
townsel,1
calligaro,1
sours,1
wooleyhan,1
jinks,1
forberg,1
baribeau,1
gardener,1
liebert,1
yuan,1
georgales,1
hadaway,1
cutright,1
kennerson,1
kahawai,1
simmering,1
kennan,1
lieberg,1
pomponi,1
walterman,1
woltmann,1
buetti,1
pilapil,1
zafar,1
mckeen,1
wadlow,1
greene,1
alverez,1
semas,1
wealer,1
spillane,1
seman,1
cardazone,1
chatfield,1
todhunter,1
battig,1
hochadel,1
masur,1
mckeel,1
wackenhut,1
greeno,1
funkhouser,1
battie,1
loureiro,1
souto,1
battin,1
haneline,1
wojewoda,1
massy,1
meneley,1
lidke,1
dagan,1
rubulcaba,1
mylar,1
battis,1
zillmer,1
slonski,1
hallman,1
falkowski,1
south,1
usack,1
barjenbruch,1
ginder,1
klusman,1
carrabine,1
mccallum,1
preisel,1
mccallun,1
sports,1
manokey,1
adolf,1
mazurek,1
mcgettigan,1
trussler,1
caradonna,1
pomposo,1
grundhoefer,1
moulton,1
storniolo,1
glossner,1
badgley,1
pilakowski,1
wahlenmaier,1
delullo,1
speller,1
daggy,1
provencio,1
kamienski,1
komarek,1
terstage,1
vanholland,1
rumbolt,1
sommerville,1
rendel,1
battko,1
kuechle,1
bausley,1
daggs,1
alverio,1
gulizio,1
render,1
doran,1
yuen,1
frazzano,1
rowling,1
kennel,1
battle,1
agonoy,1
kenner,1
mckell,1
remaklus,1
sansing,1
rumbold,1
cerecedes,1
desutter,1
tenharmsel,1
mccambridge,1
kennet,1
strothman,1
kenney,1
dorat,1
rowlins,1
mihelich,1
gardenas,1
wolper,1
blandin,1
wysock,1
abercombie,1
keblish,1
broadaway,1
saxon,1
culver,1
dumphy,1
samudio,1
mulhern,1
yueh,1
ramage,1
berentz,1
fortun,1
wauneka,1
lessenberry,1
hester,1
livley,1
kenndy,1
tobiassen,1
risler,1
mallinson,1
zillman,1
balint,1
benanti,1
farmwald,1
dorce,1
dagel,1
dockendorf,1
dagen,1
kilmister,1
swader,1
dorch,1
dager,1
mikola,1
sherfield,1
feucht,1
refazo,1
venkus,1
kliever,1
myles,1
myler,1
jabaay,1
dorcy,1
ender,1
maniscalco,1
brasington,1
lundholm,1
harbeson,1
hickenbottom,1
batton,1
amesquieto,1
selva,1
butel,1
mckeon,1
mcdilda,1
vanbelle,1
varvil,1
moultry,1
siefke,1
selvy,1
yuki,1
benziger,1
mcgarrity,1
gardy,1
bellotti,1
caranza,1
ishida,1
jolls,1
berendt,1
marshburn,1
garde,1
heatherton,1
berends,1
coutinho,1
kennis,1
mcavoy,1
shaeffer,1
blanscet,1
borgos,1
pulvermacher,1
jolly,1
routzahn,1
vinagre,1
garcy,1
jabali,1
gruzinsky,1
demchok,1
mohammed,1
steinharter,1
soult,1
lanosga,1
kauppi,1
frattali,1
blander,1
kennin,1
garbo,1
bradbury,1
kennie,1
tigges,1
latulas,1
aggers,1
bradburn,1
butch,1
bickelhaupt,1
gizzo,1
garay,1
vanderwilt,1
soula,1
cosman,1
cunnington,1
jantzen,1
raterman,1
gizzi,1
schwartzer,1
mcrorie,1
incle,1
engelbrecht,1
garbe,1
balish,1
garan,1
lovecchio,1
lobregat,1
soule,1
cortwright,1
ficker,1
townson,1
fickes,1
hammerman,1
ficken,1
holyoak,1
fickel,1
benbrook,1
alan,1
jolie,1
bruening,1
ranford,1
alas,1
alar,1
yunt,1
garin,1
alai,1
kapiloff,1
mattys,1
butay,1
garia,1
fannell,1
garib,1
jolin,1
alam,1
rheinhardt,1
mullally,1
butac,1
grassman,1
beilfuss,1
remedies,1
klingensmith,1
varvel,1
petzold,1
kennon,1
patchett,1
sporle,1
komatz,1
loggins,1
seefeld,1
pestone,1
pestoni,1
albu,1
balius,1
diveley,1
ollhoff,1
alba,1
yung,1
greear,1
zaspel,1
albe,1
midget,1
wurgler,1
provencal,1
deroest,1
harbach,1
foiles,1
tobiasson,1
yunk,1
luquette,1
komara,1
shingledecker,1
stickford,1
ferdinand,1
forrester,1
esterbrook,1
mohammad,1
henderlight,1
gercak,1
mabery,1
susmilch,1
thornbrugh,1
bayles,1
alce,1
bayley,1
sakuma,1
stickfort,1
mcglinchey,1
zehrer,1
purnell,1
quercia,1
atkerson,1
alby,1
jolla,1
ubertini,1
durgan,1
dirose,1
fahrendorff,1
rockefeller,1
garff,1
stenstrom,1
irzyk,1
seltz,1
swartwood,1
dirosa,1
matas,1
matar,1
aldo,1
aldi,1
lieuallen,1
garey,1
yule,1
kanthak,1
mccalman,1
ramano,1
gares,1
ereth,1
garen,1
mckern,1
beringer,1
stodgell,1
pinter,1
dehetre,1
hoilman,1
evick,1
dorow,1
jaconski,1
hopping,1
watzka,1
oliveira,1
tippey,1
boring,1
tjelmeland,1
malott,1
imburgia,1
dorph,1
staunton,1
tippet,1
deckard,1
watzke,1
ransdell,1
geel,1
patterson,1
dafoe,1
amie,1
geen,1
selph,1
vanalphen,1
tippen,1
sieloff,1
wiebusch,1
malouf,1
mosser,1
dziedzic,1
stephany,1
bernabei,1
hulton,1
krepps,1
mossel,1
geer,1
mossey,1
stephans,1
defalco,1
mosses,1
lanzetta,1
amin,1
fissori,1
hafford,1
mudrick,1
pintea,1
amir,1
stephano,1
capulong,1
amis,1
nabritt,1
gehl,1
wadman,1
gehm,1
villaverde,1
gregan,1
gubler,1
milward,1
fundis,1
gregas,1
raptis,1
geho,1
niziol,1
mcclees,1
gehr,1
kawasaki,1
duberry,1
mccleer,1
andersson,1
sherburn,1
trevathan,1
calamia,1
genberg,1
malory,1
endow,1
geib,1
sower,1
kutil,1
kariger,1
wendling,1
giombetti,1
grumer,1
spader,1
grumet,1
dorne,1
whitford,1
liebeck,1
cangey,1
hutchcroft,1
spadea,1
scheuermann,1
yanoff,1
wissler,1
hoppins,1
stevick,1
kulhanek,1
zador,1
guthary,1
duracher,1
zadow,1
birkline,1
schofill,1
kuthe,1
abramowitz,1
rubeck,1
greenhouse,1
neaves,1
dorst,1
militante,1
rappleye,1
burrs,1
leipert,1
gentille,1
dorso,1
burry,1
santheson,1
wiginton,1
selma,1
willbanks,1
pasvizaca,1
burse,1
dorta,1
zollars,1
sells,1
zickuhr,1
kutch,1
bursi,1
amoa,1
anttila,1
gavalis,1
smiling,1
maule,1
riggans,1
seisler,1
brogna,1
geis,1
maull,1
choulnard,1
balbuena,1
selle,1
mulling,1
geil,1
foerster,1
burtt,1
kleinberg,1
burts,1
sella,1
trigueiro,1
bicknese,1
burth,1
ricciardone,1
zitzelberger,1
fortes,1
goldermann,1
kuter,1
treister,1
mcclean,1
luedecke,1
gelo,1
selke,1
scroggin,1
ciccolini,1
malone,1
santillan,1
gruman,1
dingess,1
mullins,1
scroggie,1
milderberger,1
chinault,1
geml,1
aumavae,1
maune,1
burum,1
maung,1
mccleaf,1
shirakawa,1
lafratta,1
kadakia,1
truchan,1
sonntag,1
gerace,1
olay,1
patchell,1
faragoza,1
swecker,1
cangas,1
maloof,1
liebe,1
scheirman,1
malool,1
olah,1
gell,1
bennison,1
maloon,1
liebl,1
malichi,1
selis,1
kubilus,1
keliihoomalu,1
olan,1
gelb,1
bieker,1
hinger,1
geraci,1
madariaga,1
machuca,1
olds,1
hoschander,1
mullaney,1
leitner,1
lantier,1
schmelmer,1
peregrino,1
buron,1
palardy,1
luckenbaugh,1
gent,1
hollenback,1
hollenbach,1
selia,1
dorge,1
morrisette,1
burno,1
olea,1
selic,1
eustace,1
burns,1
gens,1
selig,1
sudberry,1
arline,1
brezee,1
delgado,1
selin,1
genz,1
selim,1
geng,1
ruehling,1
gene,1
dudack,1
gena,1
liedy,1
sciarretta,1
geno,1
fortis,1
fortin,1
roediger,1
forshee,1
mccorkle,1
burpo,1
dummett,1
balich,1
olde,1
ramach,1
dorff,1
tidrington,1
balick,1
hingle,1
brogan,1
burow,1
netolicky,1
cochrane,1
forshaw,1
hansbrough,1
forshay,1
kyzar,1
ludgood,1
mailloux,1
doren,1
mauro,1
teichrow,1
dorer,1
clopton,1
santacroce,1
dorey,1
ampy,1
maura,1
surrette,1
fusillo,1
furuyama,1
osterloh,1
wachowski,1
staniforth,1
borich,1
hesson,1
gradias,1
guglielmina,1
oler,1
kulesza,1
oles,1
burri,1
zavodny,1
selem,1
mullick,1
renell,1
seley,1
vaillancourt,1
risewick,1
sknerski,1
mullice,1
olen,1
amos,1
kuykendall,1
whtie,1
hoffmeister,1
saralegui,1
amor,1
tazelaar,1
maury,1
singletary,1
catchings,1
arender,1
amon,1
jefford,1
prindall,1
holway,1
aldworth,1
graniela,1
oley,1
tanious,1
balian,1
amoe,1
brahney,1
selfe,1
bodman,1
gess,1
burke,1
gest,1
maute,1
tippit,1
burki,1
schaudel,1
steinbrook,1
mominee,1
navone,1
vizard,1
bressman,1
fabacher,1
baliga,1
guitierrez,1
burka,1
sackal,1
wakeland,1
negrete,1
seleg,1
dorko,1
maust,1
ogorman,1
fioretti,1
krochmal,1
negreta,1
mauss,1
gerz,1
laumbach,1
gerald,1
horovitz,1
liebelt,1
beazley,1
dorka,1
gers,1
liehr,1
burle,1
zadra,1
deluney,1
koutras,1
gero,1
gerl,1
spannbauer,1
fortna,1
aboshihata,1
renert,1
koyama,1
labrador,1
morishita,1
gere,1
morishito,1
helgerman,1
mautz,1
nichalson,1
tippie,1
forsberg,1
tippin,1
burks,1
piguet,1
evins,1
selbo,1
doris,1
gallegas,1
tipple,1
burly,1
descamps,1
selca,1
dorio,1
hlywa,1
dorin,1
dorie,1
pintor,1
labriola,1
pintos,1
ponessa,1
brenchley,1
jaime,1
getz,1
selby,1
erger,1
dingell,1
olin,1
olis,1
gett,1
kropfelder,1
whitinger,1
doria,1
selan,1
kutlu,1
selbe,1
stofferahn,1
vangelos,1
georgalas,1
bicknell,1
sillman,1
pottichen,1
hollinghead,1
gullatte,1
forson,1
samiento,1
lovelady,1
granieri,1
rubens,1
drumheller,1
staubin,1
okuley,1
merriott,1
avilar,1
witters,1
zinger,1
heberling,1
randolph,1
graniero,1
bausman,1
okin,1
yamauchi,1
gerard,1
palone,1
yetzer,1
palomo,1
ferraraccio,1
spelman,1
hingst,1
davydov,1
scrogham,1
weismiller,1
supnet,1
lovelace,1
dosal,1
toborg,1
zircher,1
avellino,1
remillard,1
bushy,1
theberge,1
evitt,1
busie,1
prunier,1
wimbrow,1
sackey,1
smarsh,1
busic,1
patzke,1
paloma,1
currans,1
alsberry,1
siegel,1
matye,1
metheny,1
wassink,1
sirignano,1
hessey,1
matya,1
lieng,1
woolstenhulme,1
maloch,1
smartt,1
hessel,1
grenier,1
numbers,1
hesser,1
matyi,1
alva,1
tobosa,1
guisbert,1
mclucas,1
gitzen,1
quashie,1
vanloon,1
colville,1
deremiah,1
hemmingway,1
amboise,1
nebarez,1
feazel,1
stauble,1
speich,1
buske,1
sieger,1
speice,1
truchon,1
rubert,1
lebold,1
avilez,1
buser,1
wagoner,1
lagoni,1
aviles,1
stauber,1
rubero,1
eighmey,1
jomes,1
durett,1
cryan,1
yontz,1
hohenstein,1
breslow,1
embury,1
yonts,1
kassing,1
distaffen,1
busey,1
cryar,1
fluharty,1
faggins,1
siegle,1
samuels,1
hessee,1
blomquist,1
matza,1
rivadulla,1
macdonald,1
okon,1
kumalaa,1
seydel,1
ptomey,1
buttitta,1
ettman,1
pietzsch,1
conninghan,1
samuell,1
matute,1
belleville,1
sudler,1
doser,1
stoneberg,1
matusz,1
paddio,1
patzer,1
schleppy,1
mcdougal,1
lawless,1
caveness,1
longest,1
leisenring,1
sundermeyer,1
zadrozny,1
lierz,1
furlong,1
furlone,1
bedard,1
kagawa,1
buhoveckey,1
epel,1
dosch,1
fowkes,1
vanorden,1
hansard,1
smarra,1
liess,1
vanorder,1
liest,1
crankshaw,1
terwilliger,1
lachenauer,1
maturi,1
vandevsen,1
blanche,1
forshey,1
kyzer,1
koetter,1
walper,1
breithaupt,1
amas,1
overmann,1
alvanas,1
amat,1
amar,1
asiedu,1
cantres,1
terranova,1
aman,1
alleruzzo,1
voros,1
spacht,1
cantrel,1
opatrny,1
lietz,1
hallford,1
dudash,1
wissman,1
lieto,1
sawin,1
warmack,1
grunau,1
hafley,1
mcdougle,1
dubovsky,1
favaro,1
nockels,1
delgato,1
sawka,1
carrales,1
deherrera,1
zeigler,1
podell,1
battani,1
bresler,1
knepshield,1
tornquist,1
giarrano,1
boggioni,1
rabren,1
padden,1
busch,1
weikert,1
pilgreen,1
terzian,1
taal,1
corporal,1
busby,1
corporan,1
boehning,1
tabb,1
durfey,1
sincebaugh,1
durfee,1
kienast,1
okun,1
papson,1
amen,1
droste,1
sukhram,1
amel,1
stecker,1
badder,1
pinchbeck,1
martucci,1
paratore,1
bielak,1
steckel,1
sawer,1
rundstrom,1
ames,1
alvanez,1
amer,1
speckman,1
ketcheside,1
gean,1
plemmons,1
vorse,1
gear,1
blewitt,1
tack,1
casseday,1
tadd,1
lipovsky,1
aalund,1
tade,1
shurts,1
muscat,1
glordano,1
tada,1
applegate,1
muskopf,1
spacek,1
pintar,1
guitreau,1
shurtz,1
tacy,1
tadt,1
gebo,1
knappert,1
hairell,1
mauch,1
amey,1
bintliff,1
epps,1
bielat,1
shartle,1
reneau,1
largent,1
mauck,1
guebara,1
pishko,1
grossman,1
selvig,1
gede,1
demetrakos,1
breslin,1
labranche,1
krigger,1
stufflebean,1
ascol,1
stufflebeam,1
uptain,1
zakowski,1
pinkerman,1
heitmann,1
blancas,1
largena,1
selvey,1
avilla,1
sovie,1
sackos,1
arrasmith,1
mulkerin,1
geck,1
farland,1
adzhabakyan,1
wittels,1
chanler,1
vankleeck,1
pascascio,1
maloff,1
campbell,1
taff,1
woolwine,1
frascella,1
sawdo,1
chapparo,1
burbine,1
chanley,1
mosgrove,1
cosner,1
sudlow,1
manwaring,1
taft,1
gedo,1
patague,1
grotzke,1
kohnke,1
mauer,1
sanborn,1
einspahr,1
pitcher,1
pestano,1
hanway,1
dorval,1
blessinger,1
oberdier,1
torris,1
cleaver,1
cleaves,1
nealeigh,1
leggette,1
hiciano,1
comissiong,1
nazaire,1
appert,1
levesque,1
fegueroa,1
kratochwil,1
amailla,1
jeanmard,1
feamster,1
swearingin,1
ketchen,1
foulcard,1
ketcher,1
evanson,1
parchment,1
fryman,1
ketchem,1
godley,1
amrine,1
bompiani,1
kuberski,1
median,1
trofholz,1
degori,1
wheelis,1
seidman,1
laverde,1
angers,1
krofft,1
angert,1
thibaut,1
bredlow,1
torrie,1
jezek,1
dapinto,1
hirons,1
papka,1
lipka,1
fosler,1
yray,1
lipke,1
ruggiano,1
meile,1
gathright,1
mcmeekin,1
papke,1
pereria,1
helfgott,1
otten,1
summerhill,1
helveston,1
betterman,1
seguin,1
otter,1
fatzinger,1
kollross,1
vezza,1
goodfellow,1
cassaday,1
ottem,1
craner,1
sisofo,1
porta,1
wolzen,1
felver,1
porte,1
porth,1
ottey,1
yurman,1
mcleskey,1
mcclarin,1
porto,1
hollberg,1
papin,1
ports,1
papik,1
scheiner,1
medico,1
craney,1
medick,1
portz,1
gettinger,1
medich,1
mankiewicz,1
medici,1
bracher,1
zuppa,1
zanchez,1
banning,1
vaccarezza,1
reiners,1
stehlik,1
reinert,1
bartholemew,1
thibedeau,1
lawver,1
porrazzo,1
reisner,1
stehlin,1
irsik,1
anthes,1
pappy,1
trumps,1
dorvee,1
papps,1
canion,1
fugh,1
ketchie,1
fugo,1
trumpp,1
rallis,1
vanhoozer,1
lippa,1
demartino,1
bowlus,1
lippi,1
pappa,1
poaipuni,1
meise,1
lekas,1
lippe,1
mckendrick,1
wheelen,1
lograsso,1
lipps,1
weasel,1
tonneson,1
mayzes,1
tuong,1
lippy,1
reilly,1
ransonet,1
canino,1
rushmore,1
demartini,1
wheeley,1
wheeler,1
wheeles,1
julander,1
meiss,1
longbine,1
lierle,1
banahan,1
binker,1
watchman,1
heslop,1
carandang,1
formichelli,1
lekan,1
drzazgowski,1
wicker,1
blumberg,1
dominguez,1
ottis,1
hirose,1
fuel,1
wickey,1
neilson,1
stcroix,1
oberdick,1
tuomi,1
mackinder,1
crance,1
chris,1
wickes,1
domingues,1
cabatu,1
fuda,1
hirota,1
horita,1
jentsch,1
hambelton,1
gallups,1
canipe,1
thronson,1
rigazio,1
leesmann,1
salisbury,1
giaquinto,1
johson,1
malkasian,1
stratford,1
whittier,1
wardlow,1
chaiken,1
fude,1
durham,1
bandulin,1
landreth,1
sopha,1
hallett,1
gantz,1
durhan,1
papich,1
gantt,1
baumgart,1
makofsky,1
daudier,1
dorvil,1
stalnaker,1
nivala,1
hasstedt,1
baumgarn,1
lorick,1
mazikowski,1
mcclarty,1
giaquinta,1
baumgard,1
bartkowiak,1
crisci,1
arflack,1
monden,1
ibara,1
crisan,1
molchan,1
angelini,1
paullin,1
eyton,1
georgopoulos,1
peevey,1
wheelan,1
sophy,1
meigs,1
angelino,1
dettmering,1
ganus,1
kemner,1
hererra,1
jetton,1
gellert,1
ormonde,1
mojardin,1
kerbow,1
ikkela,1
terhorst,1
marcone,1
appell,1
minzenmayer,1
cranor,1
marconi,1
meidl,1
appelt,1
vilandre,1
mijares,1
lobosco,1
waldram,1
pickard,1
richters,1
tenpas,1
obleness,1
furlow,1
dahman,1
angeline,1
lawerance,1
jobst,1
semones,1
torros,1
zickefoose,1
pavlovich,1
amidei,1
speilman,1
bouchie,1
hohnson,1
landress,1
bowmer,1
gjelten,1
demirchyan,1
meier,1
caroll,1
sopko,1
fetterhoff,1
hoffpauir,1
caroli,1
lipan,1
bosquez,1
bosquet,1
linkert,1
bosques,1
dechavez,1
posen,1
kaboos,1
ruthenberg,1
bjorkquist,1
monday,1
flautt,1
mccloudy,1
hintergardt,1
olgvin,1
catillo,1
turkington,1
mccloude,1
brandorff,1
whitener,1
mestler,1
misnick,1
schwegel,1
heidemann,1
ganze,1
haverstick,1
ducklow,1
choquette,1
detrolio,1
hockman,1
dodds,1
reineke,1
whyard,1
steadman,1
swearinger,1
gardenhire,1
swearingen,1
beiswenger,1
abriola,1
ketcham,1
tocher,1
mccoulskey,1
rasmuson,1
posch,1
gilhuly,1
vidrine,1
zanotti,1
suddreth,1
eggenberger,1
soper,1
ockman,1
greeley,1
kulikowski,1
altenburg,1
sepulveda,1
mccrosky,1
aoay,1
nakata,1
mitcheltree,1
waldren,1
geter,1
waldrep,1
sandefur,1
inguardsen,1
angelo,1
bowman,1
briggman,1
angell,1
hinnen,1
pestana,1
angeli,1
lagomarsino,1
dodge,1
angela,1
hovsepian,1
reinwald,1
lagerman,1
crosbie,1
satterfield,1
posas,1
maxfield,1
delaplane,1
twitchell,1
nakama,1
fure,1
roddy,1
furr,1
furl,1
bowlin,1
bleile,1
bertino,1
trauernicht,1
mondor,1
anfinson,1
rodde,1
fury,1
helgerson,1
kapuscinski,1
palinski,1
prosak,1
mcclaflin,1
kroetz,1
fulghum,1
jobin,1
amidon,1
rodda,1
mondok,1
stadick,1
warhola,1
fusi,1
charter,1
kerkhoff,1
gaona,1
lococo,1
fuse,1
colegrove,1
fuss,1
roden,1
breakfield,1
montpas,1
rodes,1
furler,1
roder,1
wardlaw,1
soppe,1
higashida,1
mafua,1
skarphol,1
posik,1
fust,1
biederwolf,1
papike,1
ketchum,1
rodea,1
posis,1
raigosa,1
jasionowski,1
crunkilton,1
prejean,1
ervay,1
tonnesen,1
munley,1
veitch,1
poser,1
kurka,1
lively,1
andradez,1
kohlmeyer,1
warzecha,1
lindstrom,1
prosch,1
posey,1
mclachlan,1
carota,1
bonaguidi,1
nakano,1
andrades,1
seesholtz,1
hodapp,1
kroese,1
canida,1
mabins,1
dunemn,1
haluska,1
ibale,1
osornio,1
eyubeh,1
ottum,1
prchal,1
bienkowski,1
williamsen,1
giambruno,1
meditz,1
spueler,1
overly,1
bleecker,1
carone,1
gachupin,1
sidoti,1
borysewicz,1
brociner,1
lehnertz,1
canchola,1
defaria,1
bourgoyne,1
bowlen,1
bowler,1
tarnowski,1
schoenemann,1
bowlet,1
homola,1
bowles,1
reineck,1
bowley,1
marcoux,1
paullus,1
jobes,1
caldarella,1
umbaugh,1
rodak,1
rodal,1
moisa,1
furlan,1
rodan,1
pickrell,1
berthelsen,1
rodar,1
battuello,1
moise,1
rodas,1
stoermer,1
poplawski,1
tupaj,1
biesecker,1
kosanovic,1
marcott,1
augusta,1
phuong,1
siniard,1
armiger,1
pommier,1
fetterolf,1
augusto,1
mcelmury,1
padron,1
wickus,1
trumbo,1
auguste,1
boucher,1
fleetwood,1
aalderink,1
knoepke,1
hanisko,1
hockley,1
norberg,1
kuechler,1
dolinger,1
borgstrom,1
hospelhorn,1
dahmen,1
poska,1
rahimi,1
dahmer,1
semonis,1
racano,1
truman,1
stahnke,1
daughtrey,1
wheelus,1
batimon,1
vargason,1
lookadoo,1
trecarichi,1
bouchey,1
mazingo,1
erven,1
nguyn,1
mastriano,1
azznara,1
geyman,1
blomdahl,1
szumski,1
nakada,1
grissett,1
clarenbach,1
lekey,1
gerardot,1
haberkorn,1
bayouth,1
aoki,1
shermer,1
halleen,1
fabrizius,1
kurek,1
overby,1
matkins,1
chambliss,1
jaeger,1
dunklee,1
overbo,1
whittenberg,1
olewinski,1
vargus,1
williamson,1
casebeer,1
tuccio,1
ugarte,1
fauver,1
papai,1
lampshire,1
plavnik,1
mehta,1
fuhs,1
gabbamonte,1
seidler,1
grensky,1
fuhr,1
merrell,1
muldoon,1
dunkley,1
birenbaum,1
papan,1
shively,1
raigoza,1
stringer,1
riddles,1
silverstein,1
papas,1
mcclaran,1
papay,1
medill,1
riddley,1
kilness,1
ibach,1
sauberan,1
halleck,1
machinsky,1
malcome,1
letersky,1
petrizzo,1
malcomb,1
schkade,1
rivenburgh,1
benenati,1
faulkenberry,1
aono,1
gaccione,1
pourier,1
dekrey,1
ayersman,1
whitaker,1
malcolm,1
ruckdaschel,1
dussault,1
dapolito,1
lorion,1
orejel,1
laurendeau,1
thormina,1
batkin,1
funt,1
natiello,1
forehand,1
barayuga,1
funn,1
funk,1
medine,1
birnberg,1
sherman,1
argrave,1
posto,1
medina,1
fung,1
cornetta,1
miedema,1
shivers,1
creglow,1
medino,1
fune,1
cornette,1
rodia,1
phanord,1
kroeze,1
cabble,1
santomauro,1
guthridge,1
roider,1
muscatello,1
igartua,1
lefebure,1
tlucek,1
thelmon,1
mondry,1
rodin,1
tupin,1
vanderkar,1
coluccio,1
mosqueda,1
rodis,1
stoliker,1
haessig,1
vanderkam,1
duesing,1
stgeorge,1
elerson,1
kuras,1
rangasammy,1
pascoal,1
tenore,1
giannavola,1
haessly,1
papen,1
shedlock,1
fulp,1
munlin,1
fuls,1
cavrak,1
neilsen,1
dunklin,1
fulk,1
prentice,1
ahlemeyer,1
mawhinney,1
moine,1
brunzel,1
mcclaren,1
gunlock,1
epting,1
reiley,1
arrance,1
lorino,1
barickman,1
colborn,1
dodson,1
sulzer,1
malvern,1
loring,1
posso,1
bietsch,1
dentler,1
sulzen,1
rifkin,1
mundahl,1
torset,1
posse,1
tennille,1
hambright,1
brachle,1
ancy,1
traweek,1
dronen,1
montore,1
quaye,1
montori,1
woessner,1
anda,1
dronet,1
fest,1
drones,1
encallado,1
fett,1
askew,1
detaeye,1
burrall,1
askey,1
hricko,1
strohmeier,1
mithani,1
asken,1
tunon,1
dancoes,1
ando,1
feth,1
buchenau,1
caffey,1
saling,1
eisnaugle,1
paulman,1
colosimo,1
kratochvil,1
mctush,1
fess,1
merrett,1
adelson,1
droney,1
battson,1
fesh,1
brocious,1
manfredonia,1
jaskot,1
mascroft,1
kemmis,1
verrone,1
kleiman,1
prosperie,1
stankovic,1
pecorelli,1
kircher,1
fera,1
donath,1
kirchen,1
meinershagen,1
salimi,1
donati,1
foyer,1
grossmeyer,1
suydam,1
suydan,1
donato,1
fern,1
ferm,1
lelah,1
manzone,1
labrie,1
ferr,1
nicosia,1
heavner,1
fero,1
babinski,1
donate,1
fabroquez,1
antich,1
plainy,1
salina,1
ferg,1
halbrook,1
roewe,1
busscher,1
mestemacher,1
renaud,1
cherubin,1
galvez,1
wiswall,1
geske,1
scharnberg,1
galves,1
ertle,1
thor,1
ruttan,1
cramer,1
thom,1
thon,1
mastoris,1
caffee,1
galven,1
donart,1
thoe,1
walworth,1
montono,1
firsching,1
stillman,1
develbiss,1
reisman,1
thro,1
maeda,1
hanvey,1
newball,1
lefever,1
conkrite,1
tunks,1
montone,1
dunkinson,1
kissner,1
crauswell,1
nicoson,1
askam,1
stepnowski,1
zaczek,1
westover,1
wakeling,1
anson,1
ange,1
cristo,1
jacobowitz,1
liverpool,1
sharpnack,1
quave,1
engleking,1
devanski,1
cristy,1
mercadante,1
vargis,1
pineiro,1
criste,1
letbetter,1
roets,1
roggeman,1
burrage,1
dellibovi,1
seidner,1
roeth,1
bryington,1
duriga,1
mcdonagh,1
sagraves,1
laland,1
xyong,1
puhuyaoma,1
colonnese,1
anez,1
aney,1
bouchaert,1
brannick,1
lepetich,1
fyffe,1
summerall,1
kroger,1
slobodnik,1
rutter,1
galvan,1
fetz,1
roese,1
sonza,1
czolba,1
brofman,1
mohar,1
lieske,1
mohan,1
denherder,1
fergoson,1
hetchman,1
andy,1
zuercher,1
iwashita,1
mykins,1
gapen,1
donawa,1
roers,1
anes,1
wethje,1
lions,1
sisney,1
callister,1
myking,1
gencarelli,1
rutten,1
fell,1
raithel,1
barillas,1
degnim,1
luhmann,1
shawcroft,1
secore,1
secord,1
feld,1
durian,1
moskowitz,1
thew,1
ertel,1
hollingworth,1
warzybok,1
groetken,1
secora,1
kuchinski,1
kurth,1
henneberry,1
archambeau,1
mogus,1
nunemaker,1
vernier,1
tuggie,1
montoya,1
kulaga,1
cantatore,1
notter,1
rudisill,1
effron,1
platania,1
chrispen,1
amys,1
theo,1
schaufelberge,1
them,1
then,1
amyx,1
belvin,1
thee,1
mogro,1
mcvicar,1
worton,1
joans,1
durick,1
alamillo,1
kulacz,1
feit,1
carnie,1
dronko,1
hardaman,1
gerdts,1
pontillo,1
gottschall,1
gottschalk,1
denholm,1
obermeier,1
frankenstein,1
feil,1
gaglio,1
charsky,1
fein,1
zeiser,1
alamilla,1
delashaw,1
escoto,1
reindel,1
mosquera,1
feig,1
lekwa,1
salido,1
moscardelli,1
livers,1
gaglia,1
motayne,1
setser,1
escott,1
chatriand,1
kurtz,1
vitucci,1
borgmeyer,1
fehr,1
mejia,1
fenoglio,1
fehl,1
polanco,1
fehn,1
second,1
wearly,1
montour,1
eppert,1
chrispin,1
seymoure,1
bownds,1
kinroth,1
ofallon,1
wruck,1
stumbaugh,1
montrella,1
edmonson,1
steinbrenner,1
dundon,1
kurns,1
moddejonge,1
lalata,1
lieser,1
montoto,1
barillaro,1
stakemann,1
carnes,1
kemmer,1
patellis,1
carney,1
escort,1
goolden,1
barillari,1
carner,1
reopell,1
askia,1
fent,1
thie,1
wiltfong,1
kiekbusch,1
feno,1
torbeck,1
kucharik,1
hemeyer,1
yannuzzi,1
thim,1
vargas,1
askin,1
primiano,1
hochstein,1
fend,1
janson,1
mearing,1
feng,1
parmelee,1
fenk,1
fenn,1
szymanowski,1
akerman,1
stevens,1
tuinstra,1
croxford,1
montoro,1
colder,1
fakhouri,1
giannitti,1
ribiero,1
femi,1
caffie,1
liesch,1
hinman,1
hosford,1
szermer,1
arrants,1
fuemmeler,1
felt,1
poter,1
potes,1
fels,1
labrum,1
colden,1
leitzinger,1
humberson,1
liebler,1
coryea,1
sauvageau,1
englebrecht,1
horrocks,1
canham,1
febo,1
roehr,1
tzeng,1
nesseth,1
quail,1
gerwe,1
quain,1
baldonado,1
tenner,1
brutsch,1
whitmeyer,1
sherlin,1
favorito,1
tarlton,1
dahnke,1
swetland,1
roehl,1
roehm,1
briante,1
poffenberger,1
calamarino,1
letchaw,1
totherow,1
lillehaug,1
abdelwahed,1
akerley,1
zupan,1
tenney,1
antu,1
favorite,1
feck,1
fakhoury,1
tilford,1
poths,1
quaid,1
fedd,1
kenekham,1
hallemeyer,1
klaich,1
anthon,1
albanez,1
schlicher,1
lefevre,1
bywater,1
gubernath,1
hibbets,1
maese,1
donaby,1
laverty,1
friedmann,1
peszynski,1
helquist,1
wiedmaier,1
sablone,1
therrien,1
tamaro,1
quall,1
winesett,1
dejulio,1
dobek,1
lavertu,1
isenhour,1
quale,1
adelblue,1
dobrynski,1
gappa,1
organek,1
dobey,1
staebell,1
dobes,1
ziernicki,1
dellaporta,1
brodmerkel,1
jankowski,1
frabott,1
skeels,1
heidtman,1
failla,1
linza,1
skeele,1
maerz,1
soong,1
mccullers,1
faille,1
fear,1
saliba,1
stellman,1
belinski,1
sturdnant,1
thai,1
lasage,1
thal,1
sherley,1
mccalpane,1
forguson,1
shenefield,1
harbold,1
sherles,1
vandermoon,1
roedl,1
petges,1
bukowski,1
crisco,1
kushi,1
grewe,1
francolino,1
belinsky,1
roede,1
donado,1
lambrakis,1
militello,1
linzy,1
tennis,1
mcnulty,1
grantland,1
spakes,1
frederico,1
fego,1
moothart,1
frederick,1
moistner,1
zazozdor,1
worthy,1
greve,1
doble,1
thao,1
lingard,1
tham,1
cabada,1
than,1
thay,1
linsley,1
skeens,1
hessenthaler,1
thau,1
harbolt,1
blumenberg,1
lanzafame,1
mohre,1
mulvahill,1
fede,1
cuascut,1
solinas,1
niedzwiedzki,1
corprew,1
larusch,1
wengerd,1
matalka,1
dobie,1
mccaffery,1
cajero,1
dobin,1
theden,1
ramstad,1
failor,1
medhus,1
zakrajsek,1
dobis,1
birmingham,1
cease,1
fees,1
kusky,1
sulyma,1
manusyants,1
bridwell,1
kusko,1
binion,1
monell,1
rexford,1
mandelberg,1
krofta,1
evangelista,1
kuske,1
donaho,1
santucci,1
dobos,1
dunkelberger,1
gaschke,1
gerow,1
kovacevic,1
mannion,1
laverne,1
lasala,1
gutierres,1
gutierrex,1
gutierrez,1
gresh,1
mainetti,1
schillaci,1
castleman,1
gresl,1
crispo,1
reimel,1
stinchcomb,1
gress,1
tuohy,1
linne,1
gallivan,1
zimmer,1
vlchek,1
segura,1
meitz,1
mannino,1
trulli,1
zimmel,1
stahmer,1
kusek,1
darmiento,1
failey,1
becraft,1
manning,1
furman,1
mannine,1
kusel,1
kuser,1
gaznes,1
collinson,1
panella,1
mannina,1
delellis,1
germy,1
branning,1
wengert,1
domiano,1
nottage,1
anis,1
knights,1
gretz,1
gerdes,1
sconce,1
gerdel,1
zembower,1
horine,1
crummedyo,1
lasane,1
sidney,1
moher,1
fredley,1
segobia,1
tefera,1
potra,1
lelis,1
leemans,1
anthis,1
quast,1
vitanza,1
cabana,1
boissonneault,1
failde,1
greth,1
reiman,1
skeets,1
yurkovich,1
skeete,1
berendzen,1
flater,1
cybart,1
greto,1
dundee,1
donald,1
boisvert,1
flaten,1
tamayo,1
grett,1
potts,1
mollura,1
roell,1
quang,1
gerst,1
knickrehm,1
torbett,1
mcdonald,1
sahsman,1
karrels,1
quann,1
grenz,1
anos,1
gronosky,1
anon,1
phomsoukha,1
storbeck,1
duhaime,1
hormann,1
anoe,1
balzano,1
sandefer,1
hibbert,1
jetter,1
shawley,1
benitone,1
oslund,1
dwiggins,1
abdalla,1
zinkievich,1
gerry,1
kothakota,1
pennacchio,1
suffridge,1
motayen,1
hatstat,1
zietz,1
dibenedetto,1
kusak,1
shawler,1
muffoletto,1
rosenkoetter,1
dibenedetti,1
fulgham,1
trossbach,1
panelli,1
tennon,1
stalley,1
torred,1
bresette,1
rutski,1
kessner,1
lelli,1
proffitt,1
harbour,1
torbert,1
gerdis,1
cartner,1
lints,1
bleeker,1
soose,1
lintz,1
mckindra,1
during,1
zellars,1
staller,1
ansel,1
lelle,1
lella,1
letterman,1
drummonds,1
angelica,1
kusch,1
dundas,1
berardo,1
reimer,1
cowper,1
hibberd,1
dobry,1
appolonia,1
dibley,1
gerty,1
maeno,1
torrez,1
berardi,1
gertz,1
torrey,1
angelico,1
flatau,1
torres,1
laubersheimer,1
quant,1
anno,1
rotolo,1
anna,1
rutske,1
dobre,1
gerth,1
anne,1
tousignant,1
bishard,1
alliance,1
mahli,1
cowley,1
dunham,1
carlye,1
agramonte,1
teng,1
gauvin,1
gerlt,1
littlewood,1
haslinger,1
sablock,1
mespelt,1
tena,1
party,1
noggle,1
mielkie,1
bingert,1
gerla,1
tent,1
larusso,1
mitchum,1
consuegra,1
klare,1
cowles,1
masella,1
mahle,1
propps,1
teno,1
tenn,1
hollibaugh,1
gripp,1
eppich,1
yoshi,1
ferrufino,1
westerberg,1
coolahan,1
drummer,1
drummey,1
klarr,1
stepaniak,1
antos,1
stepanian,1
tangabekyan,1
zellers,1
breidel,1
temp,1
klase,1
sastre,1
kopplin,1
salvador,1
reusing,1
anton,1
heefner,1
rueluas,1
vavra,1
grims,1
parsa,1
privatsky,1
urabe,1
lemen,1
soran,1
parry,1
skeffington,1
buerkle,1
orabone,1
menjivar,1
tela,1
kopecky,1
kranich,1
grine,1
bogatay,1
neitzel,1
faines,1
dieffenbach,1
kasparian,1
teffeteller,1
riihimaki,1
parsi,1
parsh,1
tell,1
duhart,1
chopra,1
yarger,1
napoletano,1
spagna,1
hourigan,1
nighbor,1
vaisman,1
ayling,1
sorbo,1
maccabe,1
maselli,1
uelmen,1
saguil,1
mccartney,1
voskamp,1
masello,1
graughard,1
rubash,1
mekus,1
klapp,1
quillin,1
briones,1
vavro,1
mogan,1
gerke,1
buckovitch,1
downum,1
ziems,1
dukeman,1
niebel,1
sorce,1
parra,1
granholm,1
ragula,1
gackle,1
farless,1
zierk,1
bertley,1
materna,1
bignell,1
klave,1
cruise,1
harshbarger,1
logwood,1
heuangvilay,1
neitzke,1
lembo,1
schoneman,1
shortridge,1
hodder,1
mahin,1
debien,1
gerig,1
thurmon,1
zolinski,1
worsley,1
porietis,1
contreros,1
debiew,1
spomer,1
teig,1
sincock,1
teneyck,1
geris,1
gritz,1
cupelli,1
soren,1
leman,1
sorel,1
lemar,1
fullbright,1
lemay,1
haseltine,1
loveberry,1
vanhofwegen,1
mcloughlin,1
sorey,1
aumich,1
klass,1
bisignano,1
aumick,1
odebralski,1
heneisen,1
ableman,1
lumpkin,1
antwi,1
zeyadeh,1
herpolsheimer,1
broadhurst,1
baxley,1
geres,1
seebach,1
birchett,1
maheu,1
eberling,1
maher,1
kempon,1
doiley,1
poppo,1
peasel,1
parms,1
quillen,1
therrell,1
klatt,1
espeland,1
kupferberg,1
oncale,1
feilbach,1
kinkead,1
fredline,1
tretera,1
grist,1
brunderman,1
sorgi,1
tremillo,1
hinley,1
sinicki,1
poppe,1
paolucci,1
rubano,1
klaus,1
heidtbrink,1
meynard,1
seigworth,1
sulentic,1
sorge,1
grise,1
quiller,1
herscher,1
dzledzic,1
panagos,1
statton,1
klaja,1
delperdang,1
openshaw,1
zenger,1
pazo,1
scroggs,1
herschel,1
diangelo,1
mahdi,1
teet,1
sorber,1
iarocci,1
scroggy,1
stehney,1
tees,1
teer,1
ashaf,1
chrismer,1
kiszka,1
digiacinto,1
teem,1
teel,1
salvadge,1
sickendick,1
pennell,1
mileham,1
sorin,1
ziego,1
teed,1
ruller,1
carman,1
bestwick,1
payn,1
gothier,1
harootunian,1
geren,1
dimiceli,1
shamily,1
vanderschel,1
eberline,1
galva,1
lomboy,1
soria,1
sibayan,1
arturo,1
schaefers,1
mahar,1
rogan,1
dalton,1
mahan,1
maham,1
rogal,1
paye,1
milillo,1
antkowiak,1
grife,1
paya,1
rogas,1
griem,1
quintyne,1
scroger,1
saperstein,1
gerbi,1
dejaeger,1
raguay,1
artuso,1
niebla,1
gries,1
zablonski,1
grier,1
gerba,1
griep,1
fausto,1
saterfiel,1
aaronson,1
sawtell,1
hilderbrandt,1
gerbs,1
grigg,1
kemple,1
waggaman,1
klahr,1
ashby,1
klahn,1
labeots,1
mccaffity,1
vanzile,1
derickson,1
pulwer,1
tavano,1
grill,1
marushia,1
cowlin,1
klang,1
melliere,1
barranca,1
tebo,1
pavy,1
brynteson,1
tavana,1
klamm,1
klamn,1
teat,1
bodrey,1
lenczyk,1
asher,1
teas,1
tear,1
barranco,1
trowers,1
trowery,1
hinchliff,1
quach,1
dentremont,1
glausier,1
propst,1
grimm,1
clingingsmith,1
lemoyne,1
teal,1
grima,1
lefore,1
chrisman,1
lindburg,1
grime,1
klann,1
paul,1
perisho,1
mahal,1
paup,1
carmer,1
rullan,1
bigness,1
pauk,1
quade,1
carmen,1
mazion,1
carmel,1
yott,1
spranger,1
thurmer,1
dortch,1
ziehm,1
sulipizio,1
carmin,1
rogel,1
patz,1
roger,1
patt,1
zachman,1
ligonis,1
hossfeld,1
bugarin,1
ealick,1
lefort,1
hajdas,1
pate,1
pata,1
canlas,1
jacoway,1
tabeling,1
soros,1
buntyn,1
quaas,1
soron,1
colgin,1
pass,1
galow,1
youd,1
soroa,1
dummitt,1
chevere,1
hindbaugh,1
mangione,1
pash,1
youn,1
galon,1
pase,1
vanslyke,1
lawter,1
parco,1
maslowski,1
kemper,1
gamon,1
frawley,1
gyatso,1
haasch,1
sodachanh,1
corwin,1
mozzone,1
kassell,1
kempel,1
warmuth,1
dardenne,1
kempen,1
olivarez,1
bowsher,1
parda,1
urata,1
olivares,1
turdo,1
siggers,1
guzzetta,1
kupec,1
downen,1
kenmore,1
bibiano,1
pardo,1
downer,1
bevevino,1
pardi,1
veyna,1
parde,1
policicchio,1
maslowsky,1
turek,1
sivalia,1
kuper,1
hewson,1
lecrone,1
pardy,1
tures,1
furner,1
downes,1
mariotti,1
thurner,1
downey,1
furney,1
massanet,1
masgalas,1
parah,1
swider,1
crites,1
mccline,1
eismann,1
turay,1
kiedrowski,1
brockway,1
bedner,1
antal,1
antao,1
mekee,1
lawson,1
roffe,1
paray,1
paraz,1
gamma,1
turbe,1
american,1
soliman,1
dukelow,1
paras,1
vandever,1
parat,1
moberly,1
delossantos,1
yaegle,1
doerr,1
gallodoro,1
giallorenzo,1
parbo,1
dorton,1
ormerod,1
kualii,1
tuggle,1
mcclelland,1
perciballi,1
lemus,1
gerety,1
chrislip,1
honeycut,1
kaukola,1
brodrick,1
kerens,1
freiermuth,1
magdefrau,1
panagis,1
beachman,1
parbs,1
turck,1
merdian,1
turco,1
bromberek,1
paysen,1
ashly,1
faherty,1
sorum,1
tegarden,1
belyea,1
luhman,1
sotiriou,1
vandell,1
holsworth,1
jansky,1
trowell,1
sottile,1
grief,1
lovingood,1
mogle,1
ziech,1
grieb,1
schoville,1
mccluskey,1
beightol,1
fornicola,1
sheldrick,1
lirag,1
vandermay,1
janski,1
gagney,1
wellborn,1
deeters,1
arelleano,1
whittingham,1
furnia,1
rikard,1
grice,1
doell,1
grich,1
rendall,1
egans,1
livingood,1
carmon,1
pearse,1
bleggi,1
winborne,1
gerena,1
zieba,1
sorto,1
spontak,1
krajcik,1
creach,1
antell,1
bedney,1
gagner,1
colgan,1
bellfleur,1
anter,1
divoll,1
antes,1
lawsky,1
inoue,1
takeuchi,1
krajcer,1
mcclish,1
chrisley,1
antee,1
sandiford,1
lempe,1
mcilwaine,1
debenedictis,1
dirlam,1
cmiel,1
westerbeck,1
chrisler,1
pfluger,1
mithcell,1
azbell,1
wlodarczyk,1
torsiello,1
gravenstein,1
blegen,1
jansma,1
hazlip,1
bemiller,1
puhala,1
ryckman,1
johngrass,1
schrauger,1
breniser,1
vanroekel,1
parle,1
loggens,1
nobregas,1
forkell,1
shewbridge,1
arcano,1
people,1
polsky,1
turla,1
foertsch,1
dahood,1
parks,1
arcand,1
dalrymple,1
lawhorn,1
turli,1
bunton,1
polski,1
bronaugh,1
gamer,1
games,1
gamet,1
resnikoff,1
parma,1
gamez,1
charves,1
charvet,1
farrelly,1
vaissiere,1
lovitt,1
hamlette,1
lemos,1
caldwell,1
creagh,1
ouellette,1
grossack,1
lovitz,1
ancrum,1
lemon,1
quillan,1
edison,1
ragusa,1
stallworth,1
odiase,1
lemle,1
hemstreet,1
kirschenbaum,1
reseigh,1
hilsendager,1
paris,1
raguso,1
creacy,1
jewel,1
overocker,1
oxford,1
antis,1
turja,1
contreras,1
renart,1
gamel,1
lemma,1
cackett,1
parke,1
criton,1
lemme,1
turko,1
contreraz,1
swaggart,1
cowman,1
trimboli,1
turks,1
dungee,1
nazzaro,1
renard,1
brumbelow,1
dibona,1
loewenstein,1
feickert,1
degree,1
hanzel,1
truont,1
turello,1
truong,1
dungey,1
turke,1
driessen,1
schweers,1
lemmo,1
dirkse,1
yosko,1
gamby,1
rushford,1
oldridge,1
tadych,1
deuell,1
feyh,1
mulcahey,1
rastorfer,1
derflinger,1
clifton,1
gallwas,1
golderer,1
boshes,1
matesic,1
arcaro,1
phippard,1
pargo,1
orehek,1
pevehouse,1
mcclosky,1
reynoldson,1
namanworth,1
shenton,1
furnas,1
antle,1
rellihan,1
barrentine,1
sechler,1
montney,1
lombel,1
coulombe,1
lemke,1
huppenbauer,1
neuendorf,1
stahler,1
habowski,1
cotugno,1
housewright,1
downin,1
venice,1
panuccio,1
saliva,1
charvat,1
stahley,1
gamba,1
zollner,1
legendre,1
anteby,1
mahoe,1
sausser,1
sommerdorf,1
parez,1
pearle,1
hinkle,1
payson,1
downie,1
jansen,1
tribley,1
turns,1
calciano,1
winthrop,1
moger,1
stalker,1
contreres,1
mogel,1
paree,1
woodgate,1
buntin,1
leadingham,1
turne,1
hallberg,1
bednar,1
degraw,1
brattain,1
mahon,1
pares,1
grohoske,1
newberry,1
lumbra,1
guyott,1
venier,1
thamphia,1
fleischacker,1
parga,1
elizondo,1
lemin,1
ammonds,1
ozment,1
eshbaugh,1
mikula,1
kissling,1
kolding,1
hylton,1
yordy,1
puffett,1
ahlfield,1
hatzenbuehler,1
standford,1
krahenbuhl,1
osazuwa,1
zollman,1
gourley,1
crowell,1
mongan,1
melve,1
naquin,1
pulver,1
mongar,1
lagrenade,1
durkin,1
koslosky,1
tamplin,1
banuelos,1
brackin,1
zobell,1
magin,1
volante,1
magil,1
vanderloo,1
goralski,1
passy,1
hignight,1
entinger,1
magid,1
lipstone,1
rotenberg,1
cooksey,1
magic,1
quarto,1
limehouse,1
tortorelli,1
yorck,1
lener,1
pasto,1
overholt,1
hammock,1
lenig,1
muszynski,1
casalenda,1
paar,1
paap,1
bontemps,1
auringer,1
lenis,1
phebus,1
bontempo,1
lumbley,1
schlepphorst,1
camerena,1
carpino,1
yousif,1
leimberger,1
credille,1
brinegar,1
sasson,1
bunten,1
blanchett,1
coverstone,1
hinken,1
herrmann,1
urben,1
wiewel,1
hinkel,1
vause,1
darnold,1
hinkes,1
zimmerman,1
immerman,1
hinkey,1
froneberger,1
ramsfield,1
conerly,1
terbush,1
prodoehl,1
murayama,1
sponsler,1
gerhardt,1
felmlee,1
lenci,1
whittenton,1
lench,1
magda,1
lesperance,1
dungan,1
meteer,1
osborn,1
landrian,1
saviano,1
infinger,1
hanchett,1
monger,1
monges,1
hasegawa,1
yousko,1
karnath,1
gergel,1
munion,1
magee,1
echavez,1
maged,1
plagge,1
gergen,1
abeyta,1
voorheis,1
melso,1
pason,1
fredieu,1
magel,1
vaulx,1
pearce,1
casstevens,1
khosravi,1
pottorff,1
stanbaugh,1
anctil,1
pearcy,1
hallick,1
russwurm,1
trefethen,1
foskey,1
bedoya,1
petito,1
meltz,1
kabler,1
nettle,1
petitt,1
lafayette,1
allman,1
mager,1
mages,1
passi,1
marchetta,1
treichel,1
glymph,1
munise,1
magana,1
skehan,1
lendo,1
magano,1
chamlee,1
carasco,1
verfaillie,1
poque,1
kirkhart,1
passe,1
lendt,1
folliard,1
apel,1
forgey,1
kosloski,1
maggi,1
heisinger,1
polson,1
marchetti,1
aper,1
hibbetts,1
chamley,1
maggs,1
savarese,1
muresan,1
flugence,1
urban,1
quarry,1
ingebretsen,1
urbas,1
cappello,1
mazzara,1
wilensky,1
kloock,1
voglund,1
petite,1
cacibauda,1
lachiatto,1
rosenzweig,1
forget,1
nadelson,1
pitcavage,1
caparelli,1
cappelli,1
irvin,1
hoopengardner,1
gryder,1
eriquez,1
manigault,1
laglie,1
markway,1
willaert,1
shumay,1
gandarilla,1
bleier,1
wintermantel,1
przybyl,1
bucheli,1
wikstrom,1
aarant,1
allmon,1
correale,1
armenteros,1
kupka,1
stillinger,1
prentiss,1
meserole,1
gitlin,1
holverson,1
hanisco,1
shuman,1
wardian,1
hodell,1
gullette,1
voorhees,1
melot,1
comment,1
meloy,1
kaczmarczyk,1
carlan,1
hongeva,1
moeuy,1
hanisch,1
godown,1
sorace,1
magaw,1
cuchiara,1
settler,1
rohan,1
glugla,1
metellus,1
rohal,1
woytowicz,1
settles,1
magan,1
trunzo,1
hammons,1
magat,1
tarleton,1
kauder,1
magar,1
gaudioso,1
quezaire,1
kuchenbecker,1
candozo,1
porco,1
sahagun,1
moers,1
hammond,1
porch,1
jerabek,1
oczon,1
pangburn,1
porat,1
volesky,1
zidek,1
magby,1
rindfleisch,1
ballensky,1
craker,1
pellett,1
rapacki,1
bostwick,1
yaeger,1
cookson,1
benulis,1
guenison,1
doege,1
sadoski,1
doegg,1
woytowich,1
ketelhut,1
sorgente,1
enders,1
wagganer,1
hitchingham,1
whittenbeck,1
bookhardt,1
bracker,1
magaha,1
durkee,1
bedore,1
muenchow,1
bracken,1
brackey,1
faurot,1
gagnon,1
panahon,1
bracket,1
lucario,1
niethamer,1
reitmeier,1
ruesswick,1
bowlds,1
gampp,1
benamati,1
durkes,1
sasser,1
bartlome,1
delettre,1
kissler,1
hommel,1
jasica,1
masseria,1
jarocki,1
carleo,1
carlen,1
carles,1
spainhour,1
kordowski,1
carlew,1
hommer,1
copeland,1
mongon,1
lucchetti,1
bartlone,1
carley,1
leazer,1
czepiel,1
cianciolo,1
migliori,1
melle,1
rohen,1
wickware,1
brumbach,1
brumback,1
migliore,1
mella,1
delpapa,1
curcuru,1
pociengel,1
jenifer,1
stringfellow,1
carlee,1
magnotti,1
chavarin,1
roher,1
valdovino,1
cianciola,1
crowers,1
tortorella,1
doede,1
magnotta,1
mells,1
bleich,1
diamond,1
mello,1
magpusao,1
corgiat,1
chandrasekara,1
chavaria,1
schumachor,1
weinzinger,1
kiryakoza,1
bowlby,1
ludwig,1
blocklinger,1
olivarra,1
tamburrino,1
heiberg,1
grenway,1
vanderzwaag,1
medero,1
dirker,1
bowlan,1
nuccio,1
pernesky,1
guynes,1
rohde,1
olivarri,1
borgatti,1
phinisee,1
colfer,1
hespen,1
purgason,1
leopoldo,1
bonsignore,1
pasch,1
corvin,1
leuenthal,1
dodoo,1
paytes,1
drillock,1
ewing,1
pasco,1
niedringhaus,1
carlis,1
bowker,1
bonelli,1
beadnell,1
spradley,1
ganoe,1
poppenhagen,1
embree,1
bonello,1
cabellon,1
trundy,1
papi,1
melfi,1
nattress,1
dauster,1
ganns,1
simunek,1
bonamo,1
sheward,1
papa,1
pape,1
waggner,1
embrey,1
caretto,1
goffinet,1
meler,1
yorty,1
tenley,1
papp,1
zimmerly,1
meley,1
irvan,1
ashner,1
homles,1
zurek,1
leisner,1
melin,1
pasek,1
melis,1
schmauder,1
scudero,1
pasey,1
bathke,1
polter,1
beavers,1
yendell,1
bialke,1
melia,1
paro,1
waldron,1
guimaraes,1
rogge,1
mechler,1
parm,1
spradlin,1
park,1
venancio,1
winikoff,1
lenza,1
pare,1
sporysz,1
haslam,1
denenberg,1
para,1
scuderi,1
markland,1
abston,1
klaas,1
fuhrmeister,1
carlin,1
delbusto,1
andracki,1
bingle,1
prenger,1
lomago,1
magnone,1
part,1
fauske,1
theodoratos,1
parr,1
sadorra,1
waldrop,1
tews,1
bunson,1
mcgwier,1
ruozzo,1
stotler,1
spaide,1
pake,1
pacquin,1
alukonis,1
shmidt,1
bialik,1
felderman,1
varian,1
soqui,1
pioche,1
achterhof,1
bedoka,1
melby,1
lemucchi,1
petiet,1
efford,1
mofle,1
riddock,1
gierut,1
porep,1
ganji,1
pala,1
hunziker,1
pale,1
poree,1
pali,1
stuessy,1
carlon,1
palm,1
nokken,1
thibodeaux,1
oveson,1
palk,1
aderholdt,1
jameson,1
pall,1
waldrip,1
palo,1
palu,1
launderville,1
wisotzkey,1
oreily,1
pals,1
carlos,1
ganja,1
pama,1
klaft,1
zimmerli,1
meleo,1
melen,1
lentz,1
fausel,1
zimmerle,1
lents,1
fausey,1
lawton,1
bonano,1
stuesse,1
lento,1
halgren,1
zurin,1
galson,1
fauset,1
cruice,1
schumacher,1
horgan,1
eiken,1
whitehill,1
laplume,1
mongue,1
sokorai,1
lente,1
jackett,1
lattanzi,1
lhommedieu,1
pana,1
buchert,1
landrith,1
grham,1
sarullo,1
pang,1
pane,1
beachler,1
pano,1
vanvoorhis,1
forgue,1
grimmett,1
truner,1
ganga,1
yorks,1
pago,1
konczak,1
test,1
tess,1
belgard,1
frawkin,1
neumayer,1
polton,1
tesh,1
paga,1
longerbeam,1
pasko,1
page,1
hajduk,1
gangl,1
veenstra,1
nettik,1
bialek,1
gangi,1
gange,1
klemetson,1
lenny,1
mohomed,1
tetz,1
ganey,1
tetu,1
romiro,1
principe,1
pahl,1
pahk,1
ganer,1
ganes,1
vaugh,1
hazouri,1
teti,1
waldrup,1
mcroberts,1
lenon,1
flockerzi,1
piganelli,1
kurdziel,1
teto,1
musinski,1
brentnall,1
binger,1
lenox,1
dorvillier,1
trifone,1
gilsdorf,1
pait,1
pais,1
pair,1
horgen,1
appana,1
moffa,1
horger,1
pain,1
zmich,1
paik,1
munier,1
ganin,1
ganim,1
porro,1
ganis,1
rogne,1
farhart,1
vanderlee,1
ganie,1
carlow,1
beresky,1
tempesta,1
penderel,1
dunfee,1
servello,1
magri,1
bonato,1
haynesworth,1
tewa,1
ruzich,1
romito,1
micalizzi,1
gerwitz,1
tederous,1
porst,1
ousdahl,1
forgie,1
haslip,1
merkling,1
bredehoft,1
rogol,1
klafehn,1
paiz,1
magro,1
pace,1
pasha,1
pach,1
guardiola,1
paci,1
hasley,1
pack,1
lenix,1
mimnaugh,1
paco,1
rogue,1
crosthwaite,1
oscarson,1
teoh,1
scordato,1
scopel,1
labuda,1
pinelli,1
spagnuolo,1
maryland,1
swiech,1
propes,1
musgrave,1
proper,1
keshishian,1
bedocs,1
aupperle,1
pinello,1
swieca,1
epolito,1
ganas,1
romine,1
mazzawi,1
beresik,1
lenke,1
amarillas,1
fronczak,1
frumkin,1
brombach,1
pechacek,1
terrance,1
dichristopher,1
tepp,1
shawnee,1
netter,1
appl,1
bialas,1
vanderlip,1
pasho,1
chrismon,1
derrington,1
juhnke,1
garlovsky,1
bertman,1
everroad,1
gourlay,1
kuamoo,1
hunsberger,1
kolthoff,1
chaddock,1
sakakeeny,1
mcmanamon,1
tepe,1
rajaniemi,1
lefebvre,1
thilmony,1
rabidoux,1
paek,1
dierolf,1
mondale,1
jackels,1
davidian,1
payton,1
darakjian,1
gradert,1
gandy,1
yorio,1
harrower,1
gierke,1
hockins,1
acampora,1
magos,1
fogleman,1
hocking,1
gerfin,1
labuff,1
ganem,1
saggione,1
paske,1
lomack,1
kessler,1
paff,1
zuelke,1
besecker,1
flavin,1
magni,1
terr,1
innamorato,1
ovesen,1
lansing,1
ernstrom,1
teri,1
guynup,1
detemple,1
magno,1
paez,1
haslem,1
paet,1
terp,1
hasler,1
tero,1
schaeffer,1
tiscareno,1
buzzelle,1
yorke,1
buzzelli,1
crosslin,1
pisani,1
weissert,1
kuarez,1
anwar,1
debois,1
everette,1
gellatly,1
asch,1
memos,1
pisano,1
theiss,1
solan,1
agudelo,1
palla,1
lytton,1
asby,1
solak,1
leimbach,1
nielsen,1
truitt,1
sizemore,1
savickas,1
keaten,1
palma,1
cervenak,1
bartash,1
anway,1
palme,1
tuten,1
modisett,1
reining,1
filmore,1
desbiens,1
zecca,1
palmo,1
merrick,1
asen,1
palis,1
tsunoda,1
asel,1
mccarthey,1
vanvorst,1
palin,1
memmo,1
delfuente,1
tutas,1
zieschang,1
canney,1
mugford,1
delbert,1
nowzari,1
moman,1
ponte,1
canner,1
galyen,1
ponti,1
ponto,1
haggberg,1
ketelaar,1
chafins,1
sebestyen,1
faigle,1
yurich,1
yurick,1
hansch,1
sherill,1
zatarain,1
solas,1
chiszar,1
pham,1
phan,1
solar,1
kradel,1
knisely,1
palka,1
luzuriaga,1
banales,1
papenfuss,1
sissel,1
donges,1
lyttle,1
palko,1
boccanfuso,1
phay,1
mccarther,1
viegas,1
saxena,1
willetts,1
majid,1
majic,1
yarish,1
schussler,1
schneeberger,1
osterhoudt,1
echaure,1
bosell,1
fyfe,1
shular,1
maccauley,1
mccullagh,1
morvant,1
palhegyi,1
mcadory,1
speights,1
anagnost,1
peerbolt,1
ponzo,1
rebich,1
yournet,1
giampietro,1
rebick,1
hanser,1
carsno,1
hanses,1
durley,1
radosevich,1
zarucki,1
cassilano,1
hansel,1
debolt,1
hansen,1
sordia,1
inlow,1
ashe,1
carson,1
debold,1
przedwiecki,1
tutaj,1
linburg,1
corvan,1
riffon,1
mazique,1
varquera,1
matelic,1
fornes,1
maccormack,1
tuukanen,1
forner,1
zibert,1
lenhoff,1
brobeck,1
ashlin,1
forney,1
palms,1
makris,1
divlio,1
cocroft,1
horeth,1
zimmerer,1
fornea,1
galyan,1
bischke,1
cannan,1
asif,1
kissick,1
palacios,1
ponzi,1
vanliew,1
fageraes,1
beutel,1
lattari,1
palos,1
beuter,1
merriam,1
dimpson,1
majer,1
willette,1
grudzinski,1
everetts,1
vanlier,1
lanterman,1
attard,1
fykes,1
hegmann,1
normington,1
debona,1
aske,1
hauschildt,1
colace,1
mollohan,1
delfavero,1
hanagan,1
zibell,1
dinunzio,1
giesen,1
scorca,1
shuler,1
allers,1
schemmel,1
gieser,1
allery,1
schemmer,1
cannonier,1
westergaard,1
kumro,1
giesel,1
vimont,1
floriano,1
pourner,1
melandez,1
eisinger,1
accardi,1
masaitis,1
mansbach,1
dohan,1
melander,1
urlanza,1
accardo,1
oatman,1
fyke,1
truocchio,1
frankforter,1
liles,1
theobald,1
manbeck,1
zullo,1
scordo,1
rhinehardt,1
fiedorowicz,1
capicotto,1
boivin,1
eiche,1
majka,1
fuelling,1
crowden,1
palay,1
debose,1
crowder,1
gradford,1
liebowitz,1
jerowski,1
momin,1
belsky,1
loughborough,1
esworthy,1
asma,1
bichrest,1
losecco,1
nitcher,1
palas,1
palau,1
geuder,1
belski,1
kaufmann,1
branciforte,1
spanton,1
shulda,1
debore,1
pfliger,1
debord,1
elldrege,1
donaldson,1
stefanik,1
semetara,1
mildenhall,1
thraen,1
strobridge,1
liebold,1
reinitz,1
ebrahimi,1
riffle,1
delucas,1
bertinetti,1
reiher,1
phom,1
carsey,1
belsey,1
consolo,1
gadison,1
guymon,1
vandriel,1
kerger,1
phou,1
belser,1
riffee,1
johanning,1
kerwood,1
rohlack,1
bischel,1
youla,1
carsen,1
riffel,1
sissom,1
drawhorn,1
sisson,1
lichlyter,1
kumpf,1
gersbach,1
septer,1
caraveo,1
servidio,1
skiver,1
console,1
asner,1
treglia,1
alleva,1
norland,1
blancato,1
mchattie,1
cheranichit,1
oreskovich,1
kupres,1
consoli,1
ernspiker,1
delucca,1
kingshott,1
marusarz,1
ishikawa,1
liley,1
spoonemore,1
pyeatt,1
crowdis,1
gurecki,1
paley,1
wischmann,1
hervert,1
sokul,1
paleo,1
palen,1
spraberry,1
menefield,1
palek,1
mccomish,1
major,1
mcnickle,1
meinders,1
ruggiere,1
ruggieri,1
sclavi,1
keaton,1
sepulvado,1
eicke,1
ruggiero,1
landfair,1
keator,1
lubrano,1
pawelczyk,1
toledano,1
hoopingarner,1
stuever,1
jeudy,1
corujo,1
vanlith,1
prowse,1
dowlen,1
navedo,1
dowler,1
cassagne,1
pinzon,1
placke,1
plotzker,1
stinser,1
gramley,1
aste,1
hommell,1
sleiman,1
vatch,1
eisman,1
momon,1
armster,1
asta,1
bjerken,1
appiah,1
fuentas,1
keatts,1
glanville,1
kamada,1
prenatt,1
dodgen,1
esquer,1
menedez,1
santopolo,1
letson,1
likio,1
hasker,1
menzies,1
leathers,1
haskel,1
hyndman,1
esquea,1
youns,1
yount,1
burroughs,1
losneck,1
ekstrum,1
madinger,1
dusenberry,1
yorgey,1
kordish,1
carter,1
klande,1
naveed,1
carten,1
oathout,1
criner,1
jangula,1
nippert,1
cimeno,1
young,1
lauters,1
gwirtz,1
cartee,1
wolven,1
ouinones,1
roguemore,1
lauridsen,1
stalberger,1
merritt,1
derwitsch,1
leuenberger,1
merganthaler,1
cartez,1
placha,1
valesquez,1
likos,1
melancon,1
cordovano,1
solla,1
solle,1
inman,1
beauharnois,1
dowlin,1
mcclour,1
shulse,1
sanghani,1
ginnery,1
jaroscak,1
robarge,1
luginbill,1
zolocsik,1
merrion,1
khazdozian,1
solly,1
eugene,1
merring,1
placek,1
hilbert,1
madison,1
honkanen,1
poole,1
phimsoutham,1
haskew,1
youst,1
legat,1
mccloud,1
legan,1
sallah,1
geoly,1
mosiman,1
arganbright,1
prestridge,1
joffe,1
vates,1
haskin,1
delucia,1
youse,1
tuton,1
dietzman,1
olafson,1
tutor,1
schlosberg,1
cotroneo,1
sleighter,1
paulhus,1
tognetti,1
ballerini,1
mattson,1
solon,1
cartan,1
romjue,1
mcclory,1
bublitz,1
peranio,1
solow,1
loredo,1
iberg,1
kuney,1
guardipee,1
furbush,1
archie,1
waldman,1
leaven,1
accetturo,1
leaver,1
legge,1
ekstrom,1
juliusson,1
ashmen,1
grandchild,1
loreto,1
sheriff,1
hansil,1
dolezal,1
hutchingson,1
lorett,1
bleeck,1
apilado,1
hallada,1
leggs,1
loretz,1
engelke,1
hansis,1
maritato,1
solis,1
suyama,1
dreuitt,1
pflugh,1
varley,1
craine,1
sallaz,1
lugones,1
sallas,1
duckwall,1
solid,1
mciltrot,1
pealer,1
solie,1
kiernan,1
sherief,1
voskowsky,1
kunde,1
herimann,1
kunda,1
waninger,1
locsin,1
londagin,1
shults,1
laborn,1
buvens,1
inmon,1
sallee,1
mcclimens,1
hurrington,1
mussmann,1
pecatoste,1
tutko,1
mundell,1
labore,1
saller,1
salles,1
legel,1
taguchi,1
jackman,1
durman,1
spanos,1
leger,1
bilsborough,1
fostervold,1
andruszkiewic,1
shultz,1
watcher,1
soliz,1
berezny,1
cervenka,1
rusconi,1
raheja,1
benford,1
merrill,1
wlazlowski,1
zietlow,1
hallack,1
portales,1
jeune,1
crocitto,1
kaliszuk,1
rohland,1
haaland,1
archer,1
shulte,1
reinier,1
abasta,1
wilderson,1
bolland,1
archey,1
sherick,1
boyanton,1
fichter,1
castenada,1
scherrer,1
ashman,1
crossley,1
atay,1
soldo,1
makar,1
kunau,1
hunderlach,1
paugsch,1
piao,1
pian,1
surrency,1
schlicker,1
cremeans,1
brakstad,1
cutwright,1
deboef,1
gaietto,1
varlas,1
salley,1
chelton,1
gabossi,1
lorenz,1
solem,1
soles,1
janovich,1
makowsky,1
fuentes,1
soler,1
verrill,1
fuentez,1
deboer,1
sartorius,1
zawadzki,1
fountain,1
geberth,1
forcade,1
harwell,1
bannett,1
labove,1
lorenc,1
catterton,1
sallie,1
schwingler,1
sissac,1
whitesel,1
mattsen,1
hanafin,1
lorent,1
soley,1
thiengtham,1
sedberry,1
seabrooks,1
mattsey,1
poock,1
morvay,1
lorens,1
sallis,1
makowski,1
raheem,1
bertels,1
candido,1
hanson,1
nowacki,1
wolvin,1
seabrooke,1
junghans,1
nielson,1
tuter,1
faigin,1
ebershoff,1
bollard,1
placko,1
silverhorn,1
longworth,1
aitken,1
kreisher,1
arce,1
menor,1
tockey,1
arch,1
thurlby,1
fisk,1
dunston,1
fish,1
fontanilla,1
knilands,1
diedrick,1
diedrich,1
heximer,1
borreggine,1
menon,1
dirico,1
bevelacqua,1
chandrasekhar,1
medlar,1
warshauer,1
dowhower,1
sokal,1
arca,1
ulisch,1
kunka,1
hennessy,1
ardd,1
sancken,1
fite,1
hollywood,1
yackley,1
ivrin,1
laumeyer,1
kethcart,1
auckerman,1
menna,1
rheaves,1
vasos,1
lovier,1
menne,1
salmon,1
lefaver,1
carrow,1
wolaver,1
breneman,1
arab,1
mitcham,1
carros,1
mitchan,1
saadd,1
aran,1
paulick,1
yeeloy,1
glueck,1
dunovant,1
niswander,1
arai,1
saade,1
venema,1
foddrill,1
wiswell,1
kundert,1
bahrmasel,1
pfannenstiel,1
furubotten,1
craige,1
attanasio,1
tharaldson,1
groeber,1
touvell,1
craigo,1
arbo,1
jacklin,1
fire,1
arau,1
cabrales,1
zukas,1
challacombe,1
padgett,1
hequembourg,1
defrain,1
snobeck,1
sgambati,1
argo,1
menso,1
dinatale,1
medler,1
monroe,1
eidem,1
medlen,1
eiden,1
forister,1
lingafelt,1
grawe,1
roats,1
seidita,1
henzler,1
rupard,1
bradstreet,1
godino,1
mongiovi,1
hanafan,1
cravens,1
kubaska,1
corkill,1
thomeczek,1
mense,1
godine,1
stadtmiller,1
labreque,1
goding,1
medley,1
godina,1
mensi,1
gatchalian,1
vasta,1
formby,1
bustillo,1
dalmau,1
legra,1
roytek,1
grave,1
candill,1
maida,1
bauerkemper,1
grava,1
dalman,1
carrol,1
bertoldo,1
heinzelman,1
degruy,1
vasso,1
carron,1
kantner,1
legalley,1
frierson,1
tauteoli,1
sowada,1
ares,1
lataquin,1
formey,1
lovich,1
killmeyer,1
mcconahay,1
pandolfo,1
defrang,1
roarx,1
lovick,1
oyler,1
roary,1
arel,1
hausladen,1
ajani,1
gerich,1
pandolfi,1
honohan,1
area,1
graza,1
crossmon,1
grays,1
jaecks,1
legro,1
paripovich,1
defrank,1
fitz,1
ianniello,1
ards,1
kubasik,1
krokus,1
kunin,1
kunis,1
carreira,1
duhamel,1
meridith,1
mento,1
carreiro,1
mentz,1
joshlin,1
monroy,1
monrow,1
mente,1
cahillane,1
knyzewski,1
deischer,1
roath,1
cleasby,1
maier,1
arey,1
embler,1
pooni,1
trythall,1
mungle,1
carril,1
medlin,1
ninneman,1
carrin,1
schweder,1
schroeppel,1
spolar,1
carrio,1
arko,1
catello,1
pfleiderer,1
carris,1
lefler,1
rudisell,1
dunster,1
dogan,1
fournet,1
legum,1
sibbald,1
loving,1
roark,1
kunst,1
petrosyan,1
toruno,1
krokos,1
arlt,1
rajewski,1
livasy,1
crisostomo,1
likar,1
lovins,1
moler,1
mcwilliams,1
molen,1
corton,1
brundage,1
molek,1
arie,1
shackford,1
drainville,1
arif,1
douville,1
vukelich,1
depoyster,1
crummitt,1
moles,1
pamer,1
mitani,1
mandelbaum,1
tincher,1
kuntz,1
inciong,1
wunderle,1
aris,1
spanski,1
catella,1
vasil,1
binney,1
elquist,1
binner,1
carrig,1
hayward,1
carrie,1
arzate,1
roaoo,1
wrynn,1
mckissack,1
hourihan,1
kleinfelder,1
fleisner,1
zimick,1
veness,1
schlotzhauer,1
westgaard,1
iwanyszyn,1
poore,1
carriedo,1
molla,1
mcdonell,1
kubasch,1
menefee,1
sutulovich,1
leflar,1
shuker,1
poort,1
turro,1
vachula,1
atterberry,1
turri,1
taborda,1
kleeman,1
aron,1
eppard,1
tillberg,1
razinger,1
carrel,1
vaske,1
menze,1
maile,1
ifill,1
roane,1
giambrone,1
mungia,1
homsey,1
tavenner,1
veneri,1
grayes,1
grayer,1
paider,1
thurlow,1
oatley,1
shaefer,1
venere,1
vasko,1
gangemi,1
pfarr,1
hodgin,1
simoson,1
turso,1
gilespie,1
mailo,1
likes,1
napoles,1
tursi,1
frikken,1
trentman,1
gayfield,1
redpath,1
arps,1
bealmear,1
duncker,1
armstrong,1
ingrahm,1
mainz,1
mrozoski,1
yock,1
texeira,1
army,1
molin,1
pfeffer,1
luhnow,1
gangell,1
costaneda,1
dunckel,1
spotwood,1
slattery,1
arms,1
tailor,1
mungin,1
koelsch,1
dokuchitz,1
zebel,1
gershey,1
nastasia,1
thibeau,1
morton,1
maine,1
carrea,1
arne,1
sloanes,1
languell,1
hoellwarth,1
gershen,1
mains,1
hordge,1
holubar,1
santacruce,1
binnie,1
arnt,1
wynter,1
gholar,1
arns,1
arno,1
dahill,1
providence,1
arnn,1
yoeckel,1
biancaniello,1
schnipper,1
maino,1
roiger,1
gottfried,1
worosz,1
artz,1
arts,1
claybon,1
rudgers,1
brookens,1
innis,1
popik,1
seckington,1
monard,1
lueckenhoff,1
northam,1
mahapatra,1
hodgen,1
fick,1
northan,1
pitruzzello,1
forward,1
scheuring,1
fico,1
hodges,1
mcbain,1
geney,1
ohmann,1
rutigliano,1
cortis,1
pottebaum,1
lengerich,1
ledonne,1
treptow,1
molon,1
gelsinger,1
genga,1
lettre,1
genge,1
czarnota,1
jockers,1
silvester,1
laberge,1
mairs,1
lehan,1
molle,1
asper,1
weisbrod,1
cafaro,1
yoes,1
mccullars,1
kinghorn,1
grala,1
mollo,1
aspen,1
sansone,1
arra,1
shukla,1
grall,1
fial,1
popke,1
molly,1
arre,1
worobel,1
gellespie,1
humpal,1
vanderwood,1
bianco,1
klaman,1
maire,1
garbarini,1
irons,1
genis,1
garbarino,1
gramc,1
genin,1
vasques,1
oechsle,1
munger,1
sokol,1
galan,1
maphis,1
galam,1
giantonio,1
bianca,1
provow,1
salverson,1
broberg,1
maise,1
hibbits,1
gramm,1
genia,1
smeathers,1
jurisch,1
grams,1
hibbitt,1
brookhouse,1
maish,1
galbo,1
innes,1
arya,1
heckler,1
skeans,1
yohe,1
giuffre,1
figg,1
galaz,1
wunderly,1
quarles,1
maita,1
galas,1
graff,1
dunstan,1
menas,1
yohn,1
grafe,1
yoho,1
lombard,1
omlin,1
civatte,1
courchesne,1
oloughlin,1
mencl,1
connyer,1
omullan,1
menck,1
fahringer,1
graft,1
mench,1
osterhouse,1
hinners,1
fife,1
boomhower,1
munselle,1
chenaille,1
lehar,1
hirsch,1
patnode,1
roady,1
grago,1
escorcia,1
grage,1
gragg,1
roads,1
shibuya,1
kunze,1
roach,1
salman,1
mende,1
fies,1
galdo,1
rothermich,1
sacchi,1
scribner,1
vasey,1
mattiello,1
galdi,1
klamet,1
grahn,1
goedicke,1
grahl,1
grahm,1
turinetti,1
auzston,1
hewlin,1
todoroff,1
grahe,1
bresett,1
vasek,1
mency,1
engelmann,1
onwunli,1
brewster,1
galen,1
frerich,1
groceman,1
galyon,1
mcbane,1
satmary,1
bazylewicz,1
gendel,1
galer,1
bernand,1
arva,1
calaway,1
zukor,1
lorden,1
hildinger,1
cregger,1
yoke,1
mends,1
galea,1
debrosse,1
fida,1
grain,1
fido,1
licavoli,1
graig,1
sollenberger,1
zukof,1
galey,1
kracke,1
menez,1
gales,1
bernabe,1
ashley,1
menes,1
genna,1
palso,1
bernabo,1
wentzloff,1
fila,1
file,1
bomzer,1
olofson,1
gagliardo,1
joern,1
grass,1
gagliardi,1
lehew,1
varkey,1
bischof,1
joerg,1
stinnette,1
lynskey,1
debnam,1
debnar,1
crossman,1
fike,1
hamblin,1
arzaga,1
turnquist,1
quero,1
menge,1
provis,1
vanschaick,1
peaker,1
piwetz,1
peakes,1
moltz,1
zimbelman,1
lasell,1
arzo,1
maize,1
dietzler,1
query,1
dallis,1
arzt,1
rosenburg,1
mesaros,1
detterich,1
gratz,1
yono,1
vanderlinde,1
paluk,1
arzu,1
grate,1
yong,1
woolworth,1
sowash,1
huitron,1
balasubramani,1
joens,1
rocconi,1
salmen,1
konderla,1
richardson,1
neiffer,1
schornick,1
corkins,1
donovan,1
terboss,1
padalecki,1
graus,1
tigner,1
hassenfritz,1
horuath,1
lackland,1
rosenbush,1
iurato,1
yoon,1
underwood,1
galic,1
popat,1
aronstein,1
quest,1
gorgone,1
graue,1
hochstine,1
abatti,1
meneely,1
kracht,1
wollmuth,1
wohlgemuth,1
gusciora,1
oppelt,1
hallerman,1
galik,1
galin,1
soward,1
graul,1
reynvaan,1
osullivan,1
starghill,1
tigney,1
davidoff,1
quates,1
genre,1
thurman,1
hainley,1
cortez,1
asay,1
grant,1
ovando,1
yopp,1
ajayi,1
popec,1
ramsour,1
asar,1
vasquez,1
archbold,1
paplow,1
hordyk,1
grano,1
grana,1
popek,1
grand,1
silvestro,1
birdtail,1
poper,1
paulino,1
gennings,1
howdeshell,1
shamlin,1
mcgibney,1
fink,1
sussman,1
kaelker,1
pauline,1
cavalier,1
pauling,1
finn,1
fino,1
galka,1
korzenski,1
silvestri,1
stonich,1
hambley,1
silvestre,1
eisley,1
paulina,1
kishimoto,1
asal,1
mcbath,1
auyong,1
oconnell,1
hamblet,1
delbene,1
asam,1
aitkin,1
eisler,1
menke,1
asai,1
overmire,1
asad,1
hamblen,1
corter,1
rohrbacher,1
genta,1
cortes,1
quent,1
galle,1
daller,1
palys,1
galli,1
yorn,1
carrus,1
tllo,1
monaco,1
grapp,1
manring,1
fragnoli,1
galla,1
vanguilder,1
dallen,1
okorududu,1
gentz,1
thibert,1
fina,1
sfera,1
hubbard,1
bogguess,1
colarossi,1
stefanatos,1
satchell,1
gally,1
wenzinger,1
notarnicola,1
yori,1
dalley,1
fini,1
york,1
dembowski,1
yore,1
papanikolas,1
fine,1
marseglia,1
durnan,1
schreifels,1
gallo,1
metler,1
yoss,1
yost,1
kordiak,1
filo,1
fili,1
jackley,1
fill,1
stonesifer,1
dannenberg,1
fils,1
lyngholm,1
porteous,1
stonier,1
cegielski,1
shrimplin,1
mitchen,1
vasquiz,1
mitchem,1
mitchel,1
zavatson,1
froedge,1
lehto,1
janner,1
gradowski,1
aslin,1
panto,1
varty,1
pontious,1
ureta,1
weismantle,1
mally,1
tims,1
dyser,1
linda,1
gresham,1
oyola,1
timm,1
bierstedt,1
gilberti,1
timi,1
janney,1
bosche,1
anyan,1
diekema,1
buziak,1
fetterman,1
linde,1
pante,1
umphenour,1
kirckof,1
kaya,1
lindo,1
opaka,1
dalgleish,1
viveros,1
lindy,1
locust,1
kaye,1
ochiltree,1
buchaman,1
auld,1
tinn,1
linea,1
tino,1
cowher,1
fitton,1
bryars,1
malla,1
mullany,1
aull,1
tine,1
malle,1
ting,1
kays,1
tina,1
arcega,1
rodocker,1
durnin,1
tavera,1
dunlap,1
mallo,1
kaza,1
mayson,1
ault,1
pfeiffenberge,1
lines,1
nienhuis,1
durnil,1
liner,1
muldrew,1
auls,1
linen,1
boscia,1
winnegan,1
kava,1
kutscher,1
mullane,1
godbold,1
queen,1
kave,1
andrzejewski,1
felten,1
dentino,1
holzwarth,1
durney,1
feltes,1
felter,1
varro,1
boscio,1
landsberry,1
twohig,1
varnon,1
godbolt,1
karjala,1
setter,1
mckethan,1
kawa,1
brettschneide,1
gitchell,1
malis,1
kearby,1
tilt,1
malit,1
chevalier,1
monson,1
auna,1
pelphrey,1
aune,1
prendes,1
till,1
mullaly,1
linch,1
linck,1
oliveros,1
peralto,1
letcher,1
pfau,1
lepping,1
kath,1
leppink,1
peralta,1
robyn,1
reifel,1
kate,1
anstine,1
vanbrunt,1
kata,1
reifer,1
greeb,1
kisselburg,1
malik,1
merrigan,1
panos,1
katz,1
malin,1
bunyea,1
cridland,1
malia,1
hainesworth,1
katt,1
kats,1
nazzal,1
auge,1
kato,1
riback,1
kauk,1
bryant,1
kaul,1
bryans,1
sermons,1
kleve,1
varon,1
mesteth,1
kaui,1
sulton,1
amboree,1
matulewicz,1
caissie,1
sandavol,1
kaua,1
varos,1
kaub,1
liebman,1
bryand,1
mongillo,1
vendig,1
minicucci,1
linan,1
malhi,1
mcmorries,1
cuttitta,1
twohey,1
smithmyer,1
varoz,1
linak,1
birchard,1
decastro,1
kaut,1
kaus,1
gandolfo,1
biffer,1
kupper,1
greco,1
kaup,1
gandolfi,1
kauo,1
kaur,1
tignor,1
mackenzie,1
berther,1
strowder,1
karg,1
lehne,1
grech,1
oberlander,1
berhalter,1
tigg,1
szymanski,1
urena,1
kari,1
galway,1
fitsgerald,1
vought,1
varno,1
ciancio,1
kara,1
sprankle,1
tift,1
klett,1
karz,1
steinhagen,1
kary,1
tennison,1
grebs,1
szymansky,1
buzick,1
karo,1
karn,1
lagerberg,1
karl,1
karr,1
bellinder,1
karp,1
queja,1
kase,1
holdgrafer,1
bunyan,1
varnum,1
grebe,1
kash,1
maley,1
wakula,1
malet,1
males,1
maler,1
kasa,1
malen,1
kless,1
kuker,1
mullahy,1
jesse,1
grear,1
ureno,1
gream,1
sones,1
panny,1
rommel,1
kast,1
kass,1
falcione,1
aust,1
purifoy,1
maples,1
gener,1
northington,1
varma,1
genet,1
kleiner,1
panko,1
antaya,1
kunishige,1
kantola,1
felarca,1
hueckman,1
cripps,1
greif,1
hitchcock,1
mckever,1
greig,1
mazell,1
tadiello,1
belshaw,1
falcioni,1
grein,1
diestler,1
greil,1
dipilato,1
buzhardt,1
grego,1
mcconaghy,1
aslam,1
maltz,1
vanderiet,1
worsham,1
wischmeyer,1
mcgeeney,1
malta,1
galentine,1
blankship,1
jesus,1
kukla,1
willinghurst,1
monath,1
miyazaki,1
guidroz,1
genco,1
tisi,1
polly,1
chantler,1
tish,1
artzer,1
varland,1
lauritzen,1
pollo,1
sidman,1
tisa,1
panis,1
kuramoto,1
tise,1
contrenas,1
diersen,1
silverthorne,1
bisogno,1
saucedo,1
schoenfeld,1
polasky,1
wilkenson,1
grega,1
krewson,1
stanbery,1
tiso,1
camposano,1
cruickshank,1
sauceda,1
gregg,1
carthon,1
polle,1
greep,1
tith,1
greer,1
polaski,1
stubbendeck,1
leaton,1
kaylor,1
fittje,1
greek,1
linko,1
green,1
greem,1
klapec,1
xiong,1
shymske,1
ziada,1
links,1
vetri,1
methot,1
vessar,1
greet,1
jeronimo,1
tewolde,1
rodenberg,1
varin,1
vario,1
panke,1
linke,1
calowell,1
tito,1
settle,1
genas,1
cragun,1
grefe,1
greff,1
northey,1
fosdick,1
paccione,1
puletasi,1
setton,1
neifert,1
bernard,1
genao,1
lonsdale,1
polasek,1
kraatz,1
kouyate,1
whetten,1
saccucci,1
gremo,1
mioduszewski,1
mickus,1
biffle,1
uhlman,1
bjorgen,1
tirk,1
asley,1
kearin,1
stinton,1
boteler,1
oldenkamp,1
stockfisch,1
grell,1
eickman,1
tiro,1
polka,1
arizaga,1
varga,1
vargo,1
tonche,1
batman,1
chmielowiec,1
maloy,1
tiry,1
panik,1
hufstetler,1
monsma,1
scotland,1
ibdah,1
fabiszewski,1
lappin,1
sidbury,1
langmyer,1
quear,1
panek,1
leilich,1
sowden,1
doberstein,1
bernath,1
garahan,1
sowder,1
culbreath,1
queal,1
linet,1
chalkley,1
corson,1
tuckett,1
kazi,1
garelick,1
polio,1
polin,1
ruffaner,1
lingo,1
stromyer,1
vares,1
greis,1
polit,1
lingg,1
monsky,1
brownwood,1
profitt,1
abarca,1
birchall,1
lipszyc,1
ethington,1
riopel,1
burback,1
monske,1
varel,1
burbach,1
fitten,1
eustice,1
robes,1
smithingell,1
perella,1
rober,1
bazinet,1
robey,1
furrer,1
flewelling,1
pandy,1
kaib,1
vecchiarelli,1
kaid,1
labree,1
lovell,1
pando,1
labrec,1
prouse,1
iniquez,1
kail,1
lovely,1
humfeld,1
kain,1
leigh,1
monsay,1
robel,1
petrecca,1
urfer,1
panda,1
tabarez,1
oliveras,1
tabares,1
kagy,1
varda,1
tertinek,1
canori,1
atteburg,1
galvis,1
mckeeman,1
galvin,1
belton,1
vardy,1
waldorf,1
kahl,1
wohletz,1
kahn,1
manwarren,1
prouty,1
kerins,1
leidy,1
leier,1
varas,1
julias,1
juliar,1
frymoyer,1
julian,1
goodness,1
dunkle,1
kaer,1
snoderly,1
peralez,1
beltre,1
weaver,1
vanderen,1
kaeo,1
holsonback,1
cragle,1
perales,1
gelerter,1
baldassarre,1
mabone,1
panas,1
feeling,1
gramberg,1
wohlers,1
starliper,1
wohlert,1
feltus,1
reinken,1
panak,1
kearse,1
botelho,1
panah,1
shammaa,1
millonzi,1
leiby,1
kady,1
hetzler,1
kayler,1
tuorto,1
lehmkuhl,1
corsey,1
limon,1
gering,1
blanchard,1
mcmickle,1
hardisty,1
dyron,1
leich,1
robin,1
cartrette,1
breihan,1
medanich,1
giordano,1
markrof,1
rotner,1
rendell,1
robie,1
kaea,1
monsen,1
leick,1
heckman,1
shammah,1
vessel,1
thackeray,1
canova,1
hurlebaus,1
leiba,1
siggins,1
blecha,1
fujino,1
skeldon,1
oliveres,1
kadi,1
baarts,1
leibe,1
flemings,1
colindres,1
kade,1
vieira,1
malys,1
alleshouse,1
settimo,1
roble,1
montroy,1
chown,1
antrobus,1
lappas,1
guidrey,1
hanthorn,1
tomsche,1
misenheimer,1
odair,1
setting,1
vessey,1
juliet,1
allevato,1
peressini,1
kach,1
julien,1
settino,1
asmar,1
makepeace,1
asman,1
metier,1
mckewen,1
kaaz,1
logoleo,1
zeals,1
rautio,1
hinote,1
devendorf,1
limle,1
thur,1
kaas,1
kleinke,1
cavaleri,1
makuch,1
schumacker,1
godboldt,1
schauman,1
jodha,1
paneque,1
chaille,1
kaan,1
carras,1
kaak,1
cavalero,1
carrao,1
botello,1
carran,1
swopshire,1
malicoat,1
cicchetti,1
weavil,1
kearns,1
kaba,1
thum,1
seiersen,1
pombo,1
thul,1
gemes,1
kearny,1
fujita,1
davtyan,1
paschke,1
songy,1
pomar,1
lovett,1
biffar,1
firebaugh,1
tier,1
dodich,1
oliverio,1
tieu,1
tiet,1
engelmeyer,1
aver,1
witaszek,1
mamer,1
pedrick,1
panakos,1
schuchman,1
choun,1
avey,1
oliveria,1
tiff,1
fuhrmann,1
kapp,1
leins,1
sonia,1
kaps,1
clutts,1
wackerbarth,1
leino,1
shinault,1
croissant,1
pfannenstein,1
oommen,1
varner,1
varnes,1
hongach,1
crager,1
kapa,1
tien,1
thornhill,1
novotny,1
kapadia,1
gaige,1
hallback,1
varney,1
krabbe,1
dodier,1
northup,1
sultan,1
fechter,1
fechtel,1
proulx,1
woolard,1
furrow,1
meola,1
lovera,1
kanz,1
swaggert,1
godbout,1
jamason,1
ziesemer,1
tidd,1
elbertson,1
pellham,1
krabel,1
malinconico,1
lovero,1
lovern,1
kann,1
kano,1
blatnick,1
klepper,1
penning,1
angiano,1
laubscher,1
gaier,1
kant,1
specken,1
aument,1
brunson,1
oldfather,1
montefusco,1
sonka,1
hesseltine,1
giampaolo,1
tick,1
vanallen,1
chott,1
pfeil,1
delprincipe,1
kleppen,1
rossingnol,1
kane,1
colavito,1
kand,1
vanaller,1
kang,1
tice,1
aumend,1
kana,1
pennino,1
northum,1
tica,1
tian,1
kulak,1
kamp,1
palesano,1
padley,1
robak,1
kamm,1
vanderau,1
zaborac,1
ciullo,1
kama,1
timenez,1
kamb,1
blyzes,1
kame,1
kulas,1
mokry,1
vanconant,1
bruemmer,1
robar,1
carriaga,1
kalp,1
kanniard,1
oyuela,1
wloch,1
mccumbers,1
felton,1
kalt,1
eguizabal,1
kali,1
heimbuch,1
huebsch,1
kalk,1
forman,1
skiffington,1
kall,1
rodenbeck,1
zeiner,1
mcgarrah,1
leija,1
kala,1
kalb,1
snetsinger,1
kale,1
gelbowitz,1
kaku,1
piquette,1
convery,1
cragin,1
sonne,1
jeska,1
pennisi,1
timinsky,1
krolak,1
fennessy,1
cusenza,1
mccrorey,1
sonny,1
jamieson,1
jesko,1
massetti,1
waldoch,1
gropper,1
spalla,1
jeske,1
jodon,1
fechtig,1
waldock,1
cartier,1
whysong,1
janoff,1
rheault,1
joachin,1
joachim,1
eppenger,1
kaja,1
rawhouser,1
gemma,1
rheaume,1
pickersgill,1
gemme,1
verhulst,1
robbs,1
ciulla,1
gootee,1
kais,1
sublett,1
ruehter,1
chopp,1
szypowski,1
macdougall,1
leith,1
sorell,1
verrier,1
whetsel,1
toplistky,1
soman,1
leite,1
shelburn,1
leitz,1
makin,1
ewens,1
murzyn,1
carpio,1
macdougald,1
ormiston,1
choma,1
protas,1
gerkin,1
astudillo,1
malabanan,1
vences,1
buchanan,1
spaman,1
goodaker,1
pascher,1
olguin,1
roskelley,1
idrovo,1
boaldin,1
lipkovitch,1
paschel,1
terrasas,1
bertini,1
keaser,1
doire,1
dykema,1
oldroyd,1
lickert,1
reigle,1
gails,1
tronstad,1
leiva,1
glendening,1
sciandra,1
denniston,1
pead,1
buchetto,1
vanostrand,1
forkan,1
chong,1
peak,1
baisden,1
keasey,1
athy,1
lossman,1
limas,1
borozny,1
delosantos,1
eliassen,1
aylock,1
hektner,1
limbo,1
palazzo,1
mundziak,1
palazzi,1
jocoy,1
schwichtenber,1
bedker,1
ewell,1
staehler,1
targett,1
heistand,1
novosel,1
saloum,1
gerken,1
oieda,1
hellams,1
chaderton,1
kules,1
bugayong,1
mercedes,1
kopelman,1
benchoff,1
peat,1
zumbo,1
ovadilla,1
steenland,1
peay,1
helland,1
gains,1
mcghaney,1
peal,1
pean,1
wicher,1
ferland,1
pear,1
zumba,1
peteet,1
sherfey,1
hardigree,1
belter,1
jetty,1
alcaoa,1
somes,1
somer,1
glathar,1
steinacker,1
adkisson,1
merrihew,1
hockett,1
daloia,1
makel,1
moricca,1
nondorf,1
gotshall,1
jette,1
klapperich,1
roehler,1
palumbo,1
mruczek,1
arrocho,1
desmond,1
throneberry,1
daichendt,1
shackley,1
atha,1
lefkowitz,1
villapando,1
sotomayer,1
doino,1
kamara,1
genett,1
tovias,1
hanten,1
dunkan,1
doing,1
pickelsimer,1
arrocha,1
maruscak,1
cragar,1
yovan,1
champey,1
malicote,1
cragan,1
weflen,1
hennigan,1
perusse,1
brzozowski,1
forker,1
slodysko,1
genest,1
forkey,1
vandall,1
sicurella,1
taaffe,1
aten,1
sargent,1
bueler,1
binkerd,1
caraway,1
brunton,1
probert,1
cowick,1
lapore,1
ates,1
aliberti,1
genera,1
ater,1
lapora,1
maker,1
hashmi,1
whittall,1
makey,1
tondre,1
sistek,1
leise,1
stevenson,1
feehery,1
wnukowski,1
vandale,1
cluver,1
laport,1
hellard,1
kulig,1
schroder,1
morway,1
giannetti,1
pittmann,1
kulik,1
leiss,1
vanhooser,1
leist,1
hearnsberger,1
besares,1
rierson,1
crumby,1
geltz,1
leisy,1
kulis,1
giannetto,1
buelow,1
schlosser,1
steadham,1
kulju,1
schwebel,1
brutlag,1
greenaway,1
holzwart,1
zaccaro,1
parkhurst,1
melikian,1
furtaw,1
argenbright,1
paola,1
kulka,1
clouser,1
naveja,1
reiger,1
pegg,1
vester,1
chomka,1
reinholt,1
carmicheal,1
reigel,1
paoli,1
keneipp,1
peha,1
chock,1
halferty,1
vanwyngaarden,1
dunker,1
pellish,1
peters,1
godkin,1
rheinschmidt,1
schermerhorn,1
montis,1
magett,1
pompa,1
dunkel,1
stinson,1
reinhold,1
dunken,1
batley,1
alcala,1
gaito,1
norbeck,1
mcnerney,1
kahanek,1
drolet,1
harward,1
pehl,1
flem,1
erner,1
atta,1
kulla,1
ealley,1
jakeman,1
montie,1
dezell,1
grossett,1
pinkerton,1
gerweck,1
ratajczak,1
oatney,1
kully,1
engeman,1
gagliano,1
corrow,1
solum,1
crafts,1
peil,1
scolieri,1
pompi,1
pein,1
nguen,1
paone,1
monterio,1
corron,1
yankovski,1
henniger,1
uzzell,1
breutzmann,1
yaekel,1
hockensmith,1
forkin,1
gembe,1
kaai,1
bourgeault,1
choen,1
hashim,1
mourning,1
pellicone,1
magers,1
stadden,1
northcut,1
furtak,1
limke,1
vanbogelen,1
fitser,1
magera,1
bleasdale,1
duross,1
annarumo,1
aton,1
heyser,1
carpen,1
ewers,1
ewert,1
hardison,1
ator,1
bodenheimer,1
zummo,1
anzai,1
carper,1
charlesworth,1
togashi,1
hanahan,1
broderson,1
provenzano,1
kitagawa,1
vestal,1
peca,1
stillson,1
atoe,1
peck,1
orengo,1
mctague,1
pech,1
criqui,1
moricle,1
rebera,1
dunkin,1
daehler,1
flax,1
kulon,1
scozzari,1
bodwin,1
peco,1
onstad,1
limes,1
flam,1
kulow,1
blackburn,1
pede,1
hummel,1
pennick,1
kroetch,1
hockema,1
gradwell,1
flad,1
kulpa,1
paschal,1
doiel,1
flaa,1
lawyer,1
rebert,1
hummer,1
zumot,1
tickle,1
buelna,1
guitian,1
arseneau,1
verhagen,1
calkins,1
viapiano,1
bittinger,1
makos,1
wassmann,1
maynerich,1
currier,1
atma,1
statzer,1
eilbert,1
levatino,1
peed,1
chainey,1
peek,1
petela,1
thronton,1
peel,1
puglisi,1
peer,1
rietschlin,1
choat,1
petell,1
howland,1
peet,1
hashem,1
christlieb,1
kampfer,1
menjares,1
ashmead,1
ocenasek,1
sokolowich,1
monton,1
pocius,1
hardaker,1
fatheree,1
ashing,1
kamaka,1
montag,1
pollinger,1
zabaneh,1
dischinger,1
mihalios,1
angier,1
zutell,1
bresemann,1
pepe,1
montas,1
minckler,1
gelfo,1
dowker,1
hindmarsh,1
montan,1
crumly,1
pettinella,1
dallesandro,1
corria,1
rausch,1
monteros,1
corrie,1
pettinelli,1
kilbride,1
peon,1
nickolson,1
druckman,1
bastilla,1
rocho,1
heslep,1
corrio,1
zaharek,1
hesler,1
kuffel,1
bastille,1
burbage,1
dahlka,1
hesley,1
swartzel,1
penz,1
dahlke,1
belson,1
stauffer,1
gastelo,1
roche,1
klear,1
pery,1
perz,1
dahlin,1
peru,1
rebelo,1
rocha,1
creekmur,1
mccommon,1
schwebke,1
dezern,1
perr,1
pers,1
rebell,1
pert,1
topolansky,1
perrodin,1
pero,1
peri,1
perl,1
pere,1
mcnichol,1
poehlein,1
batlle,1
macahilas,1
pera,1
munkberg,1
corrga,1
glazewski,1
piscopo,1
herrington,1
rauser,1
sidley,1
lavette,1
klebe,1
bromberg,1
camerino,1
sidles,1
sidler,1
thaxton,1
lashutva,1
corrigeux,1
realmuto,1
tonder,1
posadas,1
peli,1
batlis,1
pell,1
pelo,1
edelmann,1
grammes,1
poissant,1
correy,1
hribar,1
pelt,1
grammer,1
bodway,1
montee,1
montes,1
bartelt,1
monter,1
kleck,1
reppell,1
sprygada,1
bartels,1
hunnewell,1
hribal,1
lipford,1
kucinski,1
bartell,1
pela,1
montez,1
swallow,1
montey,1
kiesewetter,1
pelc,1
wehausen,1
rotman,1
pele,1
markson,1
kromka,1
lilja,1
correa,1
makua,1
mackinlay,1
bergseng,1
opatz,1
harbick,1
ponds,1
pancholi,1
auxilien,1
elpert,1
taillon,1
correl,1
eisner,1
corren,1
postiglione,1
merklein,1
correo,1
mcclodden,1
zaharis,1
magrone,1
penn,1
betterley,1
peno,1
bustinza,1
heslin,1
ahrens,1
johnstone,1
lorber,1
cutshall,1
butland,1
rocle,1
presgraves,1
pent,1
catterson,1
klees,1
korynta,1
kleen,1
kamber,1
rocke,1
cregeen,1
miguel,1
miguez,1
peng,1
pena,1
kleeb,1
stefanow,1
rocks,1
forkum,1
tugman,1
fidell,1
migues,1
somsy,1
mikhaiel,1
lilla,1
pruzansky,1
rausin,1
brodersen,1
vanhulle,1
lillo,1
melencamp,1
moncur,1
ahrent,1
pelz,1
moncus,1
gelen,1
whirlow,1
lilly,1
dafonte,1
recinos,1
noltensmeier,1
sacane,1
dyson,1
penanegra,1
malay,1
worrel,1
waldridge,1
famiglietti,1
kingsland,1
mielnicki,1
manganello,1
behunin,1
malas,1
waldner,1
kraack,1
goosey,1
commins,1
saloom,1
zender,1
vevea,1
cousain,1
malak,1
desmore,1
petrochello,1
watterson,1
plancarte,1
malan,1
bruggeman,1
holscher,1
auer,1
wardman,1
vastardis,1
pewo,1
inestroza,1
corral,1
panza,1
yurovic,1
felske,1
auel,1
myung,1
fitchette,1
buechele,1
corrao,1
klehn,1
lionetti,1
endito,1
ellars,1
withers,1
salone,1
cayouette,1
hasbrouck,1
entrup,1
manganelli,1
bagozzi,1
grimmius,1
protin,1
lockhart,1
asmus,1
kleid,1
ellard,1
burbano,1
nordenson,1
scotto,1
audi,1
ponce,1
brescia,1
burbank,1
scotts,1
keirnan,1
buchann,1
scotty,1
kleis,1
aceveda,1
gaxiola,1
klein,1
strattman,1
ernst,1
salome,1
fontneau,1
romney,1
scotti,1
acevedo,1
bloodworth,1
durpee,1
opara,1
besarra,1
dinicola,1
sotomayor,1
auch,1
malek,1
maleh,1
auck,1
harford,1
alling,1
malec,1
jeter,1
dirickson,1
pennington,1
klopfenstein,1
bonanni,1
rebeck,1
bonanno,1
koehnen,1
hanton,1
oetting,1
leveston,1
buchana,1
muldrow,1
belsito,1
dassow,1
aube,1
cowing,1
pete,1
woullard,1
mayton,1
hibbler,1
peth,1
bulwinkle,1
iwanicki,1
cannon,1
kuman,1
petr,1
orford,1
peto,1
whirley,1
kumar,1
candler,1
helfenstein,1
pett,1
petz,1
spatafora,1
spatafore,1
zeimet,1
greydanus,1
pesa,1
somma,1
dreiling,1
fetzer,1
reinstein,1
mcpadden,1
numkena,1
felson,1
pesh,1
elland,1
laggan,1
mccandrew,1
dohse,1
bodiroga,1
roelofs,1
goosby,1
sandelius,1
brechner,1
dohrn,1
rocca,1
reppert,1
sulser,1
dahley,1
traphagen,1
klemp,1
kuprewicz,1
buchanon,1
klemm,1
eilbeck,1
verhague,1
barters,1
salois,1
somji,1
dahler,1
rocco,1
goetjen,1
dahlem,1
kenrick,1
dahlen,1
klena,1
swalley,1
gelle,1
castillanos,1
kluender,1
kromer,1
pevy,1
gajda,1
wodskow,1
carthew,1
colato,1
carthen,1
klenk,1
carther,1
goosen,1
frattini,1
kerestes,1
burcin,1
pettigrew,1
mondell,1
dubreuil,1
cartagena,1
morck,1
derouen,1
deshazer,1
morch,1
forbis,1
sacre,1
snedden,1
toki,1
debski,1
dibacco,1
deputy,1
tojo,1
gemaehlich,1
praylow,1
apalategui,1
hanover,1
mendonsa,1
tole,1
mckeithen,1
kroner,1
mrotek,1
marquis,1
tola,1
gallington,1
gourdin,1
hammill,1
grona,1
marcinek,1
toll,1
hanock,1
mormile,1
otley,1
klaass,1
rochkes,1
moras,1
morar,1
trudelle,1
tome,1
morak,1
tomb,1
egley,1
klancnik,1
moran,1
sorokata,1
brundidge,1
alexzander,1
morad,1
egler,1
hennings,1
sementilli,1
axel,1
guerreiro,1
lawman,1
gropp,1
snyders,1
toma,1
whack,1
burmside,1
fedezko,1
tapanes,1
meldrum,1
tone,1
dornan,1
tong,1
nemecek,1
toni,1
dornak,1
shierling,1
arreguin,1
tonn,1
jarzembowski,1
vizcarra,1
toms,1
segler,1
miyagawa,1
arrowood,1
groot,1
groos,1
mormino,1
hamming,1
lohrke,1
schomer,1
aniol,1
groom,1
eichenlaub,1
zrimsek,1
dalzen,1
godden,1
siverling,1
waldenberg,1
bosshardt,1
toor,1
mccreedy,1
toop,1
forbes,1
forber,1
toon,1
famulare,1
inzer,1
toof,1
goede,1
casimiro,1
iacopino,1
tumbaga,1
kuitu,1
jeanes,1
barninger,1
tony,1
perrell,1
morge,1
gagan,1
morga,1
biever,1
kronau,1
station,1
faunce,1
topp,1
ragone,1
cregin,1
mckeithan,1
topi,1
leisure,1
tope,1
marques,1
droege,1
arunachalam,1
morey,1
marquez,1
bresnahan,1
assad,1
ribble,1
assaf,1
toot,1
kuntzman,1
moree,1
cuadros,1
mcmanaway,1
brondyke,1
morel,1
moren,1
schomin,1
moret,1
spartz,1
groll,1
krasinski,1
lohrey,1
zeiler,1
merryman,1
fogelson,1
mcdoniel,1
walega,1
vanderbie,1
morea,1
moreb,1
eglin,1
sellberg,1
jeancy,1
lewison,1
torp,1
toro,1
keasler,1
hodgkins,1
croskey,1
dorney,1
augeri,1
binkiewicz,1
dorner,1
tork,1
torn,1
wiesehan,1
bottcher,1
salviejo,1
chappuis,1
reisenauer,1
keasley,1
garasha,1
hunzeker,1
calbert,1
morda,1
cargle,1
peavler,1
colmer,1
ewart,1
talcott,1
groff,1
toby,1
greathouse,1
culley,1
sewer,1
rodger,1
groft,1
toce,1
andalora,1
horsch,1
rodges,1
toca,1
sonnier,1
annichiarico,1
allbee,1
freligh,1
pelligrini,1
groen,1
tock,1
cullen,1
crenshaw,1
pelligrino,1
culler,1
depung,1
hanold,1
hammitt,1
sikkema,1
whang,1
chappelear,1
mcclimans,1
todd,1
toda,1
furton,1
grohs,1
incomstanti,1
kuehnert,1
bucholz,1
flye,1
todt,1
iwata,1
tody,1
wolfinbarger,1
lossing,1
betzler,1
zangari,1
spyres,1
zamorano,1
painter,1
zangara,1
branstetter,1
knauss,1
macgregor,1
marcinko,1
marcinka,1
grogg,1
utterback,1
knaust,1
greenawalt,1
chenevey,1
iwasa,1
kirschke,1
mihalick,1
bverger,1
ezer,1
musolino,1
jamaica,1
dodridge,1
hammersmith,1
toft,1
grobe,1
kenison,1
brunckhorst,1
aihara,1
metott,1
coscia,1
schrayter,1
macartney,1
hodgkiss,1
groby,1
cullar,1
honeyestewa,1
vanlent,1
younger,1
easlick,1
cabiles,1
bidrowski,1
derouin,1
saysongkham,1
assis,1
lauschus,1
withiam,1
buseman,1
eshelman,1
whary,1
godyn,1
muccigrosso,1
montague,1
hodsdon,1
groat,1
mihaliak,1
milbrodt,1
bonier,1
albaugh,1
grode,1
romelus,1
gorychka,1
gramham,1
getzlaff,1
lasker,1
verrell,1
grodi,1
dwellingham,1
senerchia,1
dellasanta,1
cremeens,1
groce,1
mcvicker,1
hardaway,1
musshorn,1
schomas,1
groch,1
mattock,1
sandager,1
twardy,1
ardizzone,1
bolejack,1
barstow,1
raciti,1
bergeaux,1
woitowitz,1
woodbury,1
gubitosi,1
flom,1
gallup,1
quander,1
spargo,1
flow,1
flor,1
flot,1
gallus,1
gazdik,1
simonin,1
iwami,1
sadee,1
linson,1
rebman,1
ferracioli,1
romkema,1
saden,1
goens,1
bilansky,1
niehus,1
foscue,1
simonis,1
valderas,1
horris,1
budde,1
woodburg,1
scovil,1
floe,1
charlie,1
brasure,1
mattsson,1
ozog,1
quandel,1
breslauer,1
greuel,1
woodburn,1
buddy,1
abascal,1
scholtz,1
vasilopoulos,1
charley,1
budds,1
mermelstein,1
foore,1
trojanowski,1
sanchec,1
wrobel,1
scheiern,1
charles,1
preusser,1
mendonca,1
brintnall,1
hermosura,1
beckerman,1
delgadillo,1
sanchez,1
cullom,1
boniol,1
sabatini,1
cullop,1
mccausland,1
cowett,1
wurtzel,1
allain,1
sanches,1
painton,1
sancher,1
buder,1
worker,1
deisher,1
buden,1
sadan,1
sadak,1
sadar,1
goers,1
eroman,1
kaneholani,1
dylla,1
vonseggern,1
sadat,1
hannon,1
pressman,1
markgraf,1
ebrahim,1
boning,1
sogol,1
bideaux,1
bonini,1
feighan,1
lossius,1
trelles,1
redford,1
bonino,1
isbrecht,1
sevin,1
widhalm,1
bonina,1
mirisola,1
trueba,1
ollech,1
vanleer,1
foote,1
bonine,1
lebon,1
veater,1
griblin,1
whitacre,1
simonds,1
meras,1
trueax,1
srader,1
stinner,1
feerick,1
boddeker,1
cullip,1
scholze,1
ritell,1
meray,1
meraz,1
hamelton,1
dibert,1
cullin,1
weinraub,1
lebow,1
kraham,1
donkin,1
nejman,1
fambro,1
sabatino,1
simonet,1
foose,1
polyak,1
pasquariello,1
oberholtzer,1
hannum,1
bigusiak,1
aspegren,1
mcclarnon,1
lavezzo,1
delmolino,1
churchfield,1
scovel,1
crutch,1
deltufo,1
newbound,1
mattoon,1
guelespe,1
halfacre,1
dominski,1
reisert,1
febres,1
lacaille,1
battles,1
hougham,1
gallow,1
velasco,1
gallop,1
gallon,1
defazio,1
oherron,1
lormand,1
pitocco,1
pohlson,1
veatch,1
jeanty,1
hoefling,1
merck,1
depugh,1
mcarthur,1
goetz,1
budak,1
beechler,1
agerton,1
gallob,1
ogarro,1
rasbery,1
mcarthun,1
mercy,1
lakatos,1
buday,1
sevey,1
vandersteen,1
sever,1
payan,1
gallman,1
pessolano,1
foots,1
dieffenbacher,1
flug,1
walding,1
flum,1
verrett,1
flud,1
estrela,1
janczak,1
perrera,1
shawver,1
tota,1
paulding,1
toth,1
grout,1
tote,1
creger,1
toti,1
gedman,1
toto,1
scherman,1
lebby,1
fischhaber,1
tott,1
rahaim,1
budke,1
cullum,1
grove,1
kilbane,1
tory,1
wolbeck,1
madigan,1
britnell,1
stellfox,1
ozga,1
donkle,1
summerville,1
comerford,1
giefer,1
tosh,1
tosi,1
toso,1
hestand,1
skretowicz,1
stepanski,1
fyksen,1
leben,1
horikoshi,1
scieszka,1
flis,1
lebel,1
leber,1
chaisson,1
donkor,1
scholle,1
knavel,1
goehl,1
upshur,1
machens,1
kuick,1
allara,1
ringenberg,1
uncapher,1
linsey,1
allard,1
paavola,1
pereira,1
flin,1
pereiro,1
mundine,1
iffert,1
munding,1
magnini,1
philpotts,1
truell,1
mauney,1
lehtinen,1
umphlett,1
sneddon,1
alexion,1
robante,1
rahama,1
traughber,1
scagliotti,1
payen,1
groys,1
payer,1
alexiou,1
payes,1
rahall,1
laramore,1
eastburn,1
tout,1
sadiq,1
birchler,1
sadin,1
lavatch,1
sadik,1
hoeflich,1
stoudamire,1
jaminet,1
mccredie,1
washinton,1
fooks,1
wessendorf,1
goeke,1
gallik,1
kayser,1
kolkemeyer,1
murakami,1
duplessis,1
budge,1
chanofsky,1
cregan,1
linsky,1
sparks,1
sadhu,1
barstad,1
schermer,1
mcnicoll,1
towe,1
dolence,1
walema,1
boeckmann,1
budhu,1
mongelli,1
czosek,1
bonito,1
emuka,1
lalich,1
perrett,1
grose,1
abdelhamid,1
lineberry,1
rountree,1
sodini,1
ruland,1
town,1
prickett,1
grosh,1
ying,1
griswell,1
pezzullo,1
gross,1
italiano,1
putzier,1
goelz,1
budin,1
linsin,1
grosz,1
bequette,1
blancett,1
ezzo,1
grote,1
hultberg,1
ikenberry,1
marstaller,1
vivanco,1
bonita,1
nindorf,1
klingenberg,1
groth,1
vanderstelt,1
velovic,1
drilling,1
mccafferty,1
stachecki,1
cardejon,1
wongus,1
cwiek,1
cregar,1
galles,1
auwarter,1
gallet,1
galley,1
stumpff,1
kaetzel,1
mugleston,1
grotz,1
fitzmorris,1
gallen,1
toye,1
galler,1
zeger,1
toya,1
andreotti,1
arenson,1
bosack,1
sader,1
toyn,1
ngvyen,1
forand,1
collie,1
payne,1
koehler,1
miklitz,1
canpos,1
sadri,1
dahlstedt,1
nyberg,1
payna,1
cramblit,1
lebeau,1
strobel,1
worster,1
musselman,1
felman,1
overturf,1
gahan,1
collin,1
jerez,1
angove,1
zegar,1
worstel,1
collis,1
montejano,1
spanbauer,1
lamaack,1
vanoy,1
merow,1
rudlong,1
rochlin,1
vanos,1
clennon,1
payno,1
ibasitas,1
volino,1
ohlson,1
deupree,1
calixtro,1
heinzmann,1
crader,1
weideman,1
leithiser,1
claxton,1
lebeda,1
debrie,1
lagassie,1
palaspas,1
mainella,1
pennachio,1
neiling,1
guttierez,1
nessner,1
lindsley,1
boissy,1
furuya,1
fryday,1
goldeman,1
piersol,1
shadrick,1
hitzeman,1
pierson,1
hebsch,1
caiozzo,1
lebeck,1
boisse,1
shackleton,1
tavernier,1
merna,1
schappach,1
mandeville,1
michieli,1
hannay,1
centrella,1
pratcher,1
petosa,1
worsfold,1
cubbison,1
adamsonis,1
ellerbee,1
vanni,1
vartanyan,1
agerter,1
hannah,1
petermeier,1
mainello,1
hannam,1
hannan,1
mertz,1
cardelli,1
goolman,1
gaumont,1
minerich,1
ozer,1
urick,1
lappinga,1
cardello,1
urich,1
kvzian,1
tozloski,1
victoria,1
feyler,1
cardella,1
doroff,1
replenski,1
steenhard,1
musemeche,1
merta,1
spevak,1
conchado,1
leddy,1
yeiser,1
german,1
furuta,1
linsay,1
bernell,1
victorin,1
montello,1
goodreau,1
ledec,1
ledee,1
heggen,1
vanta,1
ketchersid,1
montelle,1
chabaud,1
harriott,1
woolston,1
vandercook,1
sadow,1
leder,1
montella,1
ledet,1
durette,1
wawrzyniak,1
leday,1
jerde,1
dinkens,1
kaczmarek,1
merry,1
goffe,1
urias,1
vanry,1
collom,1
collon,1
murakawa,1
strieter,1
villareal,1
munson,1
atallah,1
heggie,1
payor,1
nakamura,1
ehinger,1
newbill,1
aarhus,1
surbella,1
catching,1
quito,1
cainglit,1
burnsworth,1
hannahs,1
chenette,1
hisserich,1
jereb,1
hannem,1
rehmert,1
gaumond,1
hannen,1
uribe,1
vigorito,1
hannes,1
davidson,1
hanner,1
nunamaker,1
animashaun,1
hanney,1
vanyo,1
seiters,1
collar,1
berneri,1
batara,1
sogge,1
criswell,1
kagimoto,1
cradle,1
kreisman,1
narayanan,1
malawy,1
dahlhauser,1
unavailable,1
bernardi,1
rightmyer,1
canders,1
dymek,1
bernardo,1
vanderark,1
spates,1
buchauer,1
gallmon,1
paywa,1
voliva,1
belcourt,1
pasceri,1
vancleve,1
siddiqui,1
jorinscay,1
montreuil,1
angold,1
schellhorn,1
horras,1
hermanstorfer,1
langness,1
burright,1
brentlinger,1
stergios,1
rissanen,1
debrae,1
schwisow,1
bleser,1
chyle,1
angolo,1
astol,1
bonenfant,1
bernardy,1
rosenlof,1
tjarks,1
saarela,1
wanless,1
suddarth,1
godert,1
applin,1
holtzberg,1
hannig,1
lembcke,1
siddique,1
torino,1
gierman,1
runions,1
polan,1
amemiya,1
borkholder,1
polak,1
astor,1
aston,1
vescovi,1
mckeague,1
meres,1
kovalsky,1
tofanelli,1
guittar,1
torina,1
lincicum,1
trentini,1
prendergast,1
merel,1
hadiaris,1
sturiale,1
hockenbrock,1
riviera,1
copland,1
upshaw,1
collen,1
riviere,1
collet,1
coller,1
canizales,1
beachell,1
felmet,1
grigoreas,1
poley,1
delnegro,1
collea,1
mclester,1
triblett,1
macvicar,1
merle,1
astin,1
stalcup,1
cadriel,1
ordonez,1
merli,1
dellapenta,1
durrah,1
merlo,1
naftel,1
colley,1
bonham,1
merkt,1
clusky,1
walsingham,1
arquelles,1
cradic,1
bernett,1
gutowski,1
debray,1
ordones,1
banducci,1
manchester,1
hubbert,1
malave,1
velotta,1
awai,1
mcquerry,1
sutherlin,1
mcbeth,1
awad,1
hauptly,1
merkl,1
henderickson,1
panning,1
levario,1
horodyski,1
dirden,1
applen,1
ridings,1
pasillas,1
kostelnik,1
kotzen,1
weyker,1
polen,1
aeschliman,1
polek,1
fergurson,1
opher,1
audette,1
lanehart,1
gentile,1
brendal,1
dampeer,1
dymke,1
marsolais,1
sueyoshi,1
selbig,1
yockey,1
poles,1
schones,1
moncure,1
baeringer,1
hardrick,1
naysmith,1
delamarter,1
venard,1
hardrict,1
lagace,1
pereida,1
polee,1
staufenberger,1
astle,1
coughlan,1
lautaret,1
cutrell,1
fellon,1
gagne,1
vancleaf,1
calderara,1
edmerson,1
feighner,1
lishman,1
bonacci,1
yoshimori,1
calderaro,1
montaivo,1
crummell,1
pettibone,1
lavesque,1
molstad,1
cissell,1
veasey,1
bilotto,1
pangborn,1
saeed,1
buege,1
gentili,1
granucci,1
lebert,1
villagomez,1
bilotti,1
hebron,1
wordlaw,1
worley,1
gagon,1
moriera,1
bilotta,1
hirezi,1
cimmiyotti,1
castellaneta,1
leister,1
gironda,1
applewhaite,1
fariello,1
isadore,1
germon,1
leisten,1
altshuler,1
mederios,1
buehl,1
gravois,1
smyntek,1
batala,1
ankrom,1
somrak,1
winebrenner,1
endler,1
duncomb,1
greeson,1
hytros,1
velarde,1
guttery,1
worlds,1
bambas,1
faulks,1
burzynski,1
brookins,1
velardi,1
sarinsky,1
yoshimoto,1
dornon,1
brooking,1
velardo,1
barsuhn,1
schlangen,1
assum,1
broadstone,1
munter,1
zysett,1
wilhelmsen,1
truden,1
metenosky,1
trudel,1
gentzler,1
cruser,1
malara,1
choiniere,1
schlanger,1
salaam,1
holzworth,1
rogillio,1
schilling,1
omoto,1
cavalieri,1
pontbriand,1
ankrum,1
cavaliere,1
culkin,1
merideth,1
cavaliero,1
insalaco,1
fleckles,1
reuteler,1
jerry,1
copenhaver,1
schwaller,1
johnstonbaugh,1
chabbez,1
kretchmar,1
mcdorman,1
gateley,1
kessell,1
tamimi,1
abrecht,1
ghanayem,1
krajnik,1
hennegan,1
sofia,1
calvaresi,1
bamber,1
coughlin,1
mesch,1
humble,1
smedick,1
salach,1
darnick,1
candela,1
worlie,1
logsdon,1
stranford,1
beaumont,1
malama,1
dellapenna,1
rudisail,1
cutrera,1
candell,1
schwallie,1
haataja,1
pazan,1
pressley,1
jackstadt,1
wohner,1
pressler,1
studwell,1
olshan,1
maland,1
mccreless,1
crusan,1
sofka,1
gimpel,1
kulish,1
colman,1
carela,1
crummett,1
russello,1
leeming,1
capshaws,1
devincent,1
rogness,1
pechaira,1
bizzard,1
panasci,1
hunstiger,1
knaphus,1
wainright,1
kurokawa,1
tamiya,1
bizzaro,1
jalbert,1
germer,1
sowers,1
talladino,1
hussien,1
gieger,1
avie,1
mccreery,1
avis,1
pennock,1
gaulding,1
saeli,1
debrot,1
dovenbarger,1
smudrick,1
crusoe,1
clenney,1
polzer,1
ohlsen,1
davidsen,1
edralin,1
cruson,1
reives,1
grebner,1
augliano,1
clatterbuck,1
modrak,1
viccica,1
buemi,1
monnin,1
gasienica,1
lecea,1
kellerman,1
saenz,1
pokoj,1
julius,1
sandison,1
saens,1
brazinski,1
sanjuan,1
gagel,1
brubeck,1
gagen,1
bueno,1
dillworth,1
gager,1
lagana,1
holyfield,1
rackow,1
kinnear,1
hutchenson,1
oyer,1
bhamaraniyama,1
julitz,1
hurlock,1
kristoff,1
malchow,1
oyen,1
rettkowski,1
yarborough,1
lagant,1
hemmeter,1
girouard,1
muhlbauer,1
buena,1
krager,1
washinski,1
kujak,1
rookstool,1
whinery,1
boisen,1
faulds,1
lecky,1
honyumptewa,1
ellermann,1
boiser,1
foppe,1
seegmiller,1
jerko,1
nakken,1
tapales,1
lindskog,1
malabe,1
anciso,1
meirick,1
kujat,1
plambeck,1
gedney,1
beisser,1
cupstid,1
spachtholz,1
buell,1
bazemore,1
hussian,1
stigers,1
northern,1
bliven,1
sleight,1
cramblet,1
collum,1
stalder,1
malach,1
ancira,1
polzin,1
anker,1
beissel,1
shoumaker,1
malady,1
heinicke,1
sawransky,1
monnet,1
pagdanganan,1
sowels,1
shackett,1
cowger,1
ophus,1
sowell,1
vazques,1
devonish,1
chowenhill,1
diamico,1
rutkin,1
taccone,1
vazquez,1
tacconi,1
lagard,1
sourlis,1
minihan,1
torian,1
negroni,1
muysenberg,1
pacenta,1
henkhaus,1
kotzur,1
avon,1
pazik,1
doleman,1
maclachlan,1
stjean,1
dacres,1
bomilla,1
aumann,1
osowicz,1
scheider,1
leeds,1
rembert,1
beighley,1
azor,1
lagazo,1
dyner,1
fohn,1
odens,1
permenter,1
dynes,1
buerk,1
fohl,1
varano,1
planas,1
lauderman,1
scheidel,1
osberg,1
rupert,1
dircks,1
salata,1
lashua,1
kingwood,1
boyarsky,1
jablon,1
charnley,1
salato,1
palomba,1
vampa,1
klassen,1
bis,1
geibig,1
gerney,1
bio,1
foil,1
odems,1
verderame,1
nephew,1
mesta,1
bembry,1
bir,1
leedy,1
schrotenboer,1
allder,1
gerner,1
big,1
mccullogh,1
palomar,1
mendolia,1
tijerino,1
pierron,1
kropff,1
lickiss,1
munroe,1
elgart,1
keanum,1
plance,1
thibideau,1
gochnauer,1
odell,1
bly,1
planck,1
palombo,1
peeler,1
colosi,1
pierrot,1
bueti,1
betzner,1
keyt,1
keys,1
timmerberg,1
anglum,1
siemers,1
buess,1
justinger,1
kuczenski,1
correiro,1
foks,1
gottke,1
bromwell,1
chubbuck,1
cowden,1
ruotolo,1
cowder,1
monnot,1
tijerina,1
keye,1
sprafka,1
keyl,1
panchana,1
rachal,1
bobrowski,1
bob,1
bjerknes,1
kerr,1
iannaccone,1
forde,1
bok,1
kern,1
kero,1
peelle,1
mollins,1
kerl,1
pacella,1
wordlow,1
colbeck,1
kerk,1
lockheart,1
boe,1
keri,1
kinnare,1
kreisler,1
quilter,1
pacelli,1
kinnard,1
seyal,1
goldrich,1
correira,1
inzunza,1
goldrick,1
donhoe,1
mckamey,1
fode,1
planer,1
tarrenis,1
salano,1
gadsden,1
letendre,1
cyrnek,1
deckelbaum,1
kess,1
foree,1
filipek,1
fegurgur,1
boutiette,1
mcculloch,1
bonker,1
stettler,1
tenuta,1
mccullock,1
hussein,1
geibel,1
foret,1
gotter,1
melugin,1
baxter,1
allday,1
rigatti,1
kett,1
rodela,1
bralley,1
goger,1
kinzer,1
montejo,1
gorlich,1
kinzel,1
grosenick,1
azim,1
tylman,1
gogel,1
reinoso,1
salama,1
pazos,1
rodell,1
moriwaki,1
sykora,1
keto,1
talhelm,1
mcgarvie,1
dunworth,1
kapphahn,1
cracas,1
messa,1
doidge,1
weyler,1
saale,1
myerson,1
galbraith,1
sojda,1
emshoff,1
buchman,1
debiase,1
gionson,1
fogt,1
glovinsky,1
leech,1
fogo,1
debiasi,1
mostert,1
nellums,1
wisner,1
thamann,1
ondrick,1
colopy,1
duresky,1
forge,1
keup,1
torgrimson,1
bon,1
forgy,1
salamy,1
aziz,1
bos,1
reigner,1
bou,1
box,1
surwillo,1
bow,1
fogg,1
naffziger,1
derosby,1
wardall,1
montell,1
mostero,1
saari,1
batista,1
childrey,1
brachman,1
behrenwald,1
creitz,1
custodio,1
burnworth,1
seyer,1
colomb,1
childres,1
rodeen,1
heidebrecht,1
coloma,1
beermudez,1
sancedo,1
asperheim,1
gaucher,1
pierrie,1
sojka,1
hartsook,1
colomy,1
rodebaugh,1
pistone,1
batiste,1
keno,1
tuzzo,1
tranbarger,1
miramontez,1
ban,1
lumbert,1
ropers,1
stigger,1
bak,1
deruyter,1
bal,1
foran,1
spoden,1
bai,1
baj,1
mackinnon,1
kent,1
bah,1
montero,1
miramontes,1
bae,1
mckamie,1
colone,1
bad,1
bab,1
colona,1
hammerstad,1
labadie,1
bromfield,1
montera,1
delehanty,1
perschall,1
bay,1
bax,1
colony,1
foat,1
bau,1
gershon,1
bar,1
kalupa,1
tamkin,1
shaffner,1
laskowski,1
mccullors,1
galipo,1
forbs,1
corbell,1
glacken,1
peplinski,1
searchwell,1
waldmann,1
bea,1
gogan,1
wagnon,1
kepp,1
doussan,1
wagnor,1
medoza,1
forck,1
thiessen,1
funches,1
azen,1
fleisher,1
sterker,1
odess,1
rounsaville,1
azer,1
salais,1
breitenfeldt,1
sterkel,1
digirolomo,1
kuliga,1
salaiz,1
mcgarvey,1
gadue,1
varady,1
dursch,1
force,1
forch,1
parmeter,1
lizer,1
eddleman,1
keis,1
legorreta,1
anstett,1
keir,1
balducci,1
angles,1
dukette,1
mesia,1
angley,1
treloar,1
urness,1
showalter,1
nuzenski,1
wagemann,1
koellner,1
delmoral,1
breashears,1
cavanaugh,1
bee,1
arhart,1
sayward,1
derosia,1
meihofer,1
wrzesinski,1
boddorf,1
ben,1
ujano,1
filipovic,1
eirls,1
bel,1
mooty,1
mootz,1
bek,1
bey,1
moots,1
bez,1
roskowinski,1
bew,1
maiorano,1
bex,1
pfaff,1
beu,1
derosie,1
genther,1
heinsohn,1
sortland,1
salado,1
adelstein,1
montesi,1
glackin,1
eggleton,1
wentworth,1
moote,1
billinger,1
boyarski,1
kela,1
nuchols,1
rusteika,1
quick,1
arkadie,1
keks,1
dembitzer,1
zaniboni,1
salada,1
saltzgaber,1
blackledge,1
kelk,1
gotschall,1
kell,1
scrimsher,1
kowaleski,1
kelm,1
cowdin,1
azad,1
meske,1
kelp,1
scierka,1
montesa,1
bia,1
mesko,1
ommen,1
medows,1
anglin,1
azar,1
blanchet,1
wickwire,1
moosa,1
lifshitz,1
corbeil,1
shamburger,1
moose,1
ahmadi,1
kulick,1
kerchner,1
kaluna,1
humber,1
benzschawel,1
humbel,1
pfahl,1
moors,1
kemp,1
siemens,1
moore,1
worlow,1
elftman,1
mamaclay,1
cosano,1
laychock,1
goudreau,1
mollica,1
schomaker,1
doniel,1
letender,1
tresvant,1
meter,1
diponio,1
marchuk,1
brassil,1
hubbell,1
zuclich,1
croswell,1
stikeleather,1
mosely,1
metge,1
lasher,1
cardinal,1
cardinas,1
haaker,1
wagner,1
canter,1
bowser,1
lytell,1
jeong,1
jupiter,1
quiet,1
criley,1
jeanclaude,1
cantey,1
pherigo,1
quiel,1
hootsell,1
seaberry,1
zebrowski,1
mosena,1
fettes,1
fetter,1
malbon,1
hintze,1
moone,1
anglea,1
methe,1
plants,1
keaney,1
fujioka,1
planty,1
plantz,1
cardin,1
anglen,1
leebrick,1
kollman,1
desmith,1
moons,1
heatherington,1
boughter,1
vance,1
arevalos,1
dekeyser,1
badolato,1
buffo,1
demmert,1
ledue,1
metil,1
opeka,1
leduc,1
luptak,1
laessig,1
vandy,1
statler,1
metia,1
medora,1
warnstaff,1
royster,1
wrinkle,1
humiston,1
geldrich,1
buffa,1
zeegers,1
plante,1
postert,1
drakulic,1
uleman,1
klacic,1
quigg,1
rasnick,1
solivan,1
simoncini,1
soito,1
sabad,1
colbert,1
fettig,1
cardon,1
sabaj,1
nicolaysen,1
kugel,1
faivre,1
pocock,1
sabal,1
dorkin,1
koppelman,1
mchaney,1
buffy,1
biscaro,1
biscari,1
ledon,1
nakhle,1
modique,1
bitner,1
tacheny,1
maccini,1
carknard,1
frusciante,1
humann,1
postema,1
coopage,1
cecchini,1
boitel,1
postell,1
colbeth,1
cantin,1
cardno,1
lucious,1
munsch,1
alfandre,1
hemmerling,1
hellman,1
car,1
childree,1
wehmann,1
can,1
soiro,1
derosso,1
cao,1
cap,1
wilison,1
giboney,1
neeser,1
sorrentino,1
lafontaine,1
munsey,1
donica,1
gauthreaux,1
iannucci,1
cay,1
lodrigue,1
maulin,1
morissette,1
oberdorf,1
heiberger,1
cam,1
santago,1
cal,1
cai,1
nyreen,1
urion,1
beloate,1
ahmann,1
cardle,1
vulich,1
arcizo,1
manaugh,1
licause,1
pistole,1
licausi,1
kutchar,1
crilly,1
colberg,1
munsen,1
ngoun,1
gilyard,1
leuters,1
hollarn,1
vanis,1
consiglio,1
quill,1
hollars,1
anstead,1
peregoy,1
sikorski,1
gaboury,1
caparros,1
royston,1
bro,1
sabel,1
gantvoort,1
borowik,1
santellana,1
tomlison,1
birchfield,1
matarese,1
munshi,1
hollard,1
eschen,1
reisch,1
vegetabile,1
swanhart,1
worman,1
nessler,1
chiariello,1
quine,1
arcila,1
grabinski,1
abedelah,1
rudloff,1
yozamp,1
rachel,1
palomin,1
tamborlane,1
quint,1
rachar,1
hohlfeld,1
lehenbauer,1
coladonato,1
benthusen,1
quink,1
charney,1
friedrichsen,1
aspri,1
salaza,1
crosman,1
hoverson,1
quinn,1
kutcher,1
novinger,1
baquet,1
santulli,1
santorella,1
bornmann,1
gaddy,1
trentham,1
santorelli,1
keiswetter,1
mcspadden,1
arcino,1
kinzig,1
bua,1
bub,1
manikowski,1
saban,1
friendly,1
kinzie,1
quails,1
sabat,1
marcial,1
bur,1
aubrecht,1
raglow,1
brzezinski,1
baxtor,1
gaden,1
gresco,1
bun,1
aichele,1
reischl,1
quaile,1
boothby,1
bui,1
bud,1
hinton,1
gades,1
eddlemon,1
lemmonds,1
ruther,1
bue,1
gresko,1
ayre,1
brasser,1
but,1
casterline,1
mcphearson,1
schlecter,1
bux,1
mcbrayer,1
neeson,1
kinzle,1
muzzey,1
takashima,1
sabia,1
vanek,1
rozanski,1
gantzler,1
tarrence,1
vanes,1
thaggard,1
haselden,1
buttross,1
rushdan,1
vanez,1
sabir,1
youmans,1
sabio,1
aherns,1
opela,1
sabin,1
gettman,1
lupton,1
opell,1
tongue,1
urive,1
sabha,1
pengelly,1
jasmann,1
wingstrom,1
tysarczyk,1
egizi,1
lesmeister,1
shenkle,1
ellinger,1
moody,1
quaife,1
mayone,1
cantre,1
quirk,1
rodero,1
quire,1
histand,1
varaza,1
odear,1
williamston,1
sepeda,1
heggan,1
sutyak,1
tudisco,1
kutchie,1
highnote,1
kutchin,1
valdivia,1
ledin,1
leuasseur,1
medoff,1
martignago,1
hansrote,1
mayoka,1
linssen,1
saber,1
cantos,1
zweier,1
sabet,1
armstong,1
macculloch,1
mekeel,1
bentivegna,1
pelliccia,1
quist,1
amtower,1
moock,1
canton,1
bye,1
laesser,1
mallory,1
escher,1
lafemina,1
cantor,1
gaglione,1
krafft,1
voelkel,1
ayon,1
humerick,1
grabauskas,1
marciel,1
kosmowski,1
voelker,1
mcbean,1
casserly,1
tureson,1
bunker,1
ake,1
kuhtz,1
arpino,1
geroge,1
aki,1
ritari,1
cassisse,1
unterzuber,1
muzyka,1
hinsey,1
zavasky,1
knispel,1
cousens,1
rivinius,1
vandevere,1
reisin,1
medford,1
aja,1
hanacek,1
bedrosian,1
brandwein,1
gaviglia,1
walder,1
dezarn,1
munshower,1
dunomes,1
valot,1
arciga,1
walden,1
setzer,1
levesgue,1
aiu,1
phatdouang,1
wheeington,1
leffew,1
ramsbottom,1
stravinski,1
leffel,1
raglin,1
aid,1
escobeo,1
kuhry,1
escober,1
marchel,1
gallishaw,1
ahn,1
lauriano,1
scholin,1
braccia,1
ahl,1
letran,1
paluzzi,1
stennett,1
kuhse,1
mogannam,1
dekuyper,1
griepentrog,1
kientz,1
ahr,1
westfahl,1
navaro,1
aho,1
weyman,1
sable,1
kuhta,1
sammons,1
buchner,1
harkavy,1
dorman,1
croslen,1
batdorf,1
crosley,1
kalter,1
valme,1
malden,1
barbarino,1
bhandari,1
almsteadt,1
bertozzi,1
fountaine,1
glockner,1
walseth,1
valls,1
salsedo,1
randklev,1
cabreros,1
metty,1
ano,1
meiners,1
ann,1
meinert,1
wehring,1
vallo,1
escareno,1
metts,1
sichler,1
lefew,1
ang,1
valle,1
longstreet,1
reiser,1
lindhorst,1
sabot,1
valli,1
reisen,1
tripplett,1
ana,1
karnish,1
sabol,1
valla,1
bribiesca,1
metta,1
hammonds,1
truett,1
shenker,1
amy,1
moseby,1
geyer,1
mette,1
waldal,1
amo,1
shenkel,1
ducrepin,1
sperling,1
valko,1
amr,1
odden,1
hinsch,1
mckeehan,1
marchio,1
abruzzo,1
escobar,1
vespia,1
westfall,1
aly,1
badalamenti,1
reisig,1
alu,1
pohlmann,1
resseguie,1
alt,1
tamlin,1
bahler,1
alo,1
graichen,1
immordino,1
alm,1
all,1
tzeremes,1
scholes,1
scholer,1
ali,1
blitch,1
haston,1
boughton,1
metro,1
monzo,1
alf,1
wismer,1
wadusky,1
ala,1
longenecker,1
ravago,1
wieckowski,1
ledford,1
isenberger,1
argubright,1
valis,1
holland,1
ako,1
valin,1
matteucci,1
gerock,1
coachys,1
aminov,1
abe,1
bonkowski,1
rodden,1
olszowka,1
liebsch,1
chehebar,1
pautler,1
abo,1
presnell,1
roddey,1
cuzick,1
abt,1
costanza,1
breitenbach,1
abu,1
kuhls,1
costanzi,1
rulapaugh,1
costanzo,1
kuhlo,1
metos,1
meierotto,1
mckanic,1
monty,1
hurrigan,1
kuhne,1
leventer,1
montz,1
acevado,1
aas,1
kutsch,1
monts,1
lomino,1
monti,1
hollack,1
gengler,1
gentges,1
andreoni,1
lominy,1
sorice,1
sherrin,1
andreola,1
woodworth,1
kienle,1
rainwaters,1
bonetti,1
verderber,1
aydt,1
sherril,1
knehans,1
bonetto,1
bontrager,1
vesper,1
sheffey,1
maccartney,1
lawlis,1
deuman,1
crabbe,1
mcintyre,1
dittmer,1
ailiff,1
ayer,1
nalbach,1
honeyman,1
aaland,1
kuhle,1
crabbs,1
eiselman,1
sheffer,1
athearn,1
dunnavant,1
scronce,1
andreoli,1
jaurequi,1
anastacio,1
valvo,1
codere,1
sheffel,1
gaetz,1
betzold,1
roddam,1
sherrow,1
sanmarco,1
villerreal,1
cardillo,1
colondres,1
murwin,1
arciba,1
rygiel,1
authement,1
klopfer,1
yozzo,1
hairgrove,1
sherron,1
age,1
gaeta,1
crimes,1
charlot,1
gaete,1
sherrod,1
buettner,1
gaeth,1
beuchler,1
meineke,1
kienow,1
cozzolino,1
kuhre,1
ellsmore,1
ruliffson,1
englebert,1
dimitri,1
carden,1
carder,1
sheftall,1
sangster,1
decarolis,1
matteson,1
gallosa,1
beechner,1
engleberg,1
dimitry,1
cowell,1
codell,1
eisenhart,1
hagwell,1
bugay,1
buquet,1
pruskowski,1
nesmith,1
springmeyer,1
cowels,1
monte,1
adi,1
escobio,1
chaplean,1
ade,1
resides,1
ramsier,1
sumrall,1
lawley,1
kuhns,1
deringer,1
awtry,1
kleinsorge,1
croslin,1
nordsiek,1
lawler,1
barbarito,1
ady,1
gabouer,1
spitznogle,1
adu,1
eison,1
dittmar,1
ack,1
markoff,1
siwiec,1
seright,1
lariviere,1
dormer,1
schwerdtfeger,1
ace,1
albaladejo,1
tapaoan,1
dittman,1
ada,1
thiboutot,1
bryden,1
bumgardner,1
romeiro,1
garrett,1
chalender,1
deangelo,1
acy,1
cowens,1
monro,1
wolbert,1
lauderback,1
dornseif,1
nighman,1
frontis,1
keil,1
toal,1
keim,1
bugge,1
madenford,1
kevorkian,1
schenkelberg,1
toan,1
keib,1
alcosiba,1
connarton,1
montemarano,1
angelson,1
duszynski,1
archut,1
kehr,1
harnois,1
kehs,1
mattler,1
tobe,1
danczak,1
ehmann,1
kehn,1
bryngelson,1
baculpo,1
kehm,1
kehl,1
boggiano,1
frerichs,1
petrie,1
petric,1
dibernardo,1
ewalt,1
spoerl,1
eckford,1
savakis,1
caradine,1
mainwaring,1
janzen,1
malcom,1
buggy,1
petrin,1
corbett,1
buggs,1
petris,1
crable,1
kinyon,1
ewald,1
freymuth,1
botkins,1
lamattina,1
schlesselman,1
petrik,1
sincell,1
buchberger,1
kiener,1
kegg,1
choice,1
bollaert,1
frericks,1
weisenstein,1
faulstick,1
forys,1
enslinger,1
faulstich,1
axt,1
thommarson,1
carcia,1
fosnaugh,1
racina,1
owoc,1
racine,1
crimin,1
sohns,1
reinowski,1
axe,1
foye,1
pashley,1
ayo,1
mattlin,1
golabek,1
surkamer,1
wintersteen,1
voeller,1
giacoletti,1
zirker,1
kees,1
bocchieri,1
keet,1
kapelke,1
mazuera,1
sciascia,1
ellcessor,1
leeth,1
monot,1
keen,1
carchi,1
keel,1
lizak,1
foxworth,1
keer,1
monoz,1
aye,1
keep,1
landeros,1
foxx,1
bouillon,1
musulin,1
hinckson,1
leete,1
petrey,1
riechman,1
linton,1
mucklow,1
macchio,1
vandeveer,1
foxe,1
keef,1
schaller,1
saetteurn,1
dolejsi,1
othon,1
maertens,1
donham,1
hambric,1
macchia,1
puffer,1
pompilio,1
crehan,1
wagman,1
leese,1
mickulskis,1
scheible,1
petrea,1
monie,1
lawlor,1
petree,1
keck,1
eisel,1
gerosa,1
meinhardt,1
whitehall,1
moniz,1
sohre,1
eisen,1
counihan,1
eiser,1
longstreth,1
garrell,1
katzen,1
monje,1
temoshenka,1
robards,1
katzer,1
lababit,1
opfer,1
bemben,1
vonsoosten,1
sacca,1
foux,1
chumbley,1
waldon,1
lescano,1
fout,1
kuczkowski,1
whitehair,1
garrels,1
chumbler,1
kalsow,1
waldow,1
keay,1
monka,1
humason,1
vorwerk,1
doverspike,1
blythe,1
forts,1
trufin,1
hertzler,1
keba,1
lockington,1
kebe,1
winterstein,1
kean,1
monks,1
keal,1
mighty,1
singleterry,1
kear,1
fogarty,1
pexton,1
brydon,1
kobialka,1
mcnaughton,1
keat,1
hardnett,1
keas,1
forth,1
mondt,1
dibonaventura,1
forti,1
stillwell,1
monds,1
forte,1
mondo,1
dumaine,1
paduano,1
foss,1
eichorst,1
strudwick,1
bainter,1
zirkle,1
ard,1
seminario,1
forss,1
monda,1
forst,1
arb,1
schallig,1
arp,1
aro,1
fote,1
delguercio,1
arn,1
poire,1
arm,1
defranceschi,1
borovec,1
bugos,1
pisarski,1
foti,1
foth,1
petras,1
makovec,1
sacco,1
cessor,1
monet,1
petrak,1
form,1
larzazs,1
tingley,1
mones,1
worner,1
art,1
fors,1
asa,1
fort,1
riviezzo,1
sperlich,1
ary,1
forry,1
trevisone,1
manross,1
ash,1
tretola,1
forro,1
asp,1
ask,1
tingler,1
mabray,1
mondy,1
verduzco,1
cavendish,1
jankowiak,1
gaede,1
stjuste,1
apa,1
reiten,1
mellencamp,1
hellner,1
ape,1
carella,1
wisman,1
krstic,1
money,1
carello,1
bergantzel,1
fore,1
ford,1
reiter,1
hullinger,1
malcik,1
apo,1
app,1
bugna,1
mokriski,1
apt,1
pomerance,1
curnutte,1
criddle,1
byrnside,1
economides,1
garrean,1
tarling,1
bugni,1
owen,1
monge,1
mednis,1
point,1
hinson,1
hollender,1
wetsel,1
freidhof,1
ramshur,1
foot,1
galkin,1
foos,1
foor,1
witosky,1
bolognia,1
jepko,1
knizley,1
yandura,1
cayabyab,1
sachs,1
darjean,1
levenson,1
finister,1
servedio,1
bloebaum,1
szablewski,1
ave,1
kuhar,1
deutsch,1
leeks,1
burmester,1
awe,1
font,1
fons,1
cardeiro,1
monas,1
monat,1
krichbaum,1
filippo,1
fong,1
filippi,1
torborg,1
marchello,1
mabrey,1
forni,1
karnofski,1
owca,1
gabriele,1
sache,1
forno,1
waldie,1
muccio,1
drohan,1
kolter,1
brenagh,1
falkiewicz,1
ast,1
muckley,1
muccia,1
brossmann,1
sacks,1
frymark,1
berteau,1
koscielak,1
cusatis,1
reitan,1
gerold,1
gellman,1
dufilho,1
ildefonso,1
folk,1
canson,1
marchan,1
bollens,1
bengtson,1
visovsky,1
degennaro,1
heileman,1
poppleton,1
cwiakala,1
aul,1
scheiber,1
leehy,1
aun,1
marchal,1
yovanovich,1
axon,1
aus,1
marchak,1
aud,1
aue,1
mcintyde,1
lassonde,1
folz,1
monce,1
cessna,1
faiola,1
botterbusch,1
persichetti,1
willaims,1
jeanette,1
fechner,1
brownell,1
vanriper,1
fosher,1
attianese,1
lamadrid,1
setliff,1
wagley,1
varcoe,1
rocamora,1
patka,1
hinrichsen,1
buzbee,1
vanlaar,1
buratti,1
archbell,1
medved,1
medvec,1
annas,1
graffney,1
stecklair,1
patik,1
patil,1
linquist,1
marzano,1
dirado,1
patin,1
wagler,1
kuehn,1
nalepka,1
klaers,1
jeschke,1
pinegar,1
regalbuto,1
gradilla,1
vasconcellos,1
vanasten,1
kramer,1
hedquist,1
rotton,1
annal,1
leichty,1
annan,1
winegarden,1
oharroll,1
kealey,1
lawhead,1
lobasso,1
nieder,1
altamirano,1
karwoski,1
yero,1
wieseler,1
clunes,1
squillace,1
bliske,1
gable,1
yochem,1
hennagin,1
truglio,1
mcgeachy,1
bitetto,1
hennagir,1
foshie,1
gatheright,1
eckler,1
eckles,1
maben,1
hanigan,1
mabel,1
scotting,1
mabee,1
eckley,1
castanon,1
miotke,1
lautner,1
hunsinger,1
duclos,1
krakowiak,1
yett,1
stroede,1
tsou,1
ostermeyer,1
vasmadjides,1
tonini,1
satterthwaite,1
mabey,1
manderscheid,1
magnett,1
arostegui,1
overdick,1
pomerantz,1
ottinger,1
giagni,1
mccullick,1
muscarello,1
colian,1
kossman,1
franzmann,1
jeschon,1
abbinanti,1
nosbisch,1
dubuisson,1
thelemaque,1
lefeld,1
muscarella,1
eiler,1
donoho,1
lienke,1
westerfeld,1
sanocki,1
gabor,1
sorlie,1
cliburn,1
hokenson,1
bergsman,1
hankey,1
guzewicz,1
macurdy,1
meskill,1
greiser,1
zachter,1
ketzler,1
yocham,1
arterburn,1
kuehl,1
leidecker,1
searight,1
furblur,1
donchez,1
vanacker,1
terwey,1
arterbury,1
mabin,1
sahady,1
brounson,1
winchenbach,1
gavell,1
longueville,1
paton,1
gabri,1
magness,1
hankel,1
meusa,1
turnmyre,1
hanken,1
sprinzl,1
meuse,1
rallison,1
sampselle,1
mabie,1
meury,1
mckeegan,1
siebenberg,1
coakley,1
latouche,1
boughman,1
lapila,1
schwipps,1
stronach,1
andreessen,1
jethro,1
sainliere,1
heinecke,1
shigematsu,1
kievit,1
stendeback,1
canestro,1
kauffeld,1
patao,1
sorley,1
bergmann,1
minervini,1
pradier,1
buckingham,1
neborak,1
zalusky,1
colier,1
tornow,1
schnelzer,1
stradling,1
woodyard,1
georgiana,1
patak,1
schoettmer,1
vanliere,1
ebron,1
vakil,1
dorris,1
mundschenk,1
lechuga,1
ratleff,1
johnny,1
burridge,1
mable,1
bunner,1
remund,1
lapine,1
schnieders,1
haulter,1
rouhoff,1
shilleh,1
burvine,1
lamarche,1
bejaran,1
aversano,1
hackner,1
tsui,1
hackney,1
zelle,1
shiller,1
henneman,1
galdames,1
hornor,1
gangler,1
petricone,1
wasinger,1
peyre,1
zella,1
jalovel,1
pacholec,1
dorshorst,1
degeyter,1
galpin,1
galdamez,1
stinehelfer,1
tuholski,1
copstead,1
patch,1
zelko,1
cheyne,1
doggett,1
thurton,1
kupiec,1
cherenfant,1
truglia,1
bratcher,1
dirago,1
kiever,1
wonder,1
kacprowski,1
freidman,1
bleakley,1
silberman,1
liter,1
sekuterski,1
lites,1
brooksher,1
ludvik,1
bergmark,1
schliesser,1
tauzin,1
stanislawski,1
jethva,1
kilbert,1
ruzycki,1
pater,1
pates,1
mabon,1
hutcherson,1
liebhardt,1
zelek,1
patel,1
weyers,1
patek,1
vounas,1
mendicino,1
paten,1
buendia,1
heizman,1
archila,1
patee,1
kilberg,1
judice,1
scatenato,1
reindeau,1
rollefson,1
ijams,1
sneeden,1
goswami,1
bondre,1
chrabaszcz,1
hafenbrack,1
crecco,1
moisey,1
sisemore,1
hasson,1
vancura,1
hickethier,1
peatry,1
plocher,1
brookshaw,1
sughrue,1
fitzner,1
hilderbrand,1
sagun,1
marksberry,1
oberhausen,1
clunie,1
clyne,1
griswald,1
fetrow,1
pfister,1
ecklar,1
kauahi,1
kueny,1
pellitteri,1
galper,1
berisha,1
mabra,1
gavett,1
kottsick,1
pappalardo,1
johnso,1
defries,1
turmelle,1
bergmeyer,1
knightstep,1
gradwohl,1
reising,1
charpia,1
bacorn,1
colina,1
plocica,1
hasten,1
hornig,1
yeah,1
houglum,1
profancik,1
hornik,1
pasquin,1
carstarphen,1
rehmann,1
coroniti,1
coughran,1
pieroni,1
picketpin,1
spagnolo,1
machado,1
segoviano,1
lossett,1
litke,1
tomsich,1
oleksiak,1
spagnoli,1
mclaurine,1
estrade,1
assenmacher,1
estrada,1
tinnell,1
litka,1
odgen,1
tomsick,1
scouten,1
douglass,1
odonnell,1
mapalo,1
elmquist,1
colins,1
ghaemmaghami,1
kaminski,1
leutwiler,1
monica,1
funston,1
latorre,1
leicher,1
khay,1
thiesfeld,1
litle,1
harfert,1
tenario,1
khat,1
anastos,1
annon,1
spagnola,1
destefano,1
neufville,1
medure,1
harshaw,1
kham,1
destefani,1
maass,1
paylor,1
khan,1
yeck,1
valdo,1
kaminska,1
roperto,1
rollerson,1
ballestero,1
iannalo,1
julock,1
mound,1
tischer,1
maarx,1
mikhail,1
hesters,1
gilbertson,1
thomlinson,1
puchalla,1
reppond,1
blundell,1
kaminsky,1
jakobson,1
mount,1
arraiol,1
moniak,1
birnbaum,1
skillings,1
gottesman,1
clyde,1
felipa,1
mursko,1
horner,1
staggers,1
hornes,1
sawinski,1
paffrath,1
zwolak,1
horney,1
whitehouse,1
ralphs,1
demarzio,1
pasquel,1
bozenski,1
dinkins,1
springs,1
fossa,1
felipe,1
machain,1
fosse,1
mccandles,1
goade,1
fosso,1
forest,1
valez,1
nogowski,1
sanjose,1
valen,1
valer,1
heibult,1
vales,1
netzer,1
warmoth,1
scripture,1
netzel,1
foste,1
kufalk,1
valek,1
mouse,1
pronto,1
pentaris,1
mousa,1
gabak,1
socks,1
machala,1
estrado,1
rewitzer,1
smyrski,1
sahni,1
stuemke,1
liakos,1
postemski,1
stenehjem,1
hudalla,1
kher,1
iruegas,1
hastin,1
moure,1
hornby,1
moura,1
meehleder,1
hastie,1
glomski,1
haapala,1
stratakos,1
vanorsdale,1
lawrey,1
bacote,1
matelski,1
baltzley,1
marcisak,1
mccammack,1
moury,1
felila,1
harbuck,1
dingillo,1
sherren,1
hawver,1
slusher,1
hornak,1
annis,1
schrauder,1
sherrer,1
sahli,1
mumford,1
nivens,1
castanio,1
lidstrom,1
pasqual,1
schuyler,1
wydeven,1
casasola,1
ramnarine,1
nakamori,1
beulah,1
socia,1
yehl,1
gabay,1
hescock,1
woodbridge,1
mildon,1
alhameed,1
begonia,1
cowans,1
ramseur,1
bernaudo,1
venturino,1
gabby,1
jakobsen,1
socha,1
venturini,1
patry,1
gabel,1
trexler,1
librizzi,1
bullerwell,1
patti,1
hasencamp,1
khim,1
herbolsheimer,1
litty,1
litts,1
gaber,1
patsy,1
varden,1
szyszka,1
wetter,1
garmire,1
nakamoto,1
macconaghy,1
evanoff,1
mcnealey,1
commiskey,1
ficorilli,1
clippinger,1
corkron,1
quaker,1
shiflett,1
patts,1
jaekel,1
drumbore,1
palmucci,1
patty,1
maymon,1
cuzzort,1
tixier,1
annen,1
zarzycki,1
castaner,1
mccomack,1
devries,1
bitler,1
mursch,1
arrollo,1
sarnosky,1
huminski,1
mevis,1
bellingham,1
coward,1
brichetto,1
anastas,1
jinkerson,1
foshay,1
kralik,1
yell,1
liendo,1
choate,1
stobaugh,1
theall,1
hinaman,1
cowart,1
dampier,1
waldeck,1
quoss,1
greulich,1
malvaez,1
peyer,1
puccini,1
dolinsky,1
ostergren,1
goans,1
mcsween,1
ziegenbein,1
witcher,1
dolinski,1
socci,1
witchey,1
zesati,1
foshee,1
mcardle,1
yenz,1
yeboah,1
torner,1
tornes,1
degonia,1
ebsen,1
etzkorn,1
bhayani,1
donota,1
cestia,1
wetherbee,1
southcott,1
scherich,1
stoudmire,1
khoo,1
litza,1
donoso,1
depree,1
frew,1
dominic,1
fret,1
charbonneau,1
dominik,1
frei,1
barnicle,1
cacioppo,1
dominis,1
free,1
donnel,1
aramini,1
fred,1
deprey,1
hoefler,1
donner,1
deprez,1
bardsley,1
saidi,1
chudy,1
endorf,1
bahena,1
saide,1
geigel,1
maack,1
sandusky,1
okuhara,1
geiger,1
tufnell,1
kyllonen,1
goard,1
urmos,1
schappert,1
pearsall,1
caamano,1
rasband,1
pauls,1
marcheski,1
albares,1
haacke,1
chuck,1
miosky,1
dominga,1
stinespring,1
paulk,1
domingo,1
albarez,1
pauli,1
paulo,1
buchler,1
paull,1
monopoli,1
schimandle,1
felice,1
fouch,1
vangorder,1
monios,1
moniot,1
pascale,1
cobourn,1
vangorden,1
gallien,1
pauly,1
kauble,1
gallier,1
bizzell,1
velaquez,1
fithen,1
leones,1
waltmann,1
felico,1
moeckel,1
schnibbe,1
beauford,1
paynes,1
maclean,1
lautman,1
paula,1
maclead,1
paule,1
varble,1
fray,1
gismondi,1
colbath,1
milder,1
oregan,1
miosek,1
trevethan,1
verdusco,1
breckenstein,1
poduska,1
augustyniak,1
frix,1
donnie,1
whetzel,1
sorrells,1
frid,1
dudenhoeffer,1
wierzba,1
langtry,1
zuchelkowski,1
sudbrock,1
frie,1
jeanbaptiste,1
delacy,1
sinkiewicz,1
guthorn,1
westendorf,1
castellonese,1
pradhan,1
tilotta,1
fouhy,1
markman,1
novakovich,1
doebler,1
eimer,1
emond,1
wanland,1
manzanares,1
nagengast,1
sorkin,1
lewczyk,1
leisinger,1
steenhoven,1
chugg,1
vlcek,1
emons,1
saice,1
canellas,1
kaltefleiter,1
gallian,1
ogando,1
bineau,1
eschenbacher,1
gaeddert,1
manzanarez,1
gutting,1
lobaton,1
zeiger,1
scaccia,1
cretsinger,1
nebgen,1
moudy,1
heronemus,1
greenhoward,1
kessans,1
mcdonnel,1
fothergill,1
delaet,1
fendler,1
pekala,1
frey,1
hedgespeth,1
lamborne,1
geigle,1
jhonston,1
fendley,1
thuringer,1
delage,1
cooperman,1
wheetley,1
schimizzi,1
vanbramer,1
boughner,1
mattila,1
chounlapane,1
lisby,1
otomo,1
mignot,1
seebaum,1
madeiros,1
gallion,1
bainbridge,1
conceicao,1
cogburn,1
cassetta,1
peruzzi,1
cassette,1
bradicich,1
emore,1
campanelli,1
plamer,1
hirneise,1
langton,1
zavalza,1
endlich,1
zwolinski,1
cassetty,1
womack,1
laruffa,1
sobus,1
kalvig,1
gallina,1
vangordon,1
joeckel,1
campanella,1
ruschak,1
schunter,1
foulk,1
geoffrion,1
forero,1
westpfahl,1
wachter,1
seabaugh,1
bonilla,1
findling,1
jenab,1
papania,1
wondoloski,1
cuthbert,1
mattina,1
delair,1
kealohanui,1
cepero,1
andreula,1
bracero,1
pekara,1
aavang,1
emory,1
appelgate,1
schronce,1
cucuzza,1
corkran,1
fenwick,1
pauda,1
maahs,1
kenefick,1
colangelo,1
wachtel,1
lawrie,1
barnwell,1
cansibog,1
schappell,1
meservey,1
diffee,1
govostes,1
maggiore,1
wanlass,1
niebyl,1
greenup,1
bonillo,1
fellhauer,1
diffey,1
kaloudis,1
hollington,1
beaufort,1
monier,1
tumulty,1
fromberg,1
donnan,1
dominey,1
degiacomo,1
spezio,1
toalson,1
emoto,1
battersby,1
secrease,1
benkosky,1
dorson,1
cantua,1
radulescu,1
henthorn,1
pannell,1
meduna,1
dekruif,1
fitzgibbon,1
terrence,1
chuba,1
mclennan,1
scholfield,1
chubb,1
ashton,1
burdsall,1
satiago,1
purkhiser,1
moscovic,1
pogue,1
frenette,1
bottalico,1
jovanovich,1
klouda,1
feazell,1
monico,1
otool,1
melillo,1
fron,1
ribera,1
from,1
pexsa,1
forejt,1
jabour,1
messineo,1
laverette,1
ribero,1
mould,1
putzel,1
colclasure,1
lisee,1
schingeck,1
putzer,1
telfair,1
serville,1
brunner,1
belzer,1
delano,1
corpeno,1
mccormack,1
delana,1
roddenberry,1
reifschneider,1
deland,1
voncannon,1
waffenschmidt,1
paugh,1
hidden,1
delang,1
detering,1
marcelynas,1
liverani,1
oregel,1
bacone,1
eckman,1
found,1
wooward,1
zwahlen,1
sampsell,1
seubert,1
dorsay,1
cavalcante,1
saito,1
lapier,1
effner,1
shubin,1
corbley,1
delapp,1
tuccillo,1
hassan,1
satunas,1
delany,1
czerwinski,1
gobbi,1
grefrath,1
gobbo,1
stoffle,1
haning,1
liske,1
tuai,1
mettig,1
almonte,1
lisko,1
vakas,1
ribeiro,1
guilstorf,1
meilleur,1
lobaugh,1
wiskowski,1
harrison,1
bustard,1
faas,1
dorsch,1
allateef,1
liska,1
gedris,1
almanzar,1
harrisow,1
ciubal,1
grybel,1
face,1
sobol,1
delara,1
canute,1
qualle,1
stotsky,1
moises,1
humston,1
sobon,1
vandalsen,1
pishner,1
faby,1
eugley,1
ringelheim,1
eidschun,1
moton,1
czelusniak,1
bowron,1
schaefer,1
guyton,1
hartzheim,1
chute,1
bondoc,1
qualls,1
snuggs,1
safranek,1
eyrich,1
chuta,1
ragins,1
ammerman,1
rickels,1
derubeis,1
rasnake,1
rushanan,1
guidice,1
popowski,1
poggi,1
merriwether,1
clisham,1
abalos,1
fack,1
tormey,1
abaloz,1
johnke,1
oregon,1
dorsey,1
sobin,1
mettle,1
ruschel,1
buzard,1
shoults,1
shoultz,1
sobie,1
murton,1
topliss,1
ringham,1
juariqui,1
hassel,1
hassen,1
ulwelling,1
huebner,1
horman,1
azua,1
hassey,1
mulchrone,1
chobot,1
whitmarsh,1
renzoni,1
delash,1
tuer,1
letlow,1
szlosek,1
crivello,1
lavender,1
crivelli,1
garcilazo,1
fonteboa,1
rotter,1
tuel,1
graboski,1
landreville,1
maynez,1
jenck,1
tuey,1
maynes,1
mayner,1
mewes,1
lawshe,1
ruscher,1
otremba,1
faes,1
bertotti,1
tubb,1
gallipo,1
dobberstein,1
amigon,1
domagall,1
ketterer,1
kulesa,1
heyveld,1
petkus,1
newbell,1
gioffre,1
gober,1
schamburek,1
gobel,1
bakowski,1
moisan,1
fagg,1
goben,1
slovick,1
mccready,1
wetherald,1
urman,1
jamison,1
gacad,1
motta,1
domagala,1
soble,1
henerson,1
gentery,1
pavan,1
pavao,1
lisle,1
tollefsrud,1
vonkrosigk,1
fetsko,1
waterford,1
defrance,1
neumann,1
cookman,1
vasallo,1
szczepaniak,1
rennels,1
defranco,1
hassig,1
tuch,1
doubrava,1
fahl,1
eilts,1
tuck,1
rennell,1
hassin,1
mielsch,1
fago,1
gobea,1
criger,1
chriscoe,1
canupp,1
berning,1
heglin,1
saisa,1
autaubo,1
lohnes,1
dorset,1
palaia,1
goble,1
seigfried,1
marcano,1
creary,1
batterson,1
kregger,1
promer,1
tuia,1
sober,1
chung,1
heiniger,1
fahy,1
huitink,1
levendoski,1
phernetton,1
fahs,1
lickley,1
crease,1
saxman,1
huiting,1
jenny,1
sobey,1
mccreary,1
newbert,1
fail,1
bowren,1
sobel,1
levendosky,1
jenne,1
stoffels,1
bonhomme,1
newbery,1
qualey,1
chunn,1
saile,1
creasy,1
faix,1
dieudonne,1
adduci,1
kuffa,1
vonstaden,1
motts,1
berrocal,1
newbern,1
chuma,1
minister,1
diminno,1
fain,1
sails,1
saleem,1
luckenbill,1
fair,1
creath,1
mccomber,1
bonder,1
newberg,1
fait,1
kufel,1
loughridge,1
pogar,1
baters,1
motte,1
palagi,1
lissy,1
reishus,1
adwell,1
motto,1
ostrowski,1
martling,1
modesto,1
hudkins,1
empey,1
wildhaber,1
stelling,1
modeste,1
zitzloff,1
shubov,1
bernice,1
tuczynski,1
gacek,1
warrell,1
beerbohm,1
tufo,1
rodkey,1
trisdale,1
bernick,1
tuft,1
hanify,1
saini,1
shugrue,1
montegut,1
fake,1
tuff,1
boetcher,1
saine,1
mattocks,1
cumpton,1
parobek,1
mccombie,1
carpentieri,1
cowboy,1
faigley,1
etheridge,1
gobin,1
sainz,1
saint,1
hegler,1
wieseman,1
pautz,1
falk,1
fall,1
shoulta,1
scudder,1
macarthur,1
fala,1
twomey,1
falb,1
zenner,1
salehi,1
falt,1
tuma,1
rosenblum,1
brengle,1
falu,1
schlindwein,1
saleha,1
churn,1
simokat,1
gacke,1
ledbetter,1
fama,1
osbeck,1
svobodny,1
lumbard,1
tull,1
tulk,1
pauza,1
pascall,1
viniard,1
degregorio,1
bernier,1
beranek,1
albury,1
sumption,1
jenks,1
deidrick,1
veeser,1
cepeda,1
famy,1
schwieterman,1
tune,1
murthy,1
hampshire,1
vanclief,1
tung,1
funderburk,1
fane,1
murtha,1
fang,1
funderburg,1
kraker,1
fram,1
reinders,1
fann,1
habegger,1
manfred,1
chura,1
mettee,1
macleod,1
brechtel,1
listi,1
zagrodnik,1
esbensen,1
timmreck,1
dolbeare,1
metter,1
stoffer,1
graczyk,1
fant,1
stoffel,1
lista,1
funderbunk,1
rodkin,1
gacia,1
motamed,1
lebahn,1
gueningsman,1
chupp,1
empie,1
caughey,1
binkley,1
boarman,1
markley,1
wheat,1
mrozek,1
desrosiers,1
shumaker,1
corcuera,1
suneson,1
sosebee,1
hogancamp,1
caracciola,1
lalonde,1
marusiak,1
caracciolo,1
potratz,1
wisser,1
lambrukos,1
wissel,1
maynor,1
qualia,1
manzanero,1
lohwasser,1
wisseh,1
heglar,1
whitehurst,1
stoffey,1
saiki,1
sobba,1
tibbitts,1
nordmeyer,1
stemple,1
montellano,1
biermann,1
musgrove,1
johnshoy,1
genzone,1
udley,1
kucan,1
girellini,1
linzie,1
ellwanger,1
dorward,1
mohaupt,1
basilone,1
jeanjacques,1
rodeiguez,1
desormeau,1
tretina,1
hoesing,1
batterton,1
leighty,1
rodeigues,1
reinke,1
hollenshead,1
dittemore,1
matthys,1
frizell,1
schromen,1
livas,1
feller,1
wagster,1
teverbaugh,1
rodine,1
thaemert,1
kivi,1
colker,1
hartquist,1
boughan,1
sudderth,1
rodina,1
achille,1
coggins,1
stroffolino,1
brooklyn,1
depsky,1
beumer,1
barocio,1
sticher,1
morillo,1
rodino,1
fava,1
groleau,1
hackler,1
stablein,1
letman,1
debuhr,1
salera,1
hackley,1
huisenga,1
mcchesney,1
varela,1
amistoso,1
sedrakyan,1
hamburg,1
corbitt,1
takaoka,1
faux,1
faus,1
faur,1
bickart,1
helfinstine,1
barscewski,1
vaksman,1
elgert,1
faul,1
fasy,1
engbretson,1
vocelka,1
hubric,1
hussain,1
vaiko,1
linzey,1
trimarchi,1
grandmaison,1
fata,1
fath,1
doane,1
kirt,1
schwindt,1
embleton,1
winesberry,1
fate,1
reinen,1
kist,1
kiss,1
vaile,1
reiner,1
suttee,1
bleakney,1
dembinski,1
reines,1
vaill,1
liewald,1
kucel,1
soffa,1
pilkins,1
sutter,1
kish,1
duncan,1
kise,1
sutten,1
vails,1
eikmeier,1
czyrnik,1
madge,1
kucek,1
plessis,1
helling,1
derksen,1
laureano,1
mchardy,1
forden,1
begolli,1
fash,1
beierle,1
fellin,1
dollyhigh,1
glumac,1
quivers,1
dienhart,1
kornfield,1
kirn,1
faso,1
jorden,1
barbrick,1
kirk,1
fass,1
fast,1
spaugh,1
wardell,1
kolling,1
johannsen,1
salemo,1
sisler,1
crosier,1
sesareo,1
fare,1
kolppa,1
farb,1
fara,1
kitz,1
kucha,1
salemi,1
farm,1
rademacher,1
messmore,1
marcell,1
kirkling,1
hanmer,1
vaine,1
fars,1
vilanova,1
madho,1
farr,1
faro,1
stedronsky,1
creese,1
mosbey,1
kita,1
madia,1
kite,1
brewington,1
bowersock,1
carini,1
rickard,1
petitjean,1
tovrea,1
sofer,1
suttie,1
einck,1
carino,1
pavon,1
carina,1
saleme,1
coneway,1
carine,1
paswaters,1
kitt,1
reindl,1
topolski,1
sisley,1
madin,1
bouquin,1
dusenbery,1
schollmeier,1
saulsbery,1
jevnikar,1
ramkissoon,1
bourdages,1
madry,1
peschel,1
suttin,1
wooderson,1
bassette,1
meczywor,1
madre,1
rickford,1
constantine,1
markins,1
degner,1
nygaro,1
speyer,1
delprete,1
tonkin,1
pavis,1
talmage,1
burghart,1
creecy,1
jordan,1
forthman,1
carico,1
nygard,1
calegari,1
weinzetl,1
strawberry,1
sepich,1
koosman,1
caride,1
bagaoisan,1
debusk,1
homiak,1
shireman,1
gibbard,1
weissmann,1
debuse,1
armacost,1
getting,1
binder,1
pavlo,1
mcghehey,1
aluise,1
kinkade,1
pfalzgraf,1
rechichi,1
segner,1
obeirne,1
godbey,1
bindel,1
godbee,1
mcgeever,1
zediker,1
difede,1
suttle,1
burghard,1
saylors,1
casselberry,1
fyall,1
mulqueen,1
crosiar,1
trawick,1
faupel,1
sterger,1
neymeyer,1
masaracchia,1
kjar,1
rutley,1
moscoffian,1
chaidez,1
carias,1
constantino,1
damasco,1
constantini,1
powskey,1
brookman,1
leffert,1
effler,1
bassetti,1
motil,1
leffers,1
honchell,1
gehling,1
remson,1
marceau,1
milloway,1
hovenga,1
vanderveer,1
kemmerlin,1
menghini,1
motes,1
vanderveen,1
degnan,1
dominque,1
schools,1
averitte,1
wedemeyer,1
duncil,1
velazco,1
boucaud,1
kabina,1
wilderman,1
kanakares,1
kinkaid,1
cheeseboro,1
pavek,1
volden,1
mador,1
darthard,1
cambridge,1
mullendore,1
schwendeman,1
pavel,1
balzer,1
bockrath,1
warrick,1
brubach,1
madon,1
bogardus,1
pavey,1
munnis,1
mcquillan,1
lyerly,1
dipolito,1
brannock,1
sutton,1
mckissick,1
wertheimer,1
fordon,1
borzea,1
jentzen,1
thornquist,1
bindas,1
livigni,1
hornbacher,1
ramsden,1
reisher,1
crossett,1
pavia,1
creeks,1
lingenfelter,1
pancheri,1
enamorado,1
brunken,1
cervetti,1
brunker,1
kodish,1
wangler,1
faye,1
brzezicki,1
brundige,1
moten,1
ludtke,1
griesmeyer,1
kampman,1
koelzer,1
chheang,1
leasher,1
gocha,1
paulic,1
corping,1
diberardino,1
demichelis,1
dobbs,1
sahlberg,1
svensen,1
paulik,1
bruffee,1
paulin,1
liljenquist,1
csizmadia,1
unglaub,1
paulis,1
ulbrich,1
merksamer,1
beaumonte,1
lohoff,1
spector,1
mcclung,1
mcclune,1
brodbeck,1
manginelli,1
chesterman,1
sauerwein,1
mcalexander,1
jaradat,1
kufeldt,1
batliner,1
jemerson,1
dinsmore,1
enocencio,1
krough,1
hadaller,1
fairey,1
faires,1
stukowski,1
quesnell,1
starzynski,1
chisolm,1
ruediger,1
frye,1
privalsky,1
damario,1
nansteel,1
nistendirk,1
charron,1
tsakonas,1
raulston,1
padula,1
brendon,1
dinsmoor,1
lyerla,1
zettlemoyer,1
gudgell,1
greengo,1
schontz,1
gatchell,1
fonceca,1
guthrie,1
kieser,1
dobbe,1
egert,1
vajda,1
righthouse,1
buben,1
butzlaff,1
safko,1
remsen,1
fulwood,1
wescott,1
kiesel,1
cousins,1
soens,1
cousino,1
brendle,1
felicia,1
sporman,1
moustafa,1
fouse,1
opitz,1
matacale,1
carbary,1
stroble,1
papallo,1
aarons,1
lindquist,1
trucks,1
lapham,1
mcclurg,1
corredor,1
mcclure,1
yocius,1
greenly,1
kerechanko,1
febles,1
ritterbush,1
greenfeld,1
foute,1
pillitteri,1
colamarino,1
mattier,1
akawanzie,1
heberle,1
winesickle,1
kolkowski,1
toadvine,1
limerick,1
foust,1
jollimore,1
heberly,1
montjoy,1
insco,1
leyden,1
reidling,1
buerger,1
mcquilkin,1
schauland,1
trinidad,1
mosko,1
foutz,1
tustison,1
fouty,1
forbush,1
cibulskas,1
fouts,1
hinzman,1
borowicz,1
gocek,1
rameriez,1
gielow,1
marking,1
buergel,1
ciucci,1
armwood,1
rebold,1
frum,1
nitzkowski,1
reints,1
streller,1
pounder,1
leonti,1
erwin,1
froehlich,1
creech,1
klages,1
borowiec,1
blumenkranz,1
bielicki,1
forcum,1
twyford,1
bubis,1
nesspor,1
myslinski,1
colinger,1
stemper,1
astry,1
sciacca,1
mclennon,1
mattice,1
gunselman,1
galarita,1
janway,1
paulas,1
leithauser,1
mattick,1
mulgrew,1
kjos,1
borowiak,1
hewlett,1
stempel,1
mcglockton,1
greenan,1
howarth,1
abernethy,1
modlin,1
pohlman,1
bongio,1
shanberg,1
grossmann,1
tijernia,1
kiesow,1
soehl,1
specter,1
faaita,1
kenneally,1
vielmas,1
shuart,1
repenning,1
vielman,1
mattias,1
methvin,1
galicinao,1
trew,1
goutremout,1
odien,1
linzan,1
hanawalt,1
maday,1
osucha,1
goleman,1
heberer,1
smedley,1
svenson,1
maden,1
darnley,1
finkenbiner,1
mader,1
fairly,1
mades,1
safar,1
tullison,1
maddy,1
presnall,1
hanlon,1
weichman,1
palleschi,1
drobot,1
quamme,1
zenker,1
scrudato,1
nazareno,1
rosenwald,1
golemba,1
oldfield,1
zeise,1
jekel,1
brickhouse,1
zeiss,1
bonadio,1
drobny,1
wannlund,1
alferez,1
pauley,1
droggitis,1
schnaible,1
buechler,1
sumrell,1
paules,1
ruehlen,1
leonor,1
trucco,1
karnopp,1
sytsma,1
laslie,1
marsingill,1
suriano,1
freidkin,1
janovsek,1
schneiderman,1
trac,1
conaghan,1
guttman,1
trad,1
vanveldhuize,1
methven,1
brenden,1
insko,1
brendel,1
gregoria,1
greener,1
godard,1
ruffner,1
derocher,1
tram,1
pauldo,1
fillmore,1
tran,1
maultasch,1
zeitz,1
sulley,1
brender,1
sullen,1
hopfensperger,1
trax,1
greenen,1
traw,1
vanburen,1
hermsen,1
gocke,1
gregorio,1
veeneman,1
laperriere,1
mosty,1
hidaka,1
madan,1
wendolski,1
kiefert,1
wizwer,1
silcott,1
pefanis,1
rabalais,1
bubar,1
safer,1
relihan,1
ducote,1
schippers,1
dorosh,1
boroski,1
kriegshauser,1
agpaoa,1
ebinger,1
jungwirth,1
buban,1
bubak,1
mutschelknaus,1
rupnick,1
orleans,1
mossa,1
saffo,1
blowers,1
pugliese,1
grajales,1
torpey,1
esmiol,1
sergovia,1
bongle,1
perault,1
mundorf,1
jordon,1
skelley,1
donley,1
vorwald,1
gendernalik,1
marsteller,1
yenner,1
kanatzar,1
joffrion,1
lasley,1
dimucci,1
mitzner,1
kuder,1
troy,1
cheatam,1
kudej,1
houghtling,1
flentroy,1
stroder,1
macki,1
dibari,1
troe,1
carbonneau,1
evanski,1
koskela,1
plageman,1
macke,1
dykes,1
vaccarino,1
ancona,1
tron,1
wetenkamp,1
leavy,1
namisnak,1
heuvelmann,1
heckerman,1
macky,1
angelone,1
knisley,1
hubsch,1
rykiel,1
larousse,1
macks,1
credle,1
fowle,1
macko,1
dummermuth,1
bueche,1
angeloni,1
mauger,1
macha,1
liquet,1
tremelling,1
magarelli,1
pedraza,1
lolling,1
delcid,1
macchione,1
jekot,1
kology,1
siskin,1
faycurry,1
evansky,1
macht,1
cayanan,1
khuu,1
quandt,1
machi,1
eckols,1
khum,1
edrington,1
macho,1
macie,1
chevas,1
lidstone,1
tassoni,1
hanlin,1
macia,1
carozza,1
tassone,1
gonneville,1
theaux,1
buechner,1
shifflette,1
leasy,1
wesberry,1
brannigan,1
schedler,1
macey,1
donlan,1
theard,1
bresolin,1
irias,1
quance,1
oganesian,1
pitchford,1
leask,1
fonville,1
holzboog,1
cheatem,1
leath,1
getty,1
yarbro,1
sherbert,1
stoyanoff,1
dunbar,1
springate,1
seldon,1
getts,1
vahle,1
getto,1
interdonato,1
heckers,1
heckert,1
leary,1
allemand,1
learn,1
dykas,1
mcswain,1
felker,1
leash,1
moryl,1
maughn,1
matsubara,1
lease,1
theurer,1
bubbico,1
thursby,1
theuret,1
felkel,1
manford,1
steffenhagen,1
croshaw,1
carback,1
gersch,1
zuver,1
madeira,1
leard,1
hanley,1
schnider,1
irick,1
piening,1
breitenberg,1
baragona,1
sambrook,1
trio,1
sterett,1
trim,1
khov,1
garrand,1
sagar,1
desilvio,1
khou,1
egger,1
sagal,1
cheater,1
sagan,1
hironaka,1
siskey,1
garinger,1
macek,1
remfert,1
fairbank,1
eggen,1
raulerson,1
grewal,1
ertelt,1
yenney,1
silveira,1
bollier,1
macer,1
volcko,1
liuzza,1
ogasawara,1
schoppe,1
leban,1
petrelli,1
boness,1
dowson,1
renninger,1
bohnenkamp,1
sandella,1
petrello,1
kornegay,1
nasaire,1
mosey,1
aipopo,1
boneta,1
loeffel,1
batteiger,1
ismail,1
degman,1
macri,1
liuzzi,1
forcht,1
petrella,1
mcmindes,1
willadsen,1
rubidoux,1
godby,1
koualeski,1
bourgoine,1
horkey,1
mytych,1
ohlund,1
wozney,1
bollich,1
sevadjian,1
gerson,1
goldizen,1
deroven,1
godde,1
fredell,1
gavilanes,1
milare,1
sponaugle,1
clemmons,1
sorman,1
bjorseth,1
colabella,1
vahey,1
mosha,1
kudla,1
shotwell,1
tarrance,1
oriordan,1
villnave,1
mosho,1
papalia,1
rosebrough,1
stephson,1
zaunbrecher,1
kroupa,1
cerbantes,1
bonett,1
endres,1
godar,1
hildring,1
doeden,1
true,1
bedson,1
milsaps,1
aharon,1
mccluer,1
voorhies,1
schroepfer,1
iafrate,1
rhodarmer,1
godbe,1
lomeli,1
cabanillas,1
chevis,1
kampner,1
vesley,1
garrard,1
sandelin,1
cuzman,1
haspel,1
mccasland,1
blenner,1
elizando,1
villafranca,1
kudro,1
mellekas,1
steffenson,1
kieffer,1
fallenstein,1
ismael,1
ashenfelter,1
stigler,1
grounds,1
credit,1
thibault,1
amesbury,1
fleeting,1
angeloro,1
arietta,1
mosby,1
zeier,1
bonneau,1
mosca,1
borthwick,1
mcgilvery,1
kinlecheeny,1
reisling,1
alhambra,1
bastidas,1
deshayes,1
majercin,1
macon,1
mosco,1
majercik,1
erway,1
hoinacki,1
munhall,1
tartaglia,1
prokup,1
muratore,1
palakiko,1
refsal,1
hackman,1
linsner,1
greyovich,1
mrowka,1
garratt,1
papaleo,1
onofre,1
guarriello,1
pirrone,1
pazmino,1
cheatom,1
postier,1
whitehead,1
tomerlin,1
orgeron,1
khilling,1
tarangelo,1
rutman,1
zurowski,1
eikner,1
deforrest,1
mendizabal,1
haynsworth,1
aubrey,1
premeaux,1
asrari,1
borycz,1
kerbel,1
krouse,1
kerber,1
waldhoff,1
cheves,1
chevez,1
moses,1
moser,1
hasper,1
hightshoe,1
mosen,1
patella,1
haugaard,1
leafe,1
irion,1
vernola,1
andresen,1
janusz,1
gangadyal,1
neuhoff,1
miniard,1
erlanger,1
pauker,1
buchs,1
camerano,1
mcalvain,1
tsau,1
matthey,1
kiebala,1
matthew,1
yarber,1
shorthair,1
kihn,1
matthes,1
kierce,1
barkhimer,1
tsai,1
brandauer,1
ostrzyeki,1
harriston,1
shoffner,1
bonnema,1
landevos,1
morla,1
laurenceau,1
tsao,1
dowtin,1
tsan,1
prokop,1
moroz,1
kier,1
awyie,1
apking,1
adamitis,1
kies,1
bonnell,1
prokos,1
bucey,1
mcquillen,1
nowicki,1
terwillegar,1
kiel,1
mcquiller,1
fioranelli,1
moros,1
quante,1
menlove,1
wyndham,1
moron,1
kazmierski,1
murrie,1
matthis,1
dibben,1
leady,1
lionello,1
murril,1
haydock,1
ellsworth,1
trubey,1
godin,1
koelling,1
murrin,1
paparo,1
wrobleski,1
brackemyre,1
reinsch,1
kerans,1
pedraja,1
buchite,1
gaillard,1
echenique,1
bucek,1
pouncil,1
morna,1
lamagna,1
sagon,1
lovellette,1
nepomuceno,1
labelle,1
morin,1
milani,1
kick,1
ruffolo,1
seidling,1
labella,1
azbill,1
miland,1
landruth,1
irish,1
moris,1
murrow,1
cheung,1
mabus,1
yochum,1
eckenrode,1
lefave,1
friedlander,1
delossanto,1
bonillas,1
montijo,1
morie,1
kidd,1
raggio,1
milano,1
kida,1
bejjani,1
meyer,1
kutner,1
witthoft,1
leach,1
bucke,1
cheatum,1
daruszka,1
embery,1
boynton,1
peeters,1
bucks,1
alvorez,1
bucko,1
kief,1
sahara,1
brokins,1
segota,1
monteiro,1
zajicek,1
kiah,1
pellant,1
broking,1
busenius,1
petronzio,1
weatherington,1
fredeen,1
florestal,1
godek,1
pihlaja,1
godel,1
primrose,1
pelland,1
endris,1
chrabasz,1
wendelken,1
pouncey,1
womble,1
ervin,1
schwartzman,1
kibe,1
colaiacovo,1
autrano,1
adkinson,1
kozlowski,1
faisca,1
degler,1
bardwell,1
banghart,1
spangler,1
jelen,1
mabry,1
diomede,1
donlon,1
reasinger,1
garfield,1
caouette,1
lovorn,1
bucio,1
letourneau,1
kipp,1
bouquet,1
sodek,1
mallicoat,1
yochim,1
tarrants,1
angeloff,1
nardozzi,1
colafrancesco,1
dibble,1
muehleisen,1
birckbichler,1
peavey,1
hoffpavir,1
morva,1
soder,1
pagnozzi,1
derryberry,1
skelly,1
soden,1
prokes,1
pilsner,1
selissen,1
racedo,1
montagna,1
montagne,1
piermont,1
deglow,1
topping,1
bannowsky,1
heacock,1
morua,1
guziczek,1
gretzinger,1
odham,1
fower,1
lantagne,1
toppins,1
horchler,1
brunkow,1
herrarte,1
pisciotti,1
kini,1
nageotte,1
kinn,1
matthai,1
langille,1
pisciotta,1
fraklin,1
kina,1
king,1
nopper,1
kind,1
plakke,1
murrah,1
kine,1
saggese,1
pezez,1
sages,1
broyles,1
sager,1
sagen,1
bonnett,1
sagel,1
pillette,1
jaenke,1
vacheresse,1
harutunian,1
blemel,1
leamy,1
rundlett,1
ettinger,1
murray,1
monteith,1
forbus,1
pinnock,1
skepple,1
girmazion,1
deffibaugh,1
sturrock,1
faison,1
sheffield,1
hanifan,1
muether,1
kins,1
weisinger,1
selden,1
hansson,1
brunnett,1
kint,1
slicker,1
moultrie,1
grastorf,1
kile,1
westenhaver,1
laskin,1
kilb,1
godoy,1
grieshop,1
grever,1
kill,1
teruel,1
whitehorse,1
sobolik,1
stiteler,1
mulholland,1
klosky,1
zeidan,1
hankin,1
travelstead,1
giaimo,1
kiko,1
rodick,1
miernik,1
sheroan,1
morra,1
adelman,1
scaglione,1
summerhays,1
mancinelli,1
heykoop,1
lahrman,1
willinger,1
vlach,1
malekzadeh,1
bucco,1
kime,1
kloska,1
bucci,1
leaks,1
donlin,1
leckband,1
kimm,1
sodhi,1
mansukhani,1
beverage,1
scherler,1
jelks,1
mozgala,1
papale,1
triplet,1
delmonte,1
leake,1
enomoto,1
szumigala,1
morse,1
hollinrake,1
bicksler,1
gutches,1
cieszynski,1
leahy,1
seidlitz,1
oudekerk,1
biagini,1
jelle,1
mcnutt,1
morss,1
wohler,1
sephus,1
murrey,1
matamoros,1
bolling,1
printers,1
deuink,1
morta,1
morre,1
montiel,1
goicoechea,1
montier,1
sanasith,1
hankla,1
bastidos,1
mccrohan,1
arzilli,1
wondra,1
seldin,1
morro,1
schnicke,1
gardocki,1
altavilla,1
ashraf,1
beaumier,1
laskey,1
faerber,1
vitatoe,1
sonkens,1
digsby,1
newcomer,1
arvizo,1
arvizu,1
arballo,1
chisler,1
purol,1
rothhaupt,1
jee,1
cepas,1
chisley,1
stickman,1
hollier,1
jen,1
petsche,1
jew,1
jex,1
pittsinger,1
jez,1
jes,1
omundson,1
roszell,1
schooler,1
tozier,1
gerckens,1
overton,1
schooley,1
konopacki,1
thoben,1
bodwell,1
uhrich,1
liptrot,1
guire,1
scharpman,1
konopacky,1
gelles,1
givant,1
trippel,1
arzabala,1
quitedo,1
geller,1
fijalkowski,1
trippet,1
villafane,1
danielson,1
tumminello,1
swearegene,1
teramoto,1
schlachter,1
guise,1
freiser,1
labonville,1
plaxco,1
ordoyne,1
solecki,1
rasul,1
lafreniere,1
avino,1
westerlund,1
guesman,1
stearnes,1
royer,1
ianni,1
fenelus,1
benware,1
benward,1
avina,1
benwarc,1
depont,1
guith,1
jae,1
ditmars,1
drop,1
bubert,1
seratt,1
royea,1
ackins,1
droy,1
trottier,1
droz,1
fuerman,1
rebello,1
peightell,1
jan,1
minassian,1
grandel,1
verbasco,1
drow,1
ambrogi,1
tabicas,1
jepson,1
mileti,1
guinn,1
riquelme,1
boitnott,1
jay,1
murnan,1
jax,1
kennemuth,1
warnick,1
lenherr,1
havnen,1
salsman,1
sueltenfuss,1
avila,1
havner,1
raspa,1
guion,1
arendall,1
dexter,1
arendale,1
pelote,1
danielski,1
montesino,1
landkamer,1
royce,1
gellis,1
negrin,1
croston,1
rasor,1
dimarzo,1
kleiboeker,1
arviso,1
telander,1
gumbel,1
dickenson,1
euton,1
pelosi,1
logue,1
vogelgesang,1
stubson,1
laughridge,1
bystron,1
wisterman,1
bystrom,1
wallbrown,1
elfering,1
hussong,1
buenger,1
esshaki,1
yonkoske,1
milera,1
jaksic,1
cepin,1
veiga,1
peight,1
royal,1
vanderweide,1
goshow,1
zentner,1
peloso,1
hilsgen,1
whisenhunt,1
chukes,1
grandin,1
chalfant,1
goldsberry,1
vancampen,1
frenger,1
conforme,1
delalla,1
sherrange,1
baillargeon,1
holling,1
hathcoat,1
ennenga,1
ortner,1
delallo,1
tyburski,1
summerton,1
fenelon,1
rongstad,1
wilbur,1
joa,1
job,1
mottillo,1
ackiss,1
winchell,1
dretzka,1
shreckengost,1
winland,1
goshay,1
stottlemyer,1
lindmeyer,1
jou,1
cannizzaro,1
koverman,1
joy,1
ungvarsky,1
schubach,1
duerst,1
widmann,1
joh,1
hiedeman,1
megahan,1
joe,1
rebeles,1
hofmans,1
provitt,1
joo,1
hofmann,1
kornbau,1
dudding,1
wigley,1
devilliers,1
jennkie,1
hollins,1
shahbaz,1
lapiana,1
guntert,1
stonebarger,1
sargetakis,1
wuensch,1
lakeman,1
kercado,1
knappe,1
bakshi,1
taulbee,1
andrson,1
serban,1
warning,1
mcaffee,1
prag,1
guity,1
prak,1
jim,1
jin,1
purce,1
compston,1
crosten,1
prat,1
lascurain,1
pray,1
mittiga,1
lynchj,1
danielsen,1
liptrap,1
loveall,1
milelr,1
andry,1
schaeffler,1
weinrich,1
morreale,1
outhouse,1
councilman,1
goshen,1
arendash,1
ricord,1
balogun,1
andre,1
ahlers,1
neigenfind,1
nunnelley,1
raska,1
andra,1
raske,1
ryant,1
monetti,1
kamnik,1
borgstede,1
ryans,1
grandos,1
vemura,1
meeuwsen,1
fasenmyer,1
mcdermett,1
grandon,1
geesaman,1
tschannen,1
hedgepeth,1
vallarta,1
hathcock,1
munsell,1
drum,1
sjodin,1
purdy,1
lujano,1
monette,1
wehrmann,1
drue,1
mckinzy,1
augustave,1
sleeth,1
hanger,1
bartram,1
rayside,1
ryals,1
cleghorn,1
widmark,1
nichois,1
grajek,1
tabatabai,1
bettley,1
wilcox,1
ito,1
elliott,1
zanfardino,1
spuhler,1
pajerski,1
zecher,1
roefaro,1
leigers,1
zeches,1
lagrand,1
suleiman,1
squines,1
scoleri,1
corell,1
dombroski,1
rathe,1
witham,1
oetzel,1
shepperson,1
thacker,1
mcwhite,1
dombrosky,1
prey,1
nachazel,1
prez,1
lohan,1
zelenski,1
burgette,1
andon,1
scheffler,1
treider,1
andoh,1
shellenberger,1
medaries,1
prem,1
latsko,1
goldhahn,1
mrozinski,1
fuscaldo,1
delbridge,1
gawith,1
alderson,1
corchado,1
lanford,1
ith,1
schwartzwalde,1
sylvester,1
pree,1
fleischmann,1
coreil,1
celentano,1
deaguero,1
emmer,1
riggsbee,1
whittenburg,1
ivy,1
karella,1
mcwhirt,1
bancroft,1
mulkins,1
emmel,1
aakre,1
bonebrake,1
heuett,1
rigerman,1
lavista,1
lagrant,1
liebenthal,1
passantino,1
kolker,1
hallczuk,1
sirrine,1
kastanes,1
rater,1
wrenn,1
eastling,1
boesiger,1
packebush,1
knapik,1
elfers,1
ratel,1
pusch,1
clendaniel,1
bruckman,1
wiatrek,1
elfert,1
mcgilvray,1
withee,1
chaidy,1
bouvia,1
kaniecki,1
muckle,1
shofestall,1
veitz,1
hercules,1
delinois,1
keodalah,1
solies,1
withem,1
solien,1
andis,1
bedsaul,1
wosher,1
shoemaker,1
beresnyak,1
schieffer,1
friends,1
lorusso,1
meixelberger,1
buffkin,1
sobenes,1
withey,1
ion,1
vallario,1
torigian,1
bacman,1
nichols,1
knapke,1
stukenborg,1
stolzenburg,1
veith,1
vaden,1
zwinger,1
ashbourne,1
fingerson,1
delongis,1
lightning,1
prim,1
bannister,1
torreblanca,1
latson,1
brozeski,1
nichole,1
shover,1
nicholl,1
hanhan,1
knapko,1
joslyn,1
dimario,1
nogosek,1
sifers,1
irr,1
delaluz,1
pogorelc,1
cottingham,1
dimaria,1
whitesinger,1
blakenship,1
soledad,1
shurtleff,1
simoens,1
isa,1
bazata,1
stillings,1
telchik,1
werkmeister,1
greenberg,1
isacson,1
vonruden,1
maisonet,1
wiatrak,1
sticklin,1
schulthess,1
cephas,1
rothgeb,1
kukahiko,1
deppen,1
rataj,1
lagrave,1
osment,1
hamberlin,1
filteau,1
schwizer,1
andes,1
liming,1
ander,1
bartron,1
dray,1
tienken,1
solian,1
bartrop,1
cobham,1
geissler,1
swackhammer,1
semler,1
badders,1
vizarro,1
carbery,1
leonello,1
geddie,1
phibbs,1
consolini,1
kuretich,1
lamoreau,1
itkin,1
solich,1
eastlick,1
magraw,1
bridenbaker,1
joslin,1
infield,1
masztal,1
swanagan,1
gerecke,1
gelman,1
lehmann,1
negron,1
mckinny,1
conradt,1
rauhecker,1
conrady,1
hoberek,1
hubright,1
coreas,1
schwoerer,1
burgardt,1
monforte,1
gensler,1
hendrixson,1
tasler,1
nagorski,1
prok,1
vinsant,1
mckinna,1
macareno,1
kynard,1
riggenbach,1
proa,1
sundholm,1
prow,1
joosten,1
bannerman,1
bourlier,1
rosbough,1
lefthand,1
stodola,1
seddon,1
petzel,1
proo,1
prom,1
jaksch,1
andel,1
geddes,1
konowal,1
serano,1
kopple,1
lohman,1
pooser,1
draa,1
fairleigh,1
stageman,1
ravitz,1
kreamer,1
doughman,1
butman,1
iyo,1
catani,1
catano,1
varughese,1
jarrette,1
ferroni,1
ferrone,1
latsha,1
goebel,1
drew,1
drey,1
delamar,1
cridge,1
veile,1
hnat,1
muckel,1
koppen,1
dimarco,1
koppel,1
blanquart,1
schultheis,1
sylvestre,1
gewant,1
koppes,1
kopper,1
waldall,1
cavaiani,1
fielding,1
armstead,1
chaobal,1
raddatz,1
conradi,1
rozier,1
vanstrom,1
makino,1
catala,1
cherrin,1
makins,1
ackies,1
gloodt,1
drda,1
coreen,1
landazuri,1
duntley,1
overson,1
swauger,1
muckey,1
bamfield,1
swedberg,1
osmera,1
bielawski,1
yoshimura,1
geddis,1
baffuto,1
marinaro,1
corseri,1
veino,1
jepsen,1
kulbeth,1
blyler,1
hunkele,1
leonelli,1
loreaux,1
osmers,1
leahey,1
sperrey,1
thobbs,1
gianni,1
calamari,1
calamare,1
kim,1
kil,1
hungate,1
corbisiero,1
einfeldt,1
langsdale,1
kie,1
crider,1
kid,1
keiper,1
dobbins,1
arciniega,1
kin,1
kio,1
kip,1
blach,1
black,1
lohse,1
cherrez,1
hvizdos,1
colasacco,1
barsegyan,1
delgatto,1
mcintosh,1
hackleman,1
tripodi,1
knoebel,1
otake,1
daryanl,1
lohry,1
huxley,1
otinger,1
dhosane,1
vaeth,1
dolecki,1
lohre,1
hlad,1
millener,1
sandmeier,1
elbaum,1
cherrie,1
beezley,1
stiger,1
prus,1
gerstner,1
coffland,1
powsey,1
summerset,1
krusen,1
digiacomo,1
haczynski,1
prue,1
lengle,1
sprowl,1
schurman,1
prum,1
babcock,1
kha,1
lyndon,1
beauchemin,1
schaalma,1
khu,1
rupright,1
lawrance,1
marovic,1
kho,1
khn,1
vaeza,1
zarlingo,1
sonoski,1
tielking,1
ojanen,1
kea,1
kurtich,1
kee,1
mcmanigal,1
hudson,1
keh,1
dallaire,1
kem,1
wholey,1
rocker,1
zumpano,1
stavish,1
keo,1
ken,1
galeazzi,1
otano,1
rockey,1
sprott,1
lenger,1
ker,1
somvang,1
ket,1
joelson,1
kew,1
capetillo,1
otani,1
dreesman,1
erlewine,1
key,1
lengel,1
serbus,1
simens,1
corgan,1
urdiano,1
fehringer,1
mittelstadt,1
fawbush,1
sproul,1
dardagnac,1
sprout,1
persson,1
prinzivalli,1
lochotzki,1
laskoskie,1
boileau,1
muphy,1
mysinger,1
retamar,1
carlisle,1
phommaseng,1
horwood,1
irigoyen,1
benjamine,1
dingmann,1
calumag,1
rothfus,1
simeon,1
aquilar,1
bleyer,1
prys,1
serravalli,1
thruthley,1
brabston,1
neering,1
roxas,1
prye,1
heltzel,1
emenaha,1
portalatin,1
tysseling,1
heying,1
breighner,1
caldoron,1
verhaag,1
jenkerson,1
elsbury,1
shackle,1
detter,1
kollos,1
detten,1
guidera,1
bettencourt,1
magobet,1
castaldo,1
hellstrom,1
ainge,1
castaldi,1
trillas,1
dickhoff,1
elazegui,1
simers,1
ramones,1
gosier,1
kry,1
berkoff,1
kryder,1
thoams,1
mastropaolo,1
tripoli,1
agustin,1
kettell,1
fetherston,1
szczurek,1
nwakanma,1
loessberg,1
ramonez,1
nossett,1
polosky,1
peecha,1
perteet,1
beaudreault,1
gumaer,1
sheladia,1
shoptaw,1
jurney,1
sweany,1
koy,1
burruss,1
vanduyn,1
sprong,1
kot,1
packineau,1
kou,1
kos,1
kor,1
koo,1
kon,1
rafail,1
kol,1
kok,1
fosburgh,1
algarin,1
gillies,1
leibold,1
koh,1
alcock,1
swett,1
swets,1
koe,1
langworthy,1
johanningmeie,1
niedbalec,1
delger,1
drapeau,1
gopen,1
yacavone,1
parkins,1
tigue,1
heflin,1
carabello,1
prause,1
sprole,1
ourada,1
schleppenbach,1
gillice,1
gutkin,1
gillick,1
cozort,1
gillich,1
tippery,1
reatherford,1
rarey,1
mckirryher,1
neuhart,1
wynder,1
sharrieff,1
summerson,1
stickney,1
zuckerberg,1
chowning,1
hildreth,1
therriault,1
caponigro,1
league,1
fritsch,1
schoenwetter,1
koc,1
drehmer,1
clevland,1
pusey,1
cronauer,1
dannhaus,1
pierini,1
conrath,1
rafael,1
rzeszutko,1
litster,1
vicory,1
ortolf,1
vermeulen,1
aines,1
mulhearn,1
folland,1
tiblier,1
tippets,1
triana,1
triano,1
tippett,1
gillian,1
gilliam,1
blasingim,1
szitar,1
maisenbacher,1
mcloone,1
dolecek,1
bridgeforth,1
gopin,1
owusu,1
hindley,1
hefley,1
ketterl,1
gopie,1
hefler,1
neuhaus,1
kvoeschen,1
quaintance,1
sarabando,1
guida,1
mceachron,1
gehlert,1
woetzel,1
bradrick,1
delfin,1
ellerbusch,1
francesconi,1
gillins,1
gilbeau,1
kunsman,1
tupy,1
scearce,1
francescone,1
hindman,1
parrinello,1
conforti,1
schupbach,1
penfold,1
stallbaumer,1
rybka,1
gilling,1
rasco,1
severt,1
severs,1
guice,1
turi,1
turk,1
skiles,1
penoyer,1
severy,1
brixner,1
tippens,1
marsters,1
alderton,1
levoci,1
heckstall,1
lesches,1
showen,1
schlinger,1
gilliom,1
rasch,1
gillion,1
rowse,1
showes,1
kazanowski,1
stanwood,1
contorno,1
woodell,1
dubiansky,1
goold,1
koudelka,1
guiao,1
azevedo,1
vredenburg,1
shibata,1
wigman,1
bellerose,1
bermingham,1
gowler,1
youkanaa,1
aluqdah,1
raser,1
guiab,1
lowdermilk,1
koller,1
trible,1
jun,1
tupa,1
isaiah,1
rasey,1
conforto,1
casparis,1
vivian,1
kollen,1
bordwell,1
dashem,1
clymer,1
hawrylak,1
dasher,1
gassner,1
kamper,1
ramming,1
russomano,1
kampen,1
sherburne,1
rownd,1
dilick,1
erhart,1
coachman,1
fagnant,1
wilbon,1
tutt,1
jui,1
ovington,1
wailes,1
wetzel,1
jue,1
seabrook,1
cranker,1
heredia,1
triller,1
lotton,1
tousom,1
arismendez,1
soplop,1
alessandro,1
parayno,1
orlander,1
rhinerson,1
burruel,1
rafala,1
houchens,1
erhard,1
rudzinski,1
caspers,1
dupuis,1
stensland,1
noblett,1
curella,1
severo,1
orbison,1
severn,1
kleffman,1
hostler,1
norlund,1
severi,1
pimpare,1
rensberger,1
holtman,1
sollman,1
severe,1
rybij,1
tusa,1
hupman,1
severa,1
krumholz,1
proudfoot,1
kollar,1
schwartzberg,1
fagnani,1
tighe,1
cerenzia,1
mcclenningham,1
sianez,1
clyman,1
ancic,1
caridine,1
vehrs,1
vivier,1
huereca,1
crittle,1
seigle,1
bennin,1
franssen,1
tiggs,1
depetris,1
schweinberg,1
tribby,1
pfefferle,1
dicaro,1
harclerode,1
bennis,1
rabjohn,1
gurwitz,1
oyston,1
critton,1
pultorak,1
spayer,1
schlauch,1
woodert,1
bettman,1
kidder,1
guill,1
mihara,1
merola,1
iwanski,1
kaz,1
guile,1
semmel,1
guild,1
ancar,1
kay,1
hutching,1
cheshire,1
kar,1
rickerl,1
kap,1
rickers,1
kan,1
semmes,1
kao,1
minvielle,1
kam,1
lusardi,1
suddath,1
rickert,1
kah,1
goncalves,1
kai,1
gootz,1
krusor,1
dicara,1
bennie,1
antignani,1
ulstad,1
sheilds,1
tewari,1
heffley,1
tiger,1
macksoud,1
sablan,1
dotstry,1
bozzone,1
gritman,1
schwamberger,1
liesmann,1
merone,1
alcorn,1
petrocco,1
wilber,1
boiles,1
mucciolo,1
stoudemire,1
loughlin,1
mcilvain,1
rickett,1
rowls,1
ancel,1
peifer,1
lattea,1
rivello,1
dobosz,1
foisy,1
darocha,1
latten,1
rivelli,1
hutchins,1
loiko,1
wholly,1
kewish,1
singerman,1
dobosh,1
southworth,1
eblen,1
schurkamp,1
tousey,1
rowey,1
perrault,1
rower,1
butner,1
euser,1
rowen,1
schnelle,1
woodend,1
kercheff,1
benner,1
bennes,1
bennet,1
cadavieco,1
soape,1
sasportas,1
benney,1
gemmell,1
alcott,1
dwight,1
gilliss,1
licudine,1
nikkel,1
soans,1
pioske,1
altaras,1
schanding,1
guiga,1
sportsman,1
heffler,1
vanderheide,1
sablea,1
gelner,1
tigar,1
toline,1
heisner,1
ohlmann,1
reeber,1
butterbaugh,1
windisch,1
faustman,1
fumero,1
guiel,1
sables,1
villafana,1
depolo,1
guier,1
mccathern,1
avita,1
dipanfilo,1
rappaport,1
fattore,1
abrachinsky,1
chajon,1
amerio,1
futrelle,1
tarasuik,1
soard,1
newcombe,1
laterza,1
dodsworth,1
guidi,1
kuruvilla,1
labeau,1
lattin,1
guido,1
mceachran,1
rivenberg,1
bruckner,1
berkenbile,1
labean,1
lombardo,1
stillions,1
degunya,1
lattig,1
delancy,1
niverson,1
lombardi,1
blacksmith,1
omura,1
boeckx,1
eblin,1
kellaway,1
rybak,1
quackenbush,1
vlloa,1
guieb,1
anderholm,1
goodenow,1
colemen,1
mazzucco,1
musni,1
westland,1
labaro,1
manemann,1
timmel,1
kuang,1
iversen,1
labarr,1
rumford,1
ebner,1
sojourner,1
trupiano,1
offerman,1
leakes,1
haneke,1
alonzo,1
wrisley,1
dilligard,1
swiat,1
haymans,1
tatsapaugh,1
wendelberger,1
alonza,1
rothery,1
hernanez,1
urteaga,1
sedano,1
cothern,1
kiddle,1
koulavongsa,1
scarsella,1
cleavenger,1
vranich,1
heckenberg,1
merrow,1
shubert,1
labate,1
tyms,1
salamone,1
geringer,1
humpert,1
rardon,1
trewhitt,1
aikey,1
essman,1
kirkbride,1
sollors,1
figuera,1
deturenne,1
chevrette,1
kratofil,1
labatt,1
efron,1
gangloff,1
sanosyan,1
alsheimer,1
westphal,1
sandahl,1
cianfrani,1
elizalde,1
aiken,1
shotts,1
murphy,1
livernash,1
olinger,1
farago,1
frodsham,1
thistlethwait,1
timmer,1
bartosh,1
willmes,1
bagoyo,1
tyma,1
cournoyer,1
edenfield,1
liebau,1
bartosz,1
ham,1
ogilvie,1
oakes,1
han,1
setchell,1
hao,1
peeden,1
hai,1
masood,1
jenning,1
coleman,1
hal,1
gonya,1
hau,1
mccaughey,1
haw,1
oakey,1
drossos,1
haq,1
herkenratt,1
har,1
has,1
jennins,1
flinner,1
gonyo,1
swida,1
kallaher,1
jaworowski,1
wagenknecht,1
timmis,1
maeweather,1
moorcroft,1
muska,1
muske,1
claybaugh,1
knotek,1
mcgaugh,1
kajder,1
vanantwerp,1
parchman,1
dulong,1
delange,1
albiston,1
ekholm,1
schirpke,1
hay,1
krisher,1
purkerson,1
knoten,1
garramone,1
gawlik,1
shaneyfelt,1
cofrancesco,1
paronto,1
bartone,1
mccoubrey,1
zanardi,1
mcgaffee,1
kaszynski,1
delaney,1
aikin,1
marsalis,1
marquess,1
tridenti,1
altizer,1
modine,1
vivion,1
sandall,1
bushell,1
music,1
galleno,1
biskach,1
masone,1
putty,1
mcintrye,1
daleske,1
willman,1
noeldner,1
faraci,1
outhier,1
secrist,1
liskovec,1
musil,1
schiermeier,1
rubison,1
faraco,1
rowan,1
merrit,1
pleasants,1
wooters,1
welsch,1
cerio,1
caminiti,1
janvier,1
farace,1
oldham,1
alonso,1
lyness,1
laverdure,1
struble,1
seikel,1
swick,1
sekulski,1
giannakopoulo,1
caminita,1
mcgaffey,1
schweyen,1
tiefenbrun,1
millisor,1
kinahan,1
figgs,1
boilard,1
hee,1
balistreri,1
shiraki,1
mccaughan,1
maddison,1
goudelock,1
niederhaus,1
millison,1
birkhimer,1
kniceley,1
misiaszek,1
hey,1
merril,1
hew,1
figge,1
heu,1
lynema,1
merrih,1
modica,1
cerar,1
her,1
arbogast,1
corrales,1
peedin,1
aspell,1
hem,1
schabacker,1
emlay,1
vivino,1
pratts,1
shiffer,1
keimig,1
masoud,1
yeskey,1
berkley,1
elnicki,1
apolinar,1
gegenheimer,1
cerce,1
hudgins,1
warrior,1
wershey,1
pratte,1
dosier,1
googe,1
weingart,1
renicker,1
hannemann,1
jehlicka,1
laverdiere,1
lajeunesse,1
rothrock,1
lazarczyk,1
nikirk,1
gillham,1
willmon,1
musty,1
galleta,1
fishburn,1
cerda,1
vancooten,1
verhoff,1
tyus,1
cercy,1
musto,1
goforth,1
langhorne,1
tribou,1
gallery,1
cereo,1
greytak,1
vogler,1
merren,1
bruning,1
aitcheson,1
gallese,1
overpeck,1
kamler,1
warring,1
digiorgi,1
macnamee,1
goetter,1
nhatsavang,1
goettel,1
debonis,1
chalet,1
bossenbroek,1
gallero,1
tewell,1
grazier,1
kiyabu,1
prator,1
blumstein,1
mussa,1
hin,1
ladebauche,1
him,1
tutino,1
musse,1
mccamish,1
mickenheim,1
kulwicki,1
hix,1
peagler,1
aquino,1
tyon,1
liebig,1
ptak,1
lamendola,1
renfrew,1
delanoy,1
mcentegart,1
ziobro,1
frieler,1
lattus,1
henaire,1
baumgarter,1
sultemeier,1
medicine,1
aldrege,1
mailliard,1
kapperman,1
cichowski,1
preseren,1
schlather,1
eckhoff,1
baumgarten,1
krishna,1
baumgartel,1
goettle,1
dellapaolera,1
fleurissaint,1
pleasure,1
sallings,1
odonovan,1
dergance,1
labady,1
cammarn,1
tribue,1
guadagno,1
musso,1
gooch,1
spraker,1
huntsberger,1
langhorst,1
goody,1
reedus,1
schiefelbein,1
tyra,1
goods,1
zarling,1
tyre,1
lueker,1
weingard,1
goettig,1
hernande,1
kershaw,1
hernandz,1
hoffert,1
goode,1
hernando,1
hasselvander,1
bakula,1
sandate,1
andruss,1
enrico,1
malizia,1
liebel,1
cerao,1
tomasino,1
lieber,1
sanacore,1
tomasini,1
curtsinger,1
vanorsouw,1
bergstrom,1
stribling,1
palmrose,1
orsborn,1
czubia,1
brousard,1
ybos,1
swire,1
volmink,1
dehaas,1
cabbagestalk,1
laitinen,1
scerbo,1
delena,1
varillas,1
mcelhone,1
magoon,1
brunjes,1
dehaan,1
katzenberger,1
flaxman,1
martnez,1
krupka,1
anneler,1
katynski,1
niemczyk,1
kuypers,1
krupke,1
kleppe,1
mcendarfer,1
nunnelee,1
inklebarger,1
churches,1
mersch,1
stenner,1
pratka,1
sledge,1
pensinger,1
arroliga,1
riveiro,1
olivencia,1
nesbit,1
scercy,1
schwaderer,1
sproat,1
feagin,1
gebrayel,1
touton,1
marcoguisepp,1
zebracki,1
velunza,1
goe,1
dowd,1
dowe,1
mellors,1
winkfield,1
mcburrows,1
shubeck,1
bognuda,1
schlater,1
inniss,1
langbein,1
dillis,1
alongi,1
dillin,1
unterburger,1
alonge,1
wiland,1
labbee,1
hotchkin,1
sadvary,1
dillie,1
kubal,1
frankina,1
manzueta,1
magone,1
gralak,1
kuban,1
abilay,1
kubat,1
gassman,1
clynes,1
kubas,1
heglund,1
domanski,1
alcantas,1
alcantar,1
woodfin,1
swint,1
schwuchow,1
jackovitz,1
kleinknecht,1
triche,1
bachicha,1
down,1
interiano,1
swink,1
toenges,1
sprock,1
skorupa,1
kolmer,1
ostroski,1
renfroe,1
doty,1
portman,1
sterpka,1
hullings,1
doud,1
doub,1
doto,1
preisach,1
ostrosky,1
buonaiuto,1
capizzi,1
rodriuez,1
reiniger,1
macallister,1
lojek,1
langbehn,1
goy,1
hantula,1
siegers,1
symanski,1
siegert,1
mcfetridge,1
knotts,1
krishun,1
dove,1
roylance,1
goh,1
schmollinger,1
edington,1
odonnel,1
goo,1
diciano,1
goodly,1
kruppa,1
gou,1
molpus,1
gow,1
dory,1
raybuck,1
amundson,1
diller,1
mckahan,1
gillmore,1
dufrene,1
dose,1
prater,1
dilley,1
swiss,1
gonzaga,1
gionet,1
stidstone,1
swist,1
cerza,1
dorn,1
caselden,1
dorl,1
dorr,1
dillen,1
doro,1
shacklett,1
dort,1
clogston,1
hromek,1
abilez,1
kubes,1
sauers,1
griswold,1
catignani,1
dosh,1
helmbrecht,1
renfrow,1
curleyhair,1
satterwhite,1
colemon,1
doss,1
dost,1
cribbs,1
mazzuca,1
vandunk,1
spackman,1
stearman,1
goodin,1
spinetti,1
milham,1
penwell,1
strubel,1
mendillo,1
loveday,1
noggler,1
noggles,1
rover,1
gum,1
spiewak,1
gunther,1
berryhill,1
calmese,1
rosenberger,1
gue,1
struber,1
xayasith,1
backen,1
backer,1
mathiew,1
backes,1
nasworthy,1
mathieu,1
parfait,1
backey,1
kazmorck,1
goodie,1
alameida,1
feagan,1
melcher,1
cerri,1
mathies,1
mckague,1
marquena,1
rarden,1
tyce,1
hargraves,1
kostelnick,1
kubic,1
salyards,1
pittari,1
raque,1
cerva,1
bommer,1
mcgavock,1
kubie,1
pittard,1
kubik,1
musel,1
paulos,1
caselton,1
sackrider,1
vessella,1
scheuers,1
dallmeyer,1
grasmuck,1
ekhoff,1
kubin,1
dioneff,1
marcantonio,1
magoun,1
guz,1
brummitt,1
guy,1
gut,1
kniesel,1
tyer,1
gun,1
guo,1
granlund,1
kubis,1
sramek,1
nachor,1
shettleroe,1
shupert,1
tyska,1
swift,1
garrette,1
oishi,1
bisikirski,1
musco,1
gawlak,1
tukuafa,1
karaffa,1
shinholster,1
dillon,1
gooden,1
musch,1
swimm,1
swims,1
gooder,1
dillow,1
paulus,1
buysse,1
strakbein,1
kuzniar,1
mellott,1
golanski,1
benker,1
knecht,1
diruzzo,1
ceron,1
cachero,1
amundsen,1
swing,1
benken,1
musca,1
sevier,1
srygley,1
euvrard,1
stennis,1
vanhoecke,1
kurland,1
consalvo,1
brezinka,1
lippold,1
clukey,1
tanweer,1
feagen,1
feezor,1
cerny,1
mathias,1
homestead,1
youngquist,1
cerna,1
sandage,1
granata,1
rardin,1
gawlas,1
lamantagne,1
granath,1
cerni,1
pinnick,1
donerson,1
haeder,1
granato,1
sevick,1
saltonstall,1
carnathan,1
cammack,1
zweig,1
israel,1
santeramo,1
panrell,1
cerra,1
dambra,1
johnikins,1
hackenmiller,1
cheslock,1
hansmann,1
rothell,1
grulkey,1
martorano,1
overholtzer,1
kubly,1
rumfola,1
deleon,1
ozenne,1
emerton,1
yashinski,1
kolman,1
tysor,1
wierschen,1
wierschem,1
gallego,1
bombardier,1
dilleshaw,1
depner,1
driesel,1
scerra,1
buening,1
strubbe,1
tyson,1
rances,1
simcic,1
anast,1
cobine,1
bamburg,1
knebel,1
lori,1
rawlings,1
lisena,1
mcparland,1
lora,1
rapin,1
wademan,1
lord,1
singler,1
lore,1
donten,1
singley,1
aquas,1
helmbright,1
saugis,1
ortman,1
vassell,1
ramagano,1
brierre,1
gammons,1
rosenstein,1
hjalmarson,1
leneau,1
abuaita,1
gammond,1
sulivan,1
chinchilla,1
korinta,1
pijanowski,1
lopp,1
iba,1
dimitriou,1
fillyaw,1
lope,1
lapidus,1
essner,1
rockymore,1
perelman,1
kolmetz,1
rapko,1
buttrick,1
guffy,1
crockett,1
deardorff,1
shouts,1
emerson,1
striffler,1
doig,1
loop,1
loos,1
wrede,1
amante,1
anauo,1
doil,1
martorana,1
possick,1
look,1
looi,1
dohm,1
mcdermid,1
dohn,1
shouse,1
schwarze,1
dontas,1
gionta,1
deharo,1
basnett,1
hacking,1
lons,1
cearlock,1
curimao,1
dehart,1
czuba,1
cephus,1
lonn,1
majerus,1
wagstaff,1
godlove,1
gravely,1
player,1
murff,1
lona,1
degenhart,1
aldarondo,1
knipfel,1
lone,1
long,1
motola,1
keagle,1
dock,1
benefield,1
sauger,1
timlin,1
arguellez,1
gravell,1
tabuena,1
cajune,1
tolfree,1
lomu,1
schiffelbein,1
arguelles,1
crossin,1
orcutt,1
doby,1
heffner,1
lukowski,1
cantadore,1
rosensteel,1
lofguist,1
loma,1
courcelle,1
farber,1
murga,1
holtzlander,1
lunter,1
cherpak,1
sixsmith,1
lomg,1
spivack,1
mckines,1
loll,1
petersheim,1
iwanejko,1
loli,1
detullio,1
dobb,1
mckiney,1
hoffeditz,1
teichmann,1
kousonsavath,1
kimbriel,1
gramza,1
habermehl,1
figgins,1
pharris,1
horrell,1
knouff,1
lola,1
vogland,1
schwartz,1
shoupe,1
goldwater,1
rappa,1
ice,1
schwarts,1
massman,1
rappe,1
dody,1
molock,1
rappl,1
vejar,1
jesseman,1
micali,1
wilhite,1
mcgavin,1
aspden,1
micale,1
anaya,1
murin,1
glatzel,1
murie,1
wisnieski,1
grohmann,1
goblirsch,1
dodd,1
kaushal,1
ide,1
hershey,1
jesenovec,1
ida,1
reibsome,1
gustafson,1
aills,1
weltch,1
solera,1
loza,1
marcusen,1
rousu,1
milliron,1
lokey,1
gurevich,1
stoeltzing,1
loze,1
murry,1
gonzale,1
lamoreaux,1
stuzman,1
crosser,1
door,1
loker,1
doop,1
chisman,1
crossen,1
minella,1
stchur,1
doom,1
dool,1
loken,1
arzola,1
lozo,1
rouse,1
overweg,1
reinecke,1
roush,1
minelli,1
murri,1
sboro,1
borgerding,1
puig,1
fogel,1
stromquist,1
cynova,1
kawulok,1
dong,1
loya,1
kustra,1
loyd,1
matsuoka,1
done,1
yago,1
delgardo,1
dono,1
rourk,1
donn,1
birckett,1
orgain,1
jenista,1
tegtmeyer,1
puhr,1
diblase,1
puhl,1
goetsch,1
flinchbaugh,1
diblasi,1
bergenstock,1
vostal,1
mcelmeel,1
dosher,1
roura,1
yagi,1
goeppner,1
hounshell,1
sereda,1
giambra,1
deraveniere,1
lowy,1
burstein,1
fifer,1
samperi,1
wehnes,1
wehner,1
igo,1
dora,1
sperber,1
whelchel,1
backus,1
gonda,1
kammel,1
sampere,1
pugh,1
dore,1
dorf,1
slauson,1
murty,1
weinman,1
dopf,1
zabielski,1
kammes,1
houtkooper,1
lowa,1
gonez,1
goney,1
routt,1
puga,1
iha,1
kammer,1
reshid,1
eggart,1
ihm,1
dopp,1
makhija,1
calhoun,1
gones,1
rayburn,1
krzywicki,1
viscera,1
portnoy,1
faulconer,1
routh,1
rundall,1
route,1
sapper,1
lown,1
jolissaint,1
lowe,1
hitchen,1
lowd,1
puff,1
heitbrink,1
youell,1
waterston,1
crossan,1
lout,1
lokan,1
imm,1
dehass,1
stickley,1
poorte,1
loux,1
gravett,1
doke,1
vanderweerd,1
sticklen,1
pitzen,1
brierly,1
love,1
berkman,1
pitzer,1
niemiel,1
ina,1
neubecker,1
fogal,1
familia,1
raper,1
praska,1
dyckman,1
niemiec,1
cesar,1
stickler,1
stickles,1
wickliffe,1
anagnos,1
lievens,1
lott,1
shahinfar,1
labbie,1
mastropietro,1
anand,1
swoboda,1
lotz,1
lacusky,1
hoevel,1
ing,1
strohmeyer,1
valenzvela,1
ink,1
muros,1
loud,1
caesar,1
yach,1
louk,1
kleffner,1
gonce,1
haghighi,1
nutall,1
loup,1
huneycutt,1
michonski,1
gravert,1
mcswiggan,1
loss,1
pheasant,1
dome,1
ike,1
rietdorf,1
simcox,1
durrette,1
sevenbergen,1
puca,1
loth,1
vasseur,1
ailes,1
dona,1
lota,1
shybut,1
standring,1
fucillo,1
louchen,1
mcgloster,1
shinaberry,1
greenough,1
ramcharran,1
erlenbusch,1
murph,1
simcoe,1
playle,1
ailey,1
murra,1
doll,1
ill,1
schinkel,1
lorr,1
ilg,1
schinker,1
lodato,1
dold,1
dole,1
kamman,1
lorz,1
lory,1
sappah,1
lose,1
losa,1
schmoyer,1
stivason,1
romprey,1
loso,1
dols,1
losh,1
luxton,1
rundahl,1
leners,1
wainio,1
calhoon,1
hassinger,1
sollock,1
voccia,1
molony,1
pupo,1
celeya,1
rosebaugh,1
arnwine,1
kachiroubas,1
duenow,1
mcquirter,1
gougeon,1
wayland,1
rovere,1
welson,1
bellusci,1
brochhausen,1
liontos,1
molone,1
yang,1
how,1
hoy,1
loar,1
yann,1
gravette,1
yant,1
loan,1
leavigne,1
kwasny,1
rovero,1
scannapieco,1
hok,1
hitchko,1
bagner,1
bristle,1
leiper,1
warneka,1
hom,1
hon,1
hoh,1
puri,1
purl,1
beebout,1
hou,1
challa,1
hoo,1
iarussi,1
warneke,1
hor,1
shertzer,1
gantnier,1
brunick,1
punt,1
stachnik,1
hoa,1
emlin,1
neumaier,1
hof,1
cerritelli,1
hoe,1
canzio,1
kusuma,1
kleimola,1
wampol,1
stachniw,1
sodano,1
kilday,1
schechter,1
roule,1
laflore,1
matsuhara,1
hussaini,1
browing,1
crowther,1
meddock,1
warnell,1
butkus,1
oblinger,1
mckelvey,1
vagle,1
yale,1
tyrol,1
amyotte,1
grames,1
tyron,1
gramer,1
rouly,1
lokke,1
field,1
kefauver,1
leaird,1
stuckemeyer,1
portney,1
tridle,1
lamoreux,1
trumbore,1
hulbert,1
arview,1
milliren,1
pupa,1
dimauro,1
fogle,1
fukushima,1
wallaert,1
hui,1
wainer,1
deldeo,1
proescher,1
hug,1
huh,1
hue,1
huf,1
portner,1
pulk,1
veselic,1
round,1
hua,1
yake,1
rennick,1
thessing,1
abbruzzese,1
puls,1
martone,1
briston,1
whitemore,1
duitch,1
hreha,1
grullon,1
fuhrer,1
puma,1
bristol,1
rodabaugh,1
frieman,1
stenman,1
suleski,1
tyrus,1
alquesta,1
bristow,1
donson,1
pump,1
durnford,1
faucher,1
kludt,1
mcmickell,1
hsy,1
pawelek,1
bedeker,1
hsu,1
puna,1
schoepflin,1
cranmer,1
jenison,1
boquet,1
vollstedt,1
hoolihan,1
byland,1
vercher,1
pung,1
hefner,1
esplain,1
hsi,1
bunyard,1
locklear,1
veselka,1
mejias,1
gressman,1
cuddeback,1
czachorowski,1
noyola,1
roupe,1
molesworth,1
daubenmire,1
schoenhard,1
sodaro,1
emley,1
mckelvie,1
betance,1
wohlenhaus,1
vaghy,1
wilhide,1
vaghn,1
mckelvin,1
emler,1
veysey,1
pirrotta,1
benwell,1
nacion,1
kolnik,1
bubier,1
maxell,1
yahn,1
yahl,1
bourdage,1
boardwine,1
tomaszycki,1
krenzke,1
rovell,1
cockriel,1
foggs,1
sholders,1
deldonno,1
hoffelt,1
flewellen,1
kluck,1
bellefleur,1
frierdich,1
beebee,1
prasek,1
schwarcz,1
milian,1
lohr,1
eardley,1
lundsten,1
fogus,1
loht,1
brothern,1
donnerberg,1
lohn,1
burgeson,1
seebold,1
yaws,1
loia,1
grabenstein,1
cawthon,1
tornatore,1
hanible,1
chislom,1
lebedeff,1
graciana,1
lacognata,1
murch,1
brothers,1
doronio,1
festini,1
rouch,1
puzo,1
graciano,1
renning,1
lois,1
fiero,1
brockington,1
graciani,1
loil,1
ailor,1
tanton,1
butrick,1
adolphus,1
yawn,1
crookston,1
luskey,1
muray,1
brehony,1
capossela,1
velastegui,1
fritzgerald,1
milici,1
milich,1
jolivette,1
posner,1
tyrie,1
aquil,1
dalessio,1
lenharr,1
eshlerman,1
murel,1
tetrault,1
lenhard,1
testerman,1
gedeon,1
gassler,1
magnus,1
iverson,1
steadings,1
rutana,1
ozburn,1
moellman,1
yaun,1
fiers,1
loft,1
thoburn,1
lenhart,1
tigerino,1
hazelrigg,1
capraro,1
ciresi,1
hum,1
schoenhals,1
bartolo,1
klugh,1
hun,1
kluge,1
rydel,1
sybert,1
brouwers,1
hur,1
knouse,1
ryden,1
privett,1
hux,1
murdy,1
ryder,1
loge,1
perolta,1
besant,1
sivret,1
huy,1
prasad,1
brister,1
doak,1
cicerchia,1
hronek,1
hershaw,1
bartoli,1
fiest,1
doan,1
koussa,1
klunk,1
schlund,1
dorrough,1
noreiga,1
draxler,1
lodi,1
rouff,1
butler,1
klund,1
macdiarmid,1
mervine,1
putt,1
micari,1
sinibaldi,1
fiely,1
putz,1
rogoff,1
reeder,1
vagas,1
poullard,1
krenzer,1
rouge,1
oesterreich,1
beserra,1
heisler,1
loeb,1
gepner,1
luskin,1
ooley,1
fiene,1
klump,1
rough,1
amanza,1
delapaz,1
roufs,1
loew,1
keahey,1
cobian,1
lindabury,1
arsenault,1
inyart,1
yark,1
trider,1
dearborn,1
yarn,1
klauser,1
darbeau,1
imming,1
ailts,1
weyand,1
lobb,1
murat,1
taskey,1
yard,1
baunleuang,1
manuele,1
lobe,1
muran,1
yara,1
shough,1
tenbusch,1
wearrien,1
murak,1
criado,1
barricelli,1
manuell,1
murai,1
push,1
mckimmy,1
gompf,1
olinick,1
cockrill,1
crossno,1
tasker,1
lobo,1
crosson,1
murad,1
sineath,1
weyant,1
grambo,1
cottrell,1
chalow,1
gugel,1
gregorski,1
guger,1
feigenbaum,1
gramby,1
westlake,1
schapiro,1
languirand,1
lichota,1
petway,1
maffucci,1
lock,1
devasier,1
rydin,1
loch,1
cheroki,1
orphey,1
balestrieri,1
pust,1
swanteck,1
kluka,1
yapp,1
josich,1
kildoo,1
francillon,1
korinek,1
tantum,1
tonnessen,1
fleagle,1
locy,1
applegarth,1
kildow,1
chanco,1
cerbone,1
limmel,1
dellow,1
oldani,1
montonez,1
dellon,1
chance,1
wittenborn,1
limmer,1
dellos,1
birkes,1
montoney,1
boyster,1
nishimoto,1
witkop,1
birkey,1
mckimley,1
cambero,1
brownle,1
rynearson,1
villetas,1
guers,1
swedeen,1
contrerras,1
montondo,1
deskins,1
holmstrom,1
platas,1
fey,1
fabre,1
few,1
zagorski,1
fee,1
ravenell,1
bourns,1
graybill,1
fawler,1
denardis,1
heising,1
stavropoulos,1
tarango,1
dowling,1
bourne,1
lisboa,1
newnham,1
provent,1
chanel,1
fruchey,1
florencio,1
grattelo,1
gueth,1
parliman,1
ukosata,1
bonniwell,1
mertel,1
gomaz,1
merten,1
dunnivan,1
rotty,1
erlandson,1
mertes,1
tankxley,1
kilger,1
bourke,1
polacek,1
pacholski,1
barnacle,1
bordwine,1
dubuc,1
duenke,1
distilo,1
reveles,1
geidner,1
revelez,1
collymore,1
sakumoto,1
henthorne,1
zuleger,1
liedke,1
chancy,1
shorty,1
lanzer,1
guess,1
shortt,1
wahlberg,1
givens,1
guest,1
shorts,1
benion,1
baldelli,1
mcdargh,1
oshields,1
magnuson,1
fondren,1
filbrardt,1
colclough,1
milito,1
vanduyne,1
chango,1
oberholzer,1
sheffler,1
simoneaux,1
molgard,1
lantigua,1
duenez,1
dubyk,1
khalid,1
milite,1
duenes,1
foeller,1
hasenfratz,1
lube,1
ulerio,1
mehelich,1
khalil,1
bening,1
fay,1
faz,1
faw,1
luco,1
bachor,1
tschetter,1
fat,1
luck,1
lucy,1
milius,1
fam,1
bohling,1
fan,1
luca,1
dorsette,1
chanez,1
chaney,1
dececco,1
mccauley,1
luby,1
luci,1
fabus,1
mcdaris,1
seltrecht,1
pascocello,1
mangiapane,1
luce,1
klevjer,1
gonnella,1
fawley,1
chanin,1
ludy,1
blaskovich,1
fabry,1
butterfield,1
laliberty,1
macneil,1
erling,1
gomer,1
gomes,1
boedecker,1
ludd,1
cronkhite,1
gorsline,1
locus,1
gomey,1
gomez,1
fabro,1
hoffler,1
yacullo,1
defrates,1
luer,1
lofredo,1
bibber,1
sebastien,1
nuhfer,1
fonte,1
benike,1
tutwiler,1
laliberte,1
erlebach,1
simoneavd,1
malmquist,1
mcclimon,1
villanvera,1
fondy,1
solman,1
klutz,1
schellhammer,1
duenas,1
beirise,1
frankhouser,1
klute,1
woodham,1
sybounheuan,1
kluth,1
vossen,1
mcgartland,1
willock,1
fonda,1
trebilcock,1
wallinger,1
kluss,1
loche,1
ruzbasan,1
foney,1
helmuth,1
golub,1
budniewski,1
fabio,1
lechman,1
papciak,1
fleites,1
fabin,1
tanski,1
fones,1
cocanougher,1
niedecken,1
hardgrave,1
lisbey,1
goltz,1
molnau,1
danaher,1
kluse,1
silence,1
wollert,1
dargatz,1
lafuze,1
molnar,1
carmolli,1
milleson,1
revelle,1
francese,1
browner,1
kraichely,1
revelli,1
guell,1
chadsey,1
witkus,1
krystek,1
kindermann,1
franklin,1
sherwin,1
delley,1
wipprecht,1
desalvatore,1
revello,1
nebred,1
revells,1
delles,1
deller,1
kneefe,1
dellen,1
driscoll,1
brownrigg,1
fandel,1
lagrotta,1
cribbin,1
corvelli,1
motley,1
masias,1
bachan,1
matysiak,1
bachas,1
houchard,1
tuder,1
tansil,1
bachar,1
sebastian,1
merton,1
langstraat,1
carleton,1
emily,1
kauffman,1
zalazar,1
gulliksen,1
cobden,1
bredahl,1
khalaf,1
lowhorn,1
locke,1
anick,1
baumgarner,1
sabota,1
plasse,1
catena,1
castruita,1
rataczak,1
gosden,1
ducci,1
eye,1
punch,1
olenski,1
sauder,1
kovalchik,1
goetzke,1
fleitas,1
heyden,1
anidi,1
ewy,1
lippitt,1
mcvaigh,1
engleson,1
hildred,1
tangredi,1
locks,1
heydel,1
madnick,1
exe,1
stilts,1
casiano,1
krystal,1
henifin,1
lieder,1
gemmill,1
deavila,1
mcgonnell,1
knauer,1
stiltz,1
sabori,1
pundt,1
tansey,1
ellenberger,1
reeger,1
steenberg,1
knauff,1
dellis,1
ducan,1
kreitzer,1
bacher,1
hedgepath,1
elenbaas,1
ducat,1
mcdermitt,1
ducas,1
grimstead,1
semons,1
ducay,1
anklam,1
critzer,1
dicicco,1
wiechmann,1
morgner,1
penkins,1
guiffre,1
arredondo,1
vanamburgh,1
brownie,1
rohloff,1
philbeck,1
semone,1
hancey,1
champy,1
vliem,1
hren,1
berrones,1
marozzi,1
ewelike,1
escovedo,1
swartzfager,1
eth,1
erlich,1
conchas,1
takayama,1
lombrana,1
champa,1
eflin,1
golly,1
emigh,1
ravenel,1
macaraig,1
sternod,1
stlouise,1
roten,1
pausch,1
skorski,1
rosenwinkel,1
eun,1
kryston,1
gosche,1
honsinger,1
headland,1
scolaro,1
frisinger,1
klinnert,1
sciancalepore,1
burrows,1
swires,1
draggoo,1
vliet,1
makela,1
rambousek,1
sagehorn,1
toromanides,1
brumbaugh,1
semple,1
mcghan,1
eve,1
eva,1
mcghay,1
spickard,1
kukauskas,1
brissey,1
avants,1
shilkuski,1
gionest,1
gillock,1
walbrecht,1
esteban,1
stuller,1
ducey,1
hoague,1
poupard,1
golob,1
macaraeg,1
pierdon,1
whitescarver,1
ravert,1
stoeffler,1
golom,1
slagowski,1
magsayo,1
golpe,1
worford,1
hancin,1
ludolph,1
purdum,1
cherney,1
cummings,1
odneal,1
gavigan,1
purdue,1
burrous,1
molner,1
shores,1
welter,1
banerji,1
alvirez,1
wauters,1
duclo,1
malandrino,1
gjorven,1
loder,1
shorey,1
loden,1
faber,1
hainds,1
gabrelcik,1
dubitsky,1
kurpiel,1
nagasawa,1
fabel,1
pelkey,1
hric,1
wettach,1
rotch,1
eon,1
pourvase,1
purdon,1
nasers,1
uzzle,1
purdom,1
eggington,1
vicsik,1
rotan,1
kaeser,1
carrithers,1
ravelo,1
fergerstrom,1
prottsman,1
rohrscheib,1
tomkowicz,1
emile,1
choules,1
zipse,1
burross,1
plasky,1
amarian,1
hancox,1
zdanowicz,1
chamul,1
posson,1
mushtaq,1
punja,1
epp,1
parkers,1
swallows,1
unnold,1
weltha,1
schoonover,1
erb,1
esskew,1
mongrain,1
whaltey,1
bewley,1
mcindoe,1
hollett,1
wilding,1
jhanson,1
difilippo,1
chernak,1
shurtliff,1
esh,1
celia,1
mccubbins,1
hoines,1
ravens,1
erz,1
crickard,1
englerth,1
garmany,1
chernay,1
mcghee,1
haeber,1
erm,1
celis,1
foody,1
erp,1
lodge,1
tritten,1
ero,1
bourff,1
tidey,1
corado,1
leimer,1
goldy,1
mensalvas,1
willour,1
coradi,1
brauner,1
stimac,1
donton,1
bachta,1
baggett,1
roton,1
sterner,1
golds,1
mauseth,1
mccorkell,1
chauarria,1
buffone,1
ogletree,1
majeske,1
koplin,1
andelman,1
golde,1
semper,1
eld,1
golda,1
macafee,1
relford,1
stiman,1
villescas,1
eli,1
sempek,1
elg,1
fowlston,1
elm,1
elk,1
ell,1
goley,1
fonua,1
majeski,1
cella,1
ruffel,1
brisson,1
villescaz,1
bouret,1
ruffer,1
sancrant,1
tringham,1
ely,1
aleyandrez,1
golen,1
lendrum,1
holtrop,1
bourek,1
fanucchi,1
chernow,1
gravlin,1
greenstreet,1
golec,1
tsuruda,1
bluestein,1
sebastion,1
oshinsky,1
ducos,1
wehrle,1
swindall,1
sereno,1
emo,1
trumbley,1
wehrli,1
rzepecki,1
coopersmith,1
zippe,1
serens,1
salonia,1
ionescu,1
daylong,1
anguiano,1
kilgor,1
hartrick,1
celli,1
danekas,1
khalsa,1
punzo,1
eng,1
end,1
eno,1
kuster,1
kustes,1
sensenbach,1
ikehara,1
hainey,1
krumwiede,1
grocott,1
kjergaard,1
arosemena,1
ackman,1
benabides,1
linkkila,1
haines,1
sebring,1
guitierez,1
hainer,1
wehrly,1
enz,1
cranney,1
wilgus,1
cambell,1
johannesen,1
muchortow,1
schuber,1
brookfield,1
chadburn,1
dikeman,1
mantifel,1
ego,1
bufford,1
bavaro,1
phifer,1
golia,1
ege,1
reitano,1
tudor,1
ariyoshi,1
stimer,1
asebedo,1
henagan,1
ehn,1
ruffin,1
corsaut,1
ehl,1
ehr,1
sanislo,1
boelsche,1
filhiol,1
luchessa,1
welton,1
carbine,1
suomela,1
hoffman,1
golik,1
luetmer,1
serena,1
edemann,1
emick,1
marichalar,1
serene,1
golie,1
pileggi,1
bouras,1
schuble,1
bavard,1
graetz,1
melanson,1
patocka,1
eis,1
simkin,1
corsaro,1
lendon,1
balowski,1
golka,1
guttierrez,1
prichard,1
elridge,1
eid,1
kostelecky,1
kostura,1
khauv,1
daneker,1
brunsvold,1
bachus,1
manzano,1
gilbreth,1
corrente,1
leader,1
humbertson,1
pitter,1
kerscher,1
furber,1
heydenreich,1
lendor,1
pulsifer,1
bragado,1
ploeger,1
peacemaker,1
rothe,1
borchardt,1
furbee,1
golla,1
ironhorse,1
magliocco,1
piurkowski,1
shakespear,1
klenke,1
eke,1
masino,1
bartamian,1
purdie,1
fevold,1
attebery,1
vanduzer,1
vinegar,1
ferdico,1
tunnicliff,1
macneal,1
macdowell,1
purdin,1
magliocca,1
otega,1
hupper,1
masini,1
saxton,1
duwe,1
broadstreet,1
lowrance,1
avance,1
muckelvaney,1
sidorowicz,1
granado,1
neiswander,1
granade,1
bleak,1
keszler,1
finders,1
birley,1
duve,1
granada,1
bleau,1
mendieta,1
gillmor,1
rossa,1
rosse,1
turnbaugh,1
keilen,1
petula,1
rossi,1
gil,1
rosso,1
gip,1
ariail,1
glogowski,1
khare,1
gin,1
oclair,1
ypina,1
laprarie,1
mazzola,1
filla,1
sacayanan,1
kreager,1
bacino,1
valenstein,1
swann,1
steerman,1
weyland,1
swank,1
gestether,1
stavnes,1
hudock,1
fillo,1
phaneuf,1
vanuden,1
sherlock,1
sapardanis,1
celso,1
wisinger,1
cleamons,1
swamy,1
urbaniak,1
cremona,1
sardella,1
scocca,1
swamp,1
henigan,1
swamm,1
wiggers,1
alspach,1
zirin,1
rosul,1
berkson,1
macall,1
seigler,1
vanwinkle,1
stankovich,1
gehlhausen,1
sciabica,1
mutty,1
pickings,1
benallie,1
huebschman,1
bridgewater,1
pitorak,1
castelhano,1
gillians,1
droesch,1
luxmore,1
gilliand,1
marcille,1
elwood,1
khano,1
salonek,1
pagonis,1
pellum,1
pinnell,1
laymon,1
cribari,1
elifritz,1
mittelstedt,1
osentowski,1
postal,1
diedricks,1
gey,1
golba,1
slinker,1
khamo,1
betenson,1
stannard,1
schubbe,1
buffaloe,1
gee,1
molloy,1
khang,1
cimaglia,1
vanderslice,1
rosol,1
gravley,1
lechner,1
pinzone,1
filpo,1
suthoff,1
vincenzo,1
golab,1
selakovic,1
golay,1
swain,1
swaim,1
blette,1
hantman,1
sergio,1
golan,1
prazenica,1
handal,1
setterberg,1
colello,1
mcclaskey,1
unsell,1
golar,1
golas,1
swait,1
wiggens,1
muchow,1
bruechert,1
tichy,1
hinchliffe,1
waldbauer,1
howells,1
rozema,1
mosholder,1
gragas,1
persons,1
peckman,1
dobson,1
colella,1
schnabel,1
hondel,1
higgons,1
dacquel,1
farias,1
rozell,1
kreutzer,1
schwerdt,1
tichi,1
shroeder,1
andrachak,1
fazzone,1
leyra,1
dunk,1
raynoso,1
lobendahn,1
deigado,1
dung,1
hochmuth,1
moliterno,1
sampayan,1
briganti,1
brigante,1
swatt,1
gyllenband,1
pellin,1
guberman,1
gudis,1
dunt,1
ocegueda,1
vincente,1
stonecipher,1
dunn,1
gab,1
follett,1
bunkers,1
rarang,1
facio,1
swary,1
postel,1
gau,1
thoele,1
filby,1
gaw,1
pomainville,1
dickerson,1
gay,1
poster,1
luzi,1
duos,1
conatser,1
bacich,1
gal,1
posten,1
gao,1
gan,1
waight,1
relaford,1
otero,1
kneisley,1
lollie,1
liscio,1
bertalan,1
melchin,1
handel,1
mccomis,1
fomby,1
uyemura,1
pagley,1
varrato,1
vanhamlin,1
kneisler,1
marinese,1
hajdukiewicz,1
delker,1
ecklund,1
echelberger,1
sprvill,1
filer,1
files,1
gillmer,1
canterbury,1
dolliver,1
blehm,1
feinberg,1
amento,1
kalpakoff,1
ehsan,1
kosowski,1
sagrera,1
monterrano,1
sutley,1
morgenroth,1
eisenberg,1
merson,1
lollis,1
amenta,1
sutler,1
jainlett,1
knuckles,1
trivette,1
reyome,1
dure,1
gutenberger,1
beckford,1
melchor,1
dura,1
lederer,1
smrekar,1
peabody,1
durk,1
pyette,1
leyva,1
odwyer,1
inserra,1
hougland,1
boehle,1
durr,1
rieffer,1
castagna,1
chevres,1
willwerth,1
swapp,1
swant,1
dush,1
dusi,1
duso,1
filgo,1
stoodley,1
cicoria,1
hamrick,1
mcright,1
borgella,1
pantaleo,1
setlock,1
gerstenkorn,1
airth,1
gehler,1
dust,1
postin,1
wiggett,1
marinero,1
beasmore,1
macioce,1
morganfield,1
giammona,1
dute,1
zehrbach,1
dieguez,1
handin,1
vanlaere,1
crayford,1
swarb,1
sward,1
ceman,1
kulbida,1
bleck,1
kawamoto,1
pellom,1
duban,1
klepac,1
dutt,1
willner,1
foland,1
montaya,1
duty,1
pellon,1
reefer,1
dilena,1
feimster,1
pellot,1
boehne,1
swarr,1
swart,1
swarm,1
swarn,1
pellow,1
langehennig,1
pethtel,1
pyron,1
matsuura,1
bockhorn,1
besemer,1
lolley,1
pyros,1
mcgathy,1
dubay,1
thoeny,1
wiater,1
pfleger,1
killilea,1
dubas,1
leyua,1
zupancic,1
gillman,1
filip,1
vanwagner,1
chueng,1
seiler,1
kammann,1
boehme,1
penaherrera,1
frietas,1
seiley,1
bendickson,1
thoene,1
duva,1
mittman,1
dugo,1
tipping,1
maguet,1
friesen,1
sleigh,1
danella,1
biesenthal,1
dugi,1
ruscitti,1
schlinker,1
lura,1
rosca,1
bagley,1
sedlack,1
tippins,1
handly,1
finkenbinder,1
puyear,1
pellam,1
salomon,1
bendixen,1
rosch,1
handke,1
johansson,1
majette,1
rosan,1
bartush,1
rosal,1
duft,1
witman,1
keilty,1
muriel,1
solley,1
duff,1
pummel,1
dobbratz,1
rosas,1
fye,1
soller,1
dubbs,1
lupi,1
duet,1
lamison,1
lupu,1
mutch,1
marchizano,1
lupo,1
duey,1
angis,1
lebrane,1
poston,1
kunzie,1
massoni,1
essler,1
resenz,1
duis,1
crownover,1
sollie,1
delargy,1
duin,1
brixius,1
threatt,1
threats,1
littlefield,1
hofbauer,1
kucera,1
gitelman,1
milette,1
mccombs,1
gosdin,1
dubey,1
eisenbeis,1
zmuda,1
topalian,1
lollar,1
bohlken,1
rosek,1
accala,1
detone,1
rosel,1
fus,1
dantzler,1
rosen,1
postle,1
tuell,1
lunz,1
dubej,1
pleskac,1
woodington,1
acklin,1
duhl,1
dubel,1
klingelhoets,1
duhn,1
hoekman,1
duber,1
butron,1
angle,1
landford,1
postma,1
delarge,1
mccomas,1
lung,1
eveline,1
duhe,1
betthauser,1
loebs,1
lunn,1
connealy,1
detoma,1
lehnortt,1
lunt,1
fonck,1
facer,1
campolongo,1
brzezowski,1
koscielniak,1
czernovski,1
facey,1
maybrier,1
antrim,1
paglia,1
peller,1
duka,1
pellet,1
duke,1
pelley,1
paglio,1
willoby,1
hauenstein,1
witmer,1
shotton,1
loehr,1
smutny,1
seefried,1
gorelick,1
tritsch,1
handon,1
lezon,1
angel,1
stills,1
tarallo,1
lutz,1
huckstadt,1
anger,1
milkey,1
beaubrun,1
gemmiti,1
grambling,1
lute,1
stille,1
dumm,1
luth,1
detore,1
bellflowers,1
siprasoeuth,1
schnickel,1
scriuner,1
lust,1
luss,1
filas,1
duma,1
rawat,1
villanveua,1
panzica,1
hubertus,1
filak,1
zierenberg,1
lusk,1
demarcus,1
defrancisco,1
solonika,1
plassman,1
filan,1
dume,1
dubis,1
gmernicki,1
luse,1
auldridge,1
dull,1
heldman,1
lush,1
lury,1
thomases,1
lurz,1
damann,1
chermak,1
dubin,1
angotti,1
cusworth,1
eschberger,1
bagdonas,1
havice,1
dula,1
hoftiezer,1
beirne,1
lanzillo,1
villanveva,1
zullig,1
dubie,1
carnegia,1
bongiorno,1
carnegie,1
noblitt,1
nichlos,1
camidge,1
fry,1
amison,1
corban,1
sagredo,1
leinen,1
macari,1
farhat,1
fox,1
roske,1
loofbourrow,1
fon,1
gregoire,1
angry,1
foo,1
palczewski,1
leiner,1
duble,1
rosko,1
pettry,1
tregoning,1
fok,1
mohamed,1
jaster,1
keathley,1
angst,1
mucher,1
cobble,1
luis,1
ephraim,1
kuzmin,1
byther,1
vanstone,1
foy,1
luiz,1
fichera,1
gokey,1
rehnborg,1
gilliard,1
luhn,1
collette,1
vedia,1
schnobrich,1
colletta,1
rawle,1
scoble,1
luhr,1
kettelle,1
colletti,1
havier,1
muenzenberger,1
rawls,1
montano,1
maldonaldo,1
cagliostro,1
luga,1
isenhart,1
escuriex,1
lugg,1
montane,1
catoire,1
feenstra,1
bartula,1
lugo,1
dirusso,1
donkervoet,1
angus,1
montana,1
trinklein,1
neumeier,1
lezak,1
corbet,1
kussel,1
ruhlman,1
knowlton,1
schnetzer,1
husseini,1
luff,1
schwerin,1
massoud,1
sutkus,1
macione,1
ticer,1
luft,1
rosky,1
victor,1
budzinski,1
gallaty,1
trolinger,1
haimes,1
carridine,1
mcclerkin,1
layman,1
philbert,1
trammell,1
reinheimer,1
oceguera,1
dubs,1
benish,1
mohamad,1
lumm,1
ticas,1
gallati,1
springston,1
caporiccio,1
duby,1
cuadra,1
imbrogno,1
stamand,1
brauman,1
abatiell,1
duca,1
luna,1
marineau,1
duce,1
lund,1
selinger,1
arlotta,1
boyington,1
haralson,1
duch,1
duck,1
stiles,1
angon,1
stamant,1
mcnichols,1
scobie,1
cuadro,1
greninger,1
mcglocklin,1
damato,1
wooding,1
sollis,1
rozzelle,1
lull,1
considine,1
pitsch,1
pettus,1
benito,1
lule,1
goulding,1
flo,1
thomason,1
lumb,1
luma,1
duba,1
fly,1
dubow,1
dube,1
nardecchia,1
roses,1
dalluge,1
portley,1
dubon,1
hershman,1
sonnefeld,1
roser,1
tuerk,1
kochler,1
mazzoni,1
rosin,1
vitullo,1
fie,1
filzen,1
galimore,1
mazzone,1
frieson,1
fil,1
rosie,1
luke,1
paarmann,1
brodnicki,1
dubre,1
benitz,1
titchener,1
fix,1
boyenga,1
reininger,1
dues,1
duer,1
cogbill,1
duel,1
polacco,1
vuncannon,1
scobee,1
kuebler,1
dwelley,1
corbit,1
corbin,1
bolliger,1
lezer,1
koschnitzki,1
cogley,1
duda,1
sedanos,1
harderman,1
ackles,1
hogsett,1
smallidge,1
untalan,1
ackley,1
rynerson,1
luka,1
scobey,1
acklen,1
avner,1
hautala,1
hort,1
loewe,1
petton,1
parady,1
wryals,1
brunecz,1
reksten,1
horn,1
horr,1
hose,1
mccament,1
blatt,1
wuebker,1
ehrle,1
blatz,1
portier,1
sowards,1
parado,1
khanna,1
dorothy,1
chapko,1
hebner,1
depiro,1
giffee,1
host,1
halvorson,1
dimitroff,1
walthour,1
eskridge,1
blaum,1
giffen,1
leiker,1
hoss,1
mallozzi,1
pomykala,1
amaker,1
parada,1
gavidia,1
labonte,1
lotter,1
hoth,1
benbenek,1
polhamus,1
kolich,1
ehrke,1
gutkowski,1
blauw,1
hotz,1
lenart,1
misuraca,1
lougheed,1
stoneburner,1
anderton,1
kleman,1
dobrin,1
hott,1
skordahl,1
ziska,1
eisenberger,1
legoullon,1
houk,1
concini,1
houf,1
takenaka,1
avona,1
northcross,1
cirilo,1
rauls,1
lenarz,1
hussman,1
mandolini,1
fritter,1
tikkanen,1
houy,1
sterman,1
strayhand,1
ratterman,1
hout,1
bourdeau,1
babiracki,1
leonesio,1
chaple,1
houp,1
lantieri,1
cheshier,1
lenard,1
hovi,1
hove,1
kabala,1
public,1
loeza,1
rause,1
hong,1
macqueen,1
dragich,1
vansickle,1
pagoda,1
marquart,1
semrad,1
honn,1
astillero,1
yackeren,1
hons,1
huxman,1
paglinawan,1
spruance,1
soshnik,1
giorgi,1
lottie,1
holmlund,1
rodwell,1
mangieri,1
earnhardt,1
ankney,1
hooe,1
snipes,1
hood,1
mleczko,1
trompeter,1
hoof,1
dad,1
hook,1
rosamond,1
maroudas,1
kruizenga,1
durrance,1
galland,1
ledesma,1
hoon,1
hool,1
matayoshi,1
hoos,1
cirino,1
hoop,1
dai,1
sauber,1
mcgirt,1
dae,1
hoot,1
giffin,1
olrich,1
mcgirr,1
das,1
dar,1
depina,1
aiola,1
beisch,1
semrau,1
folio,1
dao,1
dan,1
dam,1
marquard,1
lorenzetti,1
huseman,1
day,1
huemmer,1
dax,1
daw,1
keadle,1
hopf,1
hope,1
dau,1
macentee,1
bouton,1
weinkauf,1
mervin,1
altomare,1
eveleth,1
pettis,1
fadri,1
hopp,1
mervis,1
banville,1
pawlicki,1
orielley,1
farese,1
peddicord,1
blaze,1
montazami,1
pettie,1
secreto,1
hindsman,1
piepenbrink,1
nuzzo,1
chapin,1
gallant,1
hameister,1
loetz,1
taegel,1
lamphear,1
secrest,1
imhoff,1
boutot,1
nuzzi,1
raupp,1
ridling,1
altomari,1
ehret,1
hochstatter,1
chiverton,1
vogelsberg,1
scheffert,1
treible,1
boeger,1
sumeriski,1
fujiwara,1
tolman,1
persley,1
boegel,1
strawderman,1
hora,1
folks,1
jefferys,1
opstein,1
hori,1
kuchel,1
kuchem,1
hore,1
hollingshed,1
pettit,1
bessette,1
hord,1
formaggioni,1
cun,1
armando,1
millay,1
mcauliffe,1
walczyk,1
cui,1
cue,1
zapatero,1
cua,1
millar,1
huebert,1
millan,1
millam,1
afalava,1
duranceau,1
folds,1
cenci,1
brunell,1
hedgebeth,1
pierfax,1
fairclough,1
kreuziger,1
halterman,1
osiecki,1
sirmons,1
dilcher,1
mervyn,1
kuchta,1
rzucidlo,1
foley,1
szewczak,1
stickland,1
hesselschward,1
mcginn,1
mcglaughlin,1
hoke,1
tujague,1
sefcovic,1
privado,1
pisegna,1
wlach,1
home,1
peatross,1
loepp,1
labonne,1
homa,1
warnken,1
holy,1
chapek,1
chapel,1
holz,1
baldearena,1
chapen,1
boutte,1
ozimek,1
swonger,1
browley,1
holt,1
decasanova,1
mccaskell,1
blonsky,1
cyfers,1
holm,1
holl,1
holk,1
vainio,1
hole,1
iribarren,1
pettet,1
lucksinger,1
hone,1
alicuben,1
pettes,1
petter,1
comoletti,1
eckberg,1
silberberg,1
aiona,1
margolies,1
pettey,1
puraty,1
homs,1
ehrenberg,1
zedaker,1
kamerling,1
loera,1
fikes,1
cirullo,1
leezer,1
bonasera,1
vegar,1
ceravolo,1
riddlebarger,1
vegas,1
rauth,1
reyner,1
bengel,1
sigurdson,1
milley,1
cyr,1
schlappi,1
birman,1
millen,1
oyster,1
hofe,1
shopen,1
hoff,1
dekoning,1
hollenbaugh,1
engnath,1
hauslein,1
miller,1
hacopian,1
crossland,1
milles,1
millet,1
burnley,1
yonkers,1
durboraw,1
hogy,1
brosius,1
gyurko,1
arizola,1
demling,1
hoga,1
kreatsoulas,1
poovey,1
hoge,1
senatore,1
hogg,1
federowicz,1
varnadoe,1
winterhalter,1
folan,1
weisdorfer,1
gilbert,1
teitelbaum,1
tolmie,1
gilberg,1
kilian,1
mcnorton,1
liefer,1
apruzzese,1
delarme,1
kuchle,1
cenat,1
mcnicholas,1
hohm,1
discala,1
hohn,1
hohl,1
godzik,1
zabawa,1
pettay,1
cheesebrough,1
calcaterra,1
hoit,1
fralick,1
tutela,1
millea,1
pettas,1
gallaga,1
paramo,1
niksich,1
farell,1
goddard,1
reinicke,1
mcgill,1
jirjis,1
masker,1
bansmer,1
gehman,1
bladt,1
noseff,1
treharne,1
essick,1
abolafia,1
blady,1
cerveny,1
tueller,1
gottdenger,1
pezzetti,1
kimbrell,1
kluemper,1
umbarger,1
massucci,1
distler,1
schabowski,1
macnevin,1
tubbs,1
consuelo,1
millin,1
redhouse,1
bettner,1
blizard,1
brunett,1
murley,1
millis,1
tubby,1
havlin,1
napierala,1
havlik,1
blada,1
scimeca,1
woolcock,1
atwater,1
cly,1
blade,1
claycomb,1
winstanley,1
antuna,1
kosmatka,1
hansbury,1
sweat,1
kitner,1
luetkemeyer,1
wimberley,1
brummell,1
heeralall,1
uyetake,1
plagens,1
arrigo,1
blagg,1
walczak,1
millie,1
gassaway,1
siepker,1
delasko,1
parara,1
frullate,1
siliado,1
dufrain,1
belcher,1
strebeck,1
shiverdecker,1
puppo,1
cazaree,1
simino,1
readnour,1
burgener,1
poliquin,1
bergsten,1
chudej,1
puppe,1
cazares,1
audrey,1
cervera,1
tranmer,1
coe,1
spessard,1
norsingle,1
banister,1
plourde,1
enerson,1
maslak,1
sterlin,1
swede,1
goldenstein,1
whinnery,1
malzhan,1
zabala,1
cos,1
moller,1
cazarez,1
vignarath,1
turchetta,1
plautz,1
fadei,1
kolopajlo,1
cox,1
coy,1
fadel,1
faden,1
fader,1
blain,1
washabaugh,1
stephanski,1
carruba,1
aracena,1
weinzimer,1
molles,1
mollet,1
millon,1
aloisi,1
beachamp,1
sweed,1
levine,1
lennertz,1
sween,1
andreozzi,1
sweem,1
guttenberg,1
sweep,1
tawwab,1
allgier,1
simila,1
sweet,1
winninger,1
wengren,1
blaho,1
levins,1
blaha,1
rubinow,1
wlodyka,1
bretthauer,1
jefferis,1
modena,1
phippin,1
rothgaber,1
lifschitz,1
raval,1
wandrie,1
szklarski,1
ludemann,1
blake,1
kuchto,1
contopoulos,1
rickman,1
schoeninger,1
lofft,1
feurtado,1
blais,1
spivery,1
blair,1
bartlett,1
pennywell,1
feingold,1
gryszowka,1
sweda,1
thavichith,1
avalos,1
morelock,1
dufrane,1
havlick,1
gudat,1
laprise,1
zacharia,1
tifft,1
paskiewicz,1
candelario,1
mittler,1
treiber,1
sterley,1
modest,1
candelaria,1
maclellan,1
kurtzeborn,1
stolarik,1
pelman,1
cather,1
leyda,1
rorer,1
folts,1
cea,1
bouten,1
jenness,1
rorex,1
foltz,1
rickmon,1
schnathorst,1
boutet,1
allgire,1
tappeiner,1
sweis,1
dileonardo,1
fudala,1
merwin,1
bouwens,1
moorefield,1
mcgillis,1
beiser,1
bachrodt,1
centi,1
beisel,1
lobstein,1
raneses,1
elbers,1
wandrei,1
halvorsen,1
elbert,1
ravel,1
delisa,1
dorosky,1
ceo,1
duane,1
simien,1
raven,1
nightwine,1
brummett,1
escarsega,1
raver,1
swetnam,1
delisi,1
deliso,1
doroski,1
wigner,1
blann,1
lunstrum,1
hoving,1
blank,1
jingst,1
modert,1
levitz,1
beauprez,1
hailes,1
modero,1
wyckoff,1
hirshberg,1
folden,1
levitt,1
hailey,1
blane,1
blanc,1
bocklage,1
bland,1
milloy,1
millot,1
sarchet,1
sandobal,1
giorno,1
turcott,1
nuzum,1
eggeman,1
mazzaferro,1
kohlmeier,1
cathie,1
macadam,1
brakeman,1
grollimund,1
gambardella,1
cha,1
norfleet,1
simich,1
honeck,1
swell,1
escandon,1
swelt,1
leikam,1
bustios,1
lotson,1
delira,1
avola,1
aanerud,1
delfino,1
howe,1
chu,1
chy,1
boutin,1
rapanot,1
howk,1
cid,1
spearmon,1
swinerton,1
swenk,1
monjure,1
che,1
graham,1
grahan,1
ranweiler,1
chi,1
cho,1
kernighan,1
plaskett,1
bracaloni,1
gucwa,1
blasz,1
shuping,1
cobern,1
jennett,1
blass,1
blasl,1
mcgillen,1
leibman,1
blasi,1
blash,1
hendershot,1
hoyt,1
blase,1
crookes,1
zaffuto,1
crooker,1
kolias,1
arrick,1
cobert,1
gatesman,1
folta,1
rorie,1
saintlouis,1
spraggs,1
hoye,1
leiberton,1
hinders,1
scherping,1
crooked,1
hambleton,1
centola,1
cathey,1
leyba,1
mileski,1
blare,1
milardo,1
folse,1
thepbanthao,1
buckholz,1
stubblefield,1
chaskey,1
bianchini,1
gowins,1
bartsch,1
ebe,1
gowing,1
bjorklund,1
ebo,1
reyman,1
cozier,1
cordts,1
ganguli,1
eby,1
piccolomini,1
khounborine,1
tartaglino,1
anesi,1
tieng,1
gubin,1
lechlak,1
solima,1
kempfer,1
ear,1
durrenberger,1
tanous,1
luepke,1
stinar,1
marlette,1
gizinski,1
maleszka,1
chenier,1
anderson,1
fudacz,1
meschke,1
solina,1
bouska,1
deline,1
matheny,1
vandorp,1
vandorn,1
rodenizer,1
martorell,1
pyne,1
abusufait,1
mcinturf,1
pytko,1
mathena,1
delima,1
sternal,1
woolcott,1
pyon,1
liberatore,1
tiell,1
roering,1
ahlman,1
mcinture,1
bulluck,1
gonzelez,1
saltzberg,1
sikkila,1
troyani,1
meinerding,1
corpening,1
belvins,1
troyano,1
schwantd,1
cadrette,1
marceaux,1
furches,1
deaguiar,1
wilcut,1
pyle,1
gonzeles,1
dulude,1
gottwald,1
tollett,1
pesterfield,1
serino,1
birnie,1
montealegre,1
carruth,1
lechler,1
hnot,1
nesselrodt,1
saucer,1
wrinn,1
sering,1
shappell,1
maslow,1
heffren,1
serini,1
brayton,1
mescher,1
husenaj,1
fernholz,1
azzopardi,1
fuschetto,1
armand,1
makara,1
amelio,1
hershkop,1
shaheed,1
olliff,1
edd,1
ede,1
trembly,1
schnader,1
vacio,1
lofts,1
centore,1
schrimpf,1
rocque,1
speroni,1
lofty,1
edu,1
phoenix,1
shaheen,1
metelko,1
sikkink,1
klyce,1
grovier,1
eck,1
minehan,1
lightner,1
gronberg,1
pyke,1
matheis,1
beiter,1
zawasky,1
steiling,1
vache,1
cobell,1
beitel,1
brunston,1
vacha,1
wauson,1
krzemien,1
solito,1
dye,1
douvier,1
lesinski,1
vangrouw,1
dyl,1
thruman,1
dys,1
whitmoyer,1
boydstun,1
westervelt,1
dauteuil,1
benham,1
villatora,1
birney,1
airington,1
matheus,1
birner,1
petsch,1
gearlds,1
serice,1
milman,1
cozine,1
karczewski,1
uccio,1
levick,1
resecker,1
wilday,1
sprague,1
kubacki,1
boocock,1
narimatsu,1
lewry,1
buckmeon,1
kinningham,1
obermann,1
schreacke,1
phippen,1
lofte,1
clugston,1
caperon,1
cicciarelli,1
guinnip,1
cogswell,1
morland,1
marklund,1
sprigg,1
masley,1
rundell,1
medellin,1
goist,1
koppang,1
karabin,1
rattu,1
drouillard,1
guilbeault,1
brundin,1
goodspeed,1
wilden,1
zwack,1
varnedoe,1
mathews,1
wilder,1
parbol,1
lautenschlage,1
jefferds,1
fietsam,1
rayford,1
mcgarey,1
yambao,1
wildes,1
calibuso,1
wildey,1
tietz,1
papstein,1
coatney,1
champagne,1
stollsteimer,1
fallows,1
villatoro,1
faeth,1
roque,1
levian,1
leonides,1
hawthorne,1
freitas,1
arnstein,1
freitag,1
lichtig,1
dux,1
ratti,1
tollin,1
burrola,1
maslen,1
dus,1
stimus,1
jenious,1
durupan,1
roehrenbeck,1
duy,1
ratte,1
tetteh,1
bartrum,1
ollila,1
trecroci,1
pounders,1
gaydosh,1
nungesser,1
tetter,1
metelus,1
kostyla,1
bousum,1
horwich,1
helmkamp,1
armada,1
mcghin,1
mcghie,1
campainha,1
schwanke,1
gutrerrez,1
lavanchy,1
patwell,1
latzke,1
latzka,1
birdsey,1
lacassagne,1
littlejohn,1
tucci,1
blesofsky,1
bloomgren,1
pyer,1
gravito,1
spearman,1
puchalski,1
lavancha,1
landvatter,1
gravitt,1
loeckle,1
cushingberry,1
gravitz,1
enriguez,1
graise,1
mathery,1
puckett,1
swinea,1
hayslett,1
mihlfeld,1
chaloner,1
boydston,1
reeher,1
kirkness,1
fessenden,1
schirmer,1
lippman,1
swiney,1
hovick,1
layous,1
countess,1
wilkerson,1
hambrecht,1
arabajian,1
cogill,1
browman,1
bonadurer,1
levier,1
goins,1
humphry,1
dewispelaere,1
mucerino,1
latzig,1
helmlinger,1
kaspari,1
pych,1
levien,1
dorosan,1
ziter,1
tolley,1
fijal,1
tolles,1
toller,1
lichter,1
tafelski,1
mathern,1
tucay,1
nakanishi,1
maslin,1
bellendir,1
squire,1
mathers,1
rhatigan,1
friedeck,1
kramper,1
doescher,1
don,1
lavander,1
dom,1
loiacono,1
lorentzen,1
dok,1
duvall,1
lambertson,1
hoeg,1
dow,1
prothero,1
dou,1
hoel,1
hoek,1
lallave,1
rachels,1
hoen,1
melgoza,1
hoes,1
rachell,1
tallacksen,1
hoey,1
hritz,1
oesch,1
yamaki,1
going,1
nifong,1
goedken,1
hoda,1
hodd,1
plantier,1
chatagnier,1
polster,1
lascody,1
pyrdum,1
quitero,1
stulick,1
hodo,1
barlock,1
hamberger,1
bleichner,1
kennemore,1
brilliant,1
newness,1
gravino,1
frazier,1
jensvold,1
goike,1
stettner,1
hock,1
hasenauer,1
hoch,1
spring,1
wride,1
heffron,1
nantanapibul,1
ritzer,1
bonawitz,1
wynans,1
otuafi,1
tucek,1
muwwakkil,1
mcgruder,1
rickley,1
driever,1
bugbee,1
ritzel,1
schriner,1
hobb,1
cordel,1
mogush,1
askland,1
altenbach,1
hoegerl,1
rickles,1
joanette,1
eschenbrenner,1
munnell,1
cordes,1
fallone,1
corder,1
sleger,1
nghiem,1
wrich,1
mesquita,1
martindelcamp,1
cordew,1
doe,1
neidlinger,1
montooth,1
doi,1
hoffmeyer,1
bewick,1
decardenas,1
holtsclaw,1
masoner,1
hoag,1
tebbetts,1
sampilo,1
longabaugh,1
platte,1
logie,1
hoar,1
derezinski,1
hoak,1
platts,1
marmion,1
mausbach,1
petrus,1
segonia,1
schraeder,1
bridenbecker,1
touchette,1
heckaman,1
hackett,1
celius,1
latella,1
tucke,1
weidower,1
mccloughan,1
dun,1
vosper,1
defrancesco,1
lamphere,1
taranto,1
klemme,1
dul,1
duk,1
heitzman,1
gravina,1
due,1
duh,1
dub,1
dua,1
isagba,1
dekeyzer,1
beamish,1
farrington,1
niemela,1
rodinson,1
fluaitt,1
pilkenton,1
schwandt,1
aronowitz,1
steidinger,1
hickerson,1
seiner,1
mccooey,1
hackerd,1
lexer,1
dry,1
quiambao,1
hoffine,1
dilger,1
tuchy,1
ritzie,1
klempa,1
soders,1
holtorf,1
trevigne,1
dru,1
destephen,1
wildin,1
ioannidis,1
prante,1
magsby,1
schwaner,1
yamada,1
capestany,1
loecken,1
loiacona,1
witherow,1
cordas,1
vanderlaan,1
loeffelholz,1
rauch,1
logel,1
plathe,1
kuchan,1
pytel,1
drehobl,1
semsem,1
kietzman,1
ovellette,1
swinny,1
pelnar,1
rauco,1
loges,1
farfan,1
kruschke,1
kalamaras,1
gonzelas,1
hanebutt,1
cordle,1
tiegs,1
rauda,1
andersen,1
chaput,1
mcclearen,1
trasport,1
bamforth,1
nishimori,1
ritzke,1
shackelton,1
der,1
tiede,1
frieling,1
detmer,1
rauen,1
dew,1
nodarse,1
dey,1
emerling,1
dez,1
cordon,1
dea,1
merrithew,1
dec,1
demarais,1
dee,1
consentino,1
iglesias,1
wernimont,1
del,1
zuberbuhler,1
zwart,1
rauer,1
smithheart,1
struggs,1
schellhase,1
alhusseini,1
colpaert,1
goick,1
goich,1
polston,1
squier,1
duwhite,1
deavers,1
klemke,1
fukuroku,1
chieffo,1
vacek,1
tiedt,1
weinreb,1
plater,1
armant,1
dowless,1
salsbury,1
sampica,1
platek,1
kuchar,1
stiner,1
wehrheim,1
mcgarry,1
pyun,1
clausell,1
holcroft,1
chappo,1
stines,1
cordia,1
willging,1
rosboril,1
logan,1
chappa,1
keogan,1
breedlove,1
stermer,1
horwitz,1
wolchesky,1
oatfield,1
rauhe,1
drye,1
franklyn,1
stindt,1
vacca,1
koppelmann,1
soprych,1
yamane,1
platko,1
armato,1
palmisciano,1
kilcrest,1
pituch,1
aquero,1
houseman,1
anene,1
rosentrance,1
klemen,1
bruneau,1
stinde,1
knewtson,1
brackelsberg,1
other,1
luttrell,1
ferioli,1
frenkel,1
fontanini,1
dix,1
phillippi,1
squibb,1
maslyn,1
haslett,1
lascola,1
din,1
delnoce,1
provino,1
miscavage,1
palmberg,1
provins,1
phillippe,1
mcdanel,1
kopczynski,1
cywinski,1
centanni,1
chopton,1
kettler,1
loughery,1
fanara,1
koenning,1
ambrose,1
provine,1
pacchiana,1
wintringham,1
sheingold,1
petros,1
morsbach,1
petron,1
phillippy,1
rovack,1
bentzinger,1
heisdorffer,1
petrov,1
weinrib,1
felicien,1
mullineaux,1
fineberg,1
verdi,1
simoni,1
murrufo,1
goyal,1
holding,1
walbridge,1
laningham,1
zegarelli,1
dugue,1
mailander,1
verde,1
pius,1
simons,1
kling,1
klink,1
lablue,1
mccoach,1
partman,1
hickle,1
simone,1
gollogly,1
rho,1
diga,1
klint,1
heeg,1
bienfang,1
timber,1
ridgway,1
verch,1
guasp,1
delauder,1
gelder,1
heer,1
wedekind,1
heep,1
wedeking,1
craddock,1
kline,1
boemig,1
crowford,1
preissler,1
klimo,1
mellick,1
blower,1
breiland,1
res,1
korzyniowski,1
bellisario,1
rex,1
kishbaugh,1
rew,1
bullion,1
rey,1
proffer,1
klima,1
tichnell,1
fullford,1
lallier,1
verba,1
zissler,1
guard,1
roper,1
ropes,1
hernadez,1
pitz,1
heck,1
pujol,1
archangel,1
wigton,1
skweres,1
dobyns,1
pitt,1
holsclaw,1
gonterman,1
meche,1
hect,1
millholland,1
rea,1
thorngren,1
ree,1
lohden,1
kilkus,1
red,1
rei,1
flemons,1
ziler,1
pytlovany,1
reh,1
pita,1
ren,1
veras,1
hickie,1
britain,1
vanzant,1
lewan,1
ruvolo,1
kittle,1
hehl,1
bodreau,1
goyen,1
hehn,1
jecmenek,1
bushlen,1
hehr,1
goyer,1
heid,1
mantelli,1
ricardson,1
boemer,1
dike,1
betteridge,1
mantella,1
staudinger,1
verrastro,1
neibert,1
fobbs,1
moorman,1
reikowsky,1
ropac,1
verge,1
heit,1
czarnik,1
hickox,1
hein,1
vandellen,1
vergo,1
heil,1
boccella,1
dionisopoulos,1
heim,1
heir,1
abelman,1
yuska,1
hickok,1
getschman,1
tremble,1
reinschmidt,1
hejl,1
kubeika,1
dile,1
harjochee,1
abramovitz,1
yusko,1
keleher,1
goyda,1
castros,1
amberson,1
raw,1
sobczynski,1
dils,1
rax,1
dinnocenzo,1
ray,1
raz,1
heft,1
berrong,1
goyco,1
dill,1
rao,1
ysaguirre,1
ras,1
rocray,1
rothove,1
dilg,1
rau,1
rav,1
hegg,1
motyka,1
haldeman,1
hege,1
verga,1
chieves,1
glatter,1
ballintyn,1
minecci,1
bakken,1
bakker,1
monagle,1
votaua,1
vereb,1
hoscheit,1
veren,1
mcdevitt,1
dodimead,1
ding,1
raj,1
dinh,1
dine,1
ran,1
ram,1
dina,1
veres,1
rak,1
keiger,1
hoscheid,1
ashely,1
rae,1
feinblatt,1
rad,1
luebbering,1
rosekrans,1
lewey,1
mogavero,1
hema,1
gillming,1
pujia,1
ilacqua,1
mosakowski,1
vichidvongsa,1
reisdorf,1
fredric,1
navejas,1
brynestad,1
steinhardt,1
navejar,1
hemm,1
farahkhan,1
dini,1
bertagna,1
helo,1
dino,1
rippon,1
milnor,1
swehla,1
doxtator,1
helt,1
dinn,1
gawron,1
shastri,1
volentine,1
ros,1
standifur,1
haisley,1
rom,1
ron,1
heng,1
penaflor,1
roy,1
holgersen,1
maginn,1
henk,1
schmiesing,1
henn,1
steinhouse,1
keedah,1
simcheck,1
row,1
lanzalotti,1
rox,1
siegler,1
rob,1
kuhlmann,1
hemp,1
roa,1
rod,1
dion,1
diop,1
sollers,1
roe,1
roh,1
rog,1
vanderkaaden,1
fargnoli,1
klitz,1
fornerod,1
pinette,1
duroseau,1
tekell,1
armijo,1
vitantonio,1
deculus,1
yuste,1
sedman,1
cadoy,1
countis,1
lebroke,1
held,1
brackney,1
helliwell,1
hele,1
helf,1
maceda,1
weaklend,1
coatley,1
alberthal,1
foster,1
helm,1
dirk,1
fobes,1
dire,1
vanorsdol,1
larrieu,1
veillon,1
larrier,1
liestman,1
delaune,1
yusuf,1
hudlow,1
cliche,1
cruthird,1
merancio,1
munerlyn,1
palomares,1
czysz,1
zills,1
palomarez,1
cordenas,1
macvean,1
needles,1
needler,1
pozzo,1
landingham,1
delpit,1
lewis,1
mccubbin,1
mezquita,1
pozzi,1
vitello,1
melling,1
klish,1
lewin,1
vitelli,1
holleyman,1
hoeper,1
dirr,1
hern,1
rhinehart,1
drissel,1
hero,1
herr,1
dedeke,1
hert,1
haislip,1
mckendall,1
jagher,1
morgret,1
herl,1
benusa,1
zilla,1
hudlin,1
keobaunleuang,1
hera,1
herb,1
herd,1
ripple,1
kushnir,1
hutyra,1
reistad,1
dreyfus,1
diss,1
dugre,1
bourbon,1
blackshire,1
montenegro,1
farkus,1
gundelach,1
heon,1
petrovits,1
bertolino,1
reavely,1
frerking,1
tenneson,1
hartgraves,1
klipp,1
killibrew,1
ottrix,1
aragundi,1
klevene,1
bertolini,1
hillebrano,1
zilka,1
dammen,1
iwasaki,1
mecum,1
brieger,1
rix,1
hillebrand,1
dito,1
hepp,1
rio,1
safier,1
magill,1
delaura,1
talayumptewa,1
waggett,1
bardill,1
leetch,1
zapoticky,1
kolber,1
rim,1
burgoyne,1
malenfant,1
hepa,1
keehner,1
fassinger,1
beilke,1
havens,1
youket,1
wnorowski,1
stenger,1
youker,1
stengel,1
nassif,1
demyers,1
nassie,1
pietrowicz,1
lyas,1
sulfridge,1
pies,1
pier,1
skibbe,1
forgette,1
pozos,1
mcelvany,1
flinton,1
piel,1
parenteau,1
kilker,1
piek,1
sedler,1
sherling,1
ominelli,1
hildebrand,1
linebarger,1
skaff,1
ooton,1
gulliver,1
villegas,1
waughtel,1
figurelli,1
guyett,1
rye,1
monahan,1
ruh,1
harada,1
ruf,1
rue,1
hildebrant,1
rud,1
albrough,1
parziale,1
pacewicz,1
siskind,1
charan,1
callicutt,1
diza,1
ruz,1
aivao,1
gabourel,1
rux,1
macfarlane,1
goyne,1
teltschik,1
macfarland,1
graser,1
holgerson,1
gernatt,1
ruckman,1
pick,1
dughi,1
delatte,1
pico,1
miessner,1
pressnell,1
levin,1
duliba,1
mccoard,1
pich,1
levis,1
milnik,1
conneely,1
zenteno,1
rippin,1
hollinsworth,1
stathopoulos,1
bausch,1
mingrone,1
clibon,1
pica,1
tomlinson,1
hudler,1
stierle,1
hudley,1
kuemmerle,1
monaham,1
nassef,1
narkevicius,1
nicewonger,1
havers,1
munafo,1
hornandez,1
foard,1
lyew,1
mathson,1
hixson,1
sobieski,1
skabo,1
vailes,1
farinacci,1
clattenburg,1
kasprzyk,1
aipperspach,1
macnair,1
jayroe,1
mcelvain,1
stoppenbach,1
levoy,1
lyda,1
sedlak,1
waughtal,1
lyde,1
cornog,1
charif,1
koopmans,1
abramovich,1
vonfeldt,1
medas,1
rua,1
koopmann,1
filimaua,1
averbach,1
sedlay,1
medak,1
givliani,1
medal,1
lobianco,1
skaer,1
cirone,1
boillot,1
kruiboesch,1
fosson,1
pihl,1
jarrells,1
rippey,1
magitt,1
vanschoor,1
doxtater,1
jaculina,1
mcmanus,1
ripper,1
domagalski,1
ritson,1
milnes,1
prettyman,1
markuson,1
lyau,1
milner,1
rippel,1
counter,1
pigg,1
schreder,1
pfeister,1
rippee,1
anchondo,1
willson,1
nasser,1
voisine,1
reisser,1
sarnowski,1
cainion,1
countee,1
wilenkin,1
burkette,1
sarsour,1
sickinger,1
dueitt,1
frangione,1
pina,1
moling,1
saa,1
pinc,1
ziman,1
lamirande,1
caporale,1
kulseth,1
sae,1
molina,1
priesmeyer,1
hornberg,1
caporali,1
seyller,1
miyashita,1
kressin,1
pharmer,1
follick,1
sak,1
dunford,1
moline,1
jowers,1
feather,1
bauske,1
pharmes,1
sam,1
klier,1
zimba,1
charle,1
klien,1
golphin,1
jindra,1
mohead,1
pinn,1
kliem,1
pino,1
pini,1
korshak,1
arbucci,1
pink,1
michno,1
pine,1
wallravin,1
ping,1
fossum,1
cockroft,1
berkery,1
nuxoll,1
medel,1
simoes,1
paulson,1
wildman,1
kavadias,1
meder,1
pilz,1
larriva,1
vandeusen,1
kneifl,1
marchione,1
larriuz,1
sao,1
aiuto,1
cutty,1
san,1
sau,1
tjaden,1
sat,1
cutts,1
sas,1
sar,1
molino,1
miyashiro,1
say,1
howlett,1
marchiony,1
sax,1
waibel,1
michon,1
peiper,1
cegla,1
malaspina,1
spooner,1
howarter,1
blovin,1
behrmann,1
temores,1
pila,1
mcmanis,1
klice,1
kolesnik,1
stengle,1
klich,1
pawlitschek,1
trotman,1
klick,1
pill,1
skaar,1
stclaire,1
antone,1
pile,1
ronquillo,1
antona,1
reissig,1
pili,1
lanuza,1
kittel,1
kitten,1
chustz,1
corner,1
folger,1
cornet,1
cornes,1
binegar,1
oxborrow,1
vradenburg,1
corney,1
ooten,1
eiben,1
nassar,1
eibel,1
lunnon,1
cornea,1
flammang,1
antony,1
euler,1
pike,1
levra,1
kindschuh,1
hebb,1
sanzotta,1
schreader,1
leeson,1
birdine,1
deubler,1
puita,1
siegfried,1
butenhoff,1
tymon,1
pirc,1
heap,1
farler,1
ferdinandsen,1
monsrud,1
dugan,1
bullins,1
piro,1
dugal,1
heal,1
heam,1
lyme,1
szafryk,1
dugar,1
hean,1
achziger,1
tollman,1
rightmire,1
dugas,1
deponte,1
dugat,1
farley,1
head,1
dugay,1
zonker,1
nilsson,1
iseley,1
farlee,1
trainham,1
lostracco,1
marchiori,1
aasen,1
ruszala,1
medin,1
jobson,1
lyle,1
emert,1
castrey,1
skultety,1
media,1
gephardt,1
skolnick,1
theunissen,1
havely,1
jowett,1
emery,1
emeru,1
pipe,1
ropka,1
cataquet,1
rys,1
ryu,1
lyke,1
lustig,1
cornford,1
vandewater,1
poisson,1
tolson,1
medez,1
charon,1
bonardi,1
michna,1
molima,1
gawrys,1
folgar,1
hamelinck,1
antosh,1
douillet,1
proffit,1
sprauve,1
pion,1
valcourt,1
garcias,1
roode,1
aasby,1
paulsen,1
haldiman,1
lynd,1
lyne,1
sha,1
adamowski,1
lyng,1
calamity,1
lynk,1
lynn,1
lundgreen,1
dwyer,1
wrobbel,1
yeldell,1
purpura,1
shi,1
truxell,1
itani,1
lyon,1
mojzisik,1
gassett,1
bartberger,1
ritter,1
charry,1
michie,1
tammaro,1
lousteau,1
avans,1
lemarie,1
avant,1
rottman,1
fabrizio,1
courville,1
andronis,1
iezzi,1
kutchera,1
leuze,1
six,1
cherico,1
buchannan,1
harari,1
spracklen,1
grasty,1
larabel,1
drumwright,1
farlin,1
harary,1
larabee,1
sic,1
schuele,1
sia,1
blackmond,1
krusemark,1
slemmer,1
maclauchlan,1
albertine,1
shy,1
maciejewski,1
cappaert,1
albertini,1
shu,1
sit,1
siu,1
sis,1
barnebey,1
neiderhiser,1
sin,1
koritko,1
sil,1
zimit,1
weckhorst,1
sim,1
luebke,1
hyatte,1
haverland,1
michel,1
grasso,1
cummisky,1
gammell,1
mcfatten,1
grassi,1
duling,1
grassl,1
tuomala,1
mcfatter,1
fullilove,1
nawwar,1
odonahue,1
eskenazi,1
farlow,1
grasse,1
gadewoltz,1
pellegrino,1
cherian,1
coolidge,1
avala,1
pellegrini,1
alosta,1
eschenburg,1
rufino,1
mugge,1
jostes,1
revermann,1
kalichman,1
pooley,1
mcphan,1
josten,1
swille,1
pooler,1
jowell,1
ciliberto,1
godwyn,1
rishell,1
stancoven,1
worrall,1
fatigate,1
amauty,1
sey,1
ser,1
abshear,1
schwenck,1
overlie,1
cuthill,1
leialoha,1
seu,1
pozar,1
haener,1
greminger,1
ridders,1
balthazar,1
francesco,1
corfman,1
lunney,1
bushweller,1
pereyda,1
pryzgoda,1
herbster,1
tyler,1
slaughter,1
judson,1
oachs,1
sea,1
blackmore,1
larriviere,1
tohonnie,1
tremain,1
miyamoto,1
kuziel,1
spizzirri,1
see,1
behymer,1
sep,1
seo,1
sen,1
muffett,1
montesano,1
tackett,1
gassert,1
sek,1
lunford,1
raisch,1
kadlubowski,1
hosfeld,1
luebbe,1
claycamp,1
dvorsky,1
urrabazo,1
levay,1
vigiano,1
kleinkopf,1
tuitt,1
rominger,1
levar,1
kalkbrenner,1
levan,1
milota,1
leval,1
rayborn,1
gucker,1
rickner,1
guckes,1
kitchenman,1
michal,1
ratchford,1
overley,1
sou,1
berrospe,1
sow,1
church,1
sox,1
fridlington,1
vanderschoot,1
sol,1
som,1
summons,1
son,1
soo,1
glowski,1
sor,1
sos,1
channell,1
sok,1
skare,1
deshields,1
tredway,1
sillitti,1
mcphee,1
skane,1
battaglia,1
haverstock,1
schueth,1
lisowe,1
milord,1
shamsiddeen,1
overlee,1
munari,1
sloane,1
willsey,1
jaggie,1
nishimura,1
fossen,1
levee,1
fosser,1
guckin,1
fossey,1
brockhaus,1
krogman,1
clinkenbeard,1
schuetz,1
earwood,1
jasper,1
carcieri,1
schuett,1
hefter,1
dowery,1
delois,1
abdool,1
levey,1
dwyar,1
plagman,1
borbridge,1
ausburn,1
leven,1
fearheller,1
hueftle,1
level,1
emfinger,1
ekdahl,1
sengvilay,1
riddell,1
lever,1
gienger,1
deblasio,1
jagger,1
amyot,1
sestoso,1
gaughan,1
mcphie,1
ripoll,1
braymiller,1
dowers,1
tegenkamp,1
limber,1
abbenante,1
santisteban,1
merette,1
milone,1
annuzzi,1
schwenke,1
centner,1
deloge,1
rysavy,1
berzas,1
syverson,1
bofinger,1
carlstrom,1
scordino,1
brimeyer,1
mebus,1
hailstock,1
churan,1
zepeda,1
elford,1
motzer,1
gidcumb,1
kloeck,1
levie,1
franceski,1
abkemeier,1
deloff,1
matejka,1
wrona,1
tuite,1
zehnpfennig,1
lippert,1
harang,1
sly,1
sprawls,1
bazile,1
skala,1
spracklin,1
grasha,1
rosacker,1
hugger,1
hughes,1
raasch,1
brandenburger,1
toolsiram,1
dufer,1
remmele,1
mcclenny,1
symonds,1
hughen,1
bellhouse,1
coggin,1
dawson,1
limage,1
duttweiler,1
yanacek,1
suarez,1
gellings,1
starwalt,1
korando,1
bridjmohan,1
kolden,1
poister,1
suares,1
zidzik,1
hofford,1
roots,1
profeta,1
delone,1
wedige,1
hinchcliffe,1
pummell,1
hankerson,1
delong,1
buchannon,1
balckburn,1
rooth,1
ricardez,1
harber,1
hughey,1
dufek,1
tamblyn,1
romagnoli,1
gangwer,1
algood,1
ehresman,1
harben,1
sproles,1
rattigan,1
lafleur,1
chasen,1
cobarrubias,1
swickard,1
chasey,1
kushner,1
heningburg,1
oudker,1
freiseis,1
mellish,1
rogowicz,1
rommelfanger,1
roosa,1
roose,1
sze,1
blish,1
grater,1
benway,1
abbassi,1
bliss,1
grates,1
knaggs,1
groshans,1
hrycenko,1
higinbotham,1
maxwell,1
bautch,1
cadiz,1
brauchla,1
friemering,1
edvalson,1
reister,1
corona,1
razavi,1
mcclenon,1
lorquet,1
aaron,1
bechler,1
truxon,1
hockenberry,1
khela,1
seiwell,1
mcelfresh,1
schetrompf,1
magathan,1
farmar,1
farman,1
neshem,1
vedder,1
audain,1
balthazor,1
varagona,1
bargmann,1
cadle,1
arndell,1
miyagishima,1
marczak,1
godwin,1
harbin,1
delore,1
perrigan,1
ruhling,1
eigner,1
matejek,1
chasin,1
gillitzer,1
roope,1
henault,1
caplinger,1
larrick,1
yutzy,1
bakios,1
sud,1
iseman,1
stickels,1
sue,1
langford,1
sub,1
suh,1
merkerson,1
eustis,1
lattner,1
sul,1
nacisse,1
sum,1
osmond,1
suk,1
primozich,1
blint,1
sun,1
ziegelbauer,1
sur,1
niswender,1
liskiewicz,1
berryman,1
allinger,1
mcclenty,1
vastano,1
peltzer,1
barthen,1
duffy,1
macedo,1
profera,1
promise,1
casebolt,1
hissong,1
nutley,1
stalter,1
leung,1
blount,1
rowbottom,1
ressel,1
kindberg,1
blinn,1
spieler,1
raisin,1
strayhorn,1
blind,1
bline,1
barthel,1
tai,1
taj,1
tak,1
rioseco,1
aburto,1
tag,1
tylor,1
welzel,1
dunaway,1
diaz,1
dial,1
clingenpeel,1
ovalle,1
blough,1
charnoski,1
suther,1
roome,1
vosquez,1
dias,1
romesburg,1
hickam,1
schilawski,1
farmer,1
dewberry,1
philen,1
horseman,1
diak,1
winburn,1
diab,1
landreneau,1
corburn,1
widowski,1
sanjabi,1
weirich,1
stansfield,1
wormley,1
stoppkotte,1
weirick,1
tay,1
dawsey,1
fryson,1
tat,1
braucher,1
bongiovanni,1
tao,1
dobberfuhl,1
tan,1
tam,1
zinck,1
hailstone,1
bellantuono,1
thrailkill,1
blouir,1
blouin,1
henfling,1
rooke,1
sensing,1
halsted,1
rittle,1
razze,1
swindell,1
delosa,1
rooks,1
zinda,1
macera,1
duckett,1
delosh,1
feldner,1
soderstrom,1
chason,1
crimmins,1
bubolz,1
canaday,1
kozloff,1
mecca,1
saemenes,1
winbush,1
awbrey,1
visounnaraj,1
anliker,1
mauracher,1
diep,1
suthar,1
sperier,1
szewczyk,1
dier,1
dies,1
nahhas,1
fanoele,1
tappendorf,1
boehnlein,1
vandiford,1
diez,1
danials,1
ferrandino,1
leuty,1
diec,1
hickey,1
kridler,1
gregorich,1
philio,1
philip,1
deloye,1
sommons,1
flemmon,1
diem,1
hicken,1
blide,1
diel,1
hickel,1
dien,1
mcclenic,1
mcconnaughey,1
sconiers,1
barthol,1
wildner,1
murden,1
cvetkovic,1
goreczny,1
bellefontaine,1
raisor,1
lotridge,1
derenzo,1
swiler,1
poyer,1
lundstrom,1
derenzi,1
gambale,1
blyden,1
blick,1
rittie,1
blice,1
remmers,1
dlugos,1
ginnetti,1
boelke,1
heaberlin,1
stipes,1
hetzel,1
deignan,1
stipek,1
elerick,1
simerly,1
dice,1
caddy,1
breeding,1
degrenier,1
hetzer,1
morehead,1
leaper,1
dick,1
stvrestil,1
olloqui,1
weissler,1
furfey,1
caden,1
uchytil,1
schreuder,1
anderman,1
muranaka,1
tiznado,1
sitzman,1
capella,1
lovings,1
volpicelli,1
michelotti,1
sauage,1
lorincz,1
winzler,1
chasse,1
capelli,1
sunderman,1
blier,1
rivette,1
cader,1
roofe,1
capello,1
avary,1
bliek,1
gilkison,1
scogin,1
cadet,1
kalbach,1
melendes,1
hanmore,1
schlechten,1
tepler,1
cianfrini,1
tufts,1
waterson,1
gressett,1
rogens,1
melendez,1
hoenig,1
antoine,1
liggons,1
levell,1
wynott,1
novitsky,1
levels,1
sutfin,1
darugar,1
krzeczkowski,1
corkery,1
bloyer,1
gowan,1
carrubba,1
bobowiec,1
blews,1
corkern,1
hildesheim,1
novitski,1
hanrahan,1
scioneaux,1
rankin,1
marrietta,1
fabozzi,1
embry,1
stamenov,1
klayman,1
gelber,1
myntti,1
filyan,1
novitske,1
pentico,1
hudnut,1
tepley,1
yazzle,1
haislett,1
crawley,1
bartling,1
divito,1
wickman,1
barbaglia,1
swabb,1
filyaw,1
wittenburg,1
rillie,1
cieloha,1
splinter,1
rocquemore,1
mickle,1
divita,1
cagan,1
spinello,1
fangmann,1
zingg,1
trudillo,1
letze,1
hascall,1
spinelli,1
mclane,1
luecht,1
jolicoeur,1
mcentee,1
brackley,1
carbonella,1
mateiro,1
spinella,1
sweezy,1
genereux,1
razor,1
brisentine,1
razon,1
syphard,1
baitner,1
harradine,1
cejka,1
leaser,1
tufte,1
mcdermond,1
krammer,1
pulos,1
meahl,1
goombi,1
simmon,1
wakeman,1
heisser,1
ruckle,1
krammes,1
cashmore,1
artinger,1
ansloan,1
flinspach,1
swade,1
chmelicek,1
hairston,1
gonalez,1
wigington,1
yazzie,1
pults,1
oltremari,1
parfitt,1
bracklin,1
velilla,1
mcclintock,1
pultz,1
woldridge,1
siffert,1
shufflebarger,1
laycox,1
zehender,1
swaby,1
puthiyamadam,1
duerr,1
zinkl,1
rhynes,1
rhyner,1
boeken,1
mcdermott,1
alderman,1
mclamb,1
ronan,1
neglio,1
swabe,1
schockley,1
gonales,1
mccollough,1
westrum,1
fusilier,1
westrup,1
schoggen,1
sivyer,1
hovell,1
ghiringhelli,1
pulse,1
cusic,1
remmick,1
cabrara,1
ristaino,1
pendleton,1
pat,1
pav,1
hinnant,1
pax,1
harbus,1
zinke,1
burriss,1
seibel,1
defiore,1
paz,1
rottner,1
pay,1
riveras,1
levens,1
jesperson,1
seiber,1
pac,1
sensibaugh,1
paa,1
depena,1
eheler,1
mossberg,1
vongvivath,1
pae,1
ronca,1
luecke,1
pulte,1
pak,1
meads,1
pal,1
pai,1
levene,1
pao,1
duett,1
pap,1
pam,1
tibbs,1
pan,1
loats,1
bleyl,1
ronco,1
burritt,1
faries,1
brigance,1
meade,1
tysdal,1
cicconi,1
barlage,1
lybert,1
harbor,1
wharry,1
ciccone,1
sarracino,1
gowin,1
wriston,1
tolbert,1
mostoller,1
shiring,1
meath,1
wigren,1
bogdanski,1
phu,1
blend,1
pho,1
weinbach,1
dilday,1
martens,1
benson,1
brezenski,1
phi,1
genetti,1
mears,1
leever,1
brustkern,1
razer,1
brighenti,1
ghrist,1
spearing,1
moellers,1
lecourt,1
razey,1
gripper,1
dueno,1
gutenberg,1
mcpeek,1
mease,1
bertaina,1
burries,1
summerill,1
negley,1
grippen,1
cherrier,1
leuga,1
kingsolver,1
burrier,1
overman,1
pulis,1
schnarrs,1
kippes,1
lengacher,1
krishnamurthy,1
whitehorn,1
mckellip,1
visosky,1
martell,1
vangelder,1
monarque,1
kipper,1
pew,1
kippel,1
goehring,1
leuck,1
piantanida,1
trevisan,1
gutmann,1
ubry,1
chiumento,1
meara,1
zinno,1
cabasso,1
spallone,1
idriss,1
fansher,1
stenslien,1
digirolamo,1
neglia,1
ferugson,1
dosreis,1
pea,1
ped,1
lallemand,1
mclaws,1
zinni,1
pen,1
mcpeck,1
gowey,1
pee,1
standback,1
loban,1
plew,1
halston,1
pel,1
gowen,1
mickel,1
gower,1
hoener,1
ricotta,1
stachura,1
mckellop,1
saysithideth,1
chebahtah,1
tolbent,1
vanweerd,1
pully,1
hillestad,1
maggit,1
solimeno,1
mickey,1
jespersen,1
kipple,1
maggio,1
wanschek,1
frechette,1
bushner,1
ply,1
bouillion,1
maggie,1
gowdy,1
bissette,1
lecount,1
sherraden,1
schmaling,1
benshoof,1
means,1
lamonica,1
rogers,1
walcutt,1
cinquanti,1
banerjee,1
gallinaro,1
meany,1
gowda,1
gallinari,1
bless,1
mcpeak,1
blesh,1
szachewicz,1
huntington,1
adelizzi,1
bonatti,1
beberwyk,1
mcreath,1
vanlaningham,1
chaconas,1
koitzsch,1
doetsch,1
shillings,1
brosnahan,1
papageorge,1
fortmann,1
heynen,1
phy,1
riller,1
rockafellow,1
burrill,1
pia,1
rilley,1
pih,1
farina,1
youmon,1
braulio,1
aites,1
willardson,1
meals,1
pim,1
plan,1
mealy,1
pin,1
beelar,1
pio,1
fiqueroa,1
coggan,1
trautman,1
farino,1
mazurkiewicz,1
calzadilla,1
bamberger,1
mccanless,1
duell,1
duelm,1
lopardo,1
shaffstall,1
moxley,1
saffer,1
eilers,1
buckhannon,1
eilert,1
afanador,1
pop,1
traywick,1
genthner,1
chegwidden,1
pov,1
saffel,1
pou,1
morataya,1
pon,1
beelby,1
pok,1
pol,1
knieriem,1
poe,1
sommella,1
millikin,1
oberfell,1
pod,1
knipping,1
polemeni,1
ebert,1
muncil,1
eberl,1
bacayo,1
layden,1
bevelle,1
hebard,1
waiden,1
steigman,1
jaubert,1
kilmer,1
ebesu,1
grauel,1
letko,1
glorioso,1
beeler,1
lesueur,1
steinhauer,1
ferruso,1
carlacci,1
crumley,1
kizziar,1
kunzel,1
grauer,1
mayette,1
sabean,1
ferrusi,1
jurden,1
muncie,1
ambrosio,1
laford,1
walston,1
loparco,1
sitzler,1
royalty,1
giannotti,1
olejniczak,1
mariani,1
leggitt,1
frauenkron,1
mariano,1
pereyra,1
tibor,1
ronne,1
corpus,1
corpuz,1
simeone,1
louato,1
syversen,1
rohlman,1
covarrubio,1
simeona,1
viscome,1
cagno,1
brinkmeyer,1
puleo,1
covarrubia,1
pelzer,1
duverne,1
bunzey,1
milliken,1
bourdier,1
almengor,1
frankart,1
taulman,1
curzi,1
schoenleber,1
pelzel,1
leggins,1
tornabene,1
lafont,1
fariss,1
reuschel,1
pua,1
poellnitz,1
ambrosia,1
puc,1
harcey,1
imperatore,1
friederich,1
viscosi,1
addington,1
lafoon,1
farish,1
smullen,1
purington,1
lorimor,1
loach,1
cagle,1
tsukiyama,1
lafone,1
lafond,1
moderski,1
atiyeh,1
gronowski,1
fassnacht,1
dueck,1
pry,1
mcclanahan,1
wyzard,1
malasky,1
elawar,1
thorsness,1
ogston,1
rectenwald,1
masiello,1
peirce,1
geyette,1
lapilio,1
pro,1
meaux,1
pieratt,1
westray,1
coggsdale,1
jurewicz,1
millikan,1
jonhson,1
dragovich,1
corriher,1
roner,1
bechman,1
rones,1
mckiddy,1
beerman,1
braukus,1
littleton,1
meyerhoefer,1
rondy,1
houskeeper,1
extine,1
trevarthen,1
dhar,1
fitzwater,1
mikolajczak,1
kilmon,1
ebeid,1
bullocks,1
mccaskill,1
ronde,1
arnsworth,1
levett,1
augello,1
adrovel,1
nikach,1
rondo,1
leveto,1
harcar,1
neuenfeldt,1
winingear,1
christinsen,1
letts,1
vanderploeg,1
pye,1
simmes,1
westrom,1
ronda,1
simmer,1
stahlnecker,1
haptonstall,1
pitpitan,1
falconio,1
hainsworth,1
pun,1
jagers,1
amisano,1
lanfear,1
rongo,1
monarrez,1
levere,1
clucas,1
hiersche,1
diekman,1
edgcomb,1
curto,1
goolia,1
erbentraut,1
vespa,1
curts,1
battenhouse,1
berglund,1
puz,1
shivley,1
diekmann,1
walentoski,1
armbrister,1
levers,1
levert,1
ameigh,1
miessler,1
gattshall,1
curry,1
roney,1
eftekhari,1
garraway,1
nickolich,1
descoteau,1
ahlbrecht,1
heister,1
vassar,1
eshleman,1
ucci,1
sierzenga,1
curra,1
graeter,1
cronkite,1
estevane,1
divirgilio,1
bonventre,1
ronin,1
vonstein,1
yurek,1
lisman,1
bloxom,1
singson,1
leason,1
bridenbaugh,1
bottrell,1
curro,1
leasor,1
eveland,1
divine,1
hoffner,1
ritums,1
lorimer,1
muncey,1
butsch,1
walstad,1
reusser,1
mukai,1
saladin,1
pyo,1
falconer,1
doepner,1
beasley,1
sibbett,1
battershell,1
keeble,1
gearing,1
odonell,1
harader,1
kruger,1
szeredy,1
desantiago,1
wonderly,1
vanduser,1
menuey,1
cagey,1
vandusen,1
stephanie,1
bartgis,1
cager,1
nethercutt,1
zercher,1
checketts,1
hairster,1
dolmajian,1
gindhart,1
hogsten,1
nobile,1
feldman,1
chaton,1
orwick,1
leyland,1
gooley,1
machtley,1
cinotti,1
khatak,1
kamens,1
goonen,1
oiler,1
rayno,1
appeling,1
sjerven,1
cinotto,1
leardi,1
rayne,1
blessett,1
goonez,1
pankiewicz,1
fedorczyk,1
porteus,1
burkstrand,1
cutno,1
goldmann,1
wigfield,1
hinkston,1
westling,1
travieso,1
debarros,1
rinfret,1
gouzy,1
raymo,1
mcintire,1
hovden,1
erenrich,1
ranjel,1
hartvigsen,1
kosareff,1
paquet,1
wacaster,1
glinski,1
anastasia,1
berishaj,1
cisneros,1
mangiafico,1
mohabir,1
rayna,1
butter,1
maytorena,1
billerbeck,1
roberston,1
sarkissian,1
yuengling,1
cisneroz,1
brookie,1
steinhauser,1
nesheim,1
wojnowski,1
tarrant,1
skender,1
polimeni,1
shrewsberry,1
bakley,1
pitcherello,1
luedke,1
groening,1
costantino,1
schoolcraft,1
mclouth,1
keifer,1
cutri,1
fongeallaz,1
cichonski,1
kratzke,1
hemberger,1
casteneda,1
vasser,1
cranford,1
vassey,1
tempelton,1
holtsoi,1
costantini,1
vassel,1
purrington,1
vassen,1
feldker,1
sobeski,1
benton,1
skornik,1
vittitow,1
warrington,1
portera,1
brooker,1
lobue,1
brookes,1
karlsen,1
goonan,1
stiltner,1
krupansky,1
buttke,1
jakubiak,1
plys,1
curling,1
alstrom,1
skornia,1
lobur,1
gucman,1
cappetta,1
baracani,1
czarnecki,1
vesco,1
fitzgibbons,1
temoney,1
yurko,1
luster,1
ziola,1
berberich,1
rhymer,1
saysana,1
lynott,1
romag,1
lonsinger,1
dellwo,1
roman,1
murgia,1
rhymes,1
kilfoyle,1
pachlin,1
vicario,1
conelli,1
bacchi,1
hogston,1
kaizer,1
klecker,1
anastasio,1
tyndal,1
deremer,1
harcus,1
brunfield,1
conelly,1
iacovetto,1
ciaburri,1
piercey,1
fuertes,1
paquin,1
harcum,1
prezioso,1
vassie,1
groote,1
cornutt,1
bentle,1
ossenfort,1
preziosi,1
vesey,1
lightsey,1
rayos,1
vassil,1
stirna,1
kierstead,1
berberian,1
isassi,1
kitson,1
rayow,1
vittitoe,1
tattershall,1
niemann,1
simunovich,1
carnley,1
dellum,1
ginocchio,1
chowen,1
bently,1
vanostberg,1
hindson,1
vicent,1
khatib,1
vicens,1
gover,1
swoffer,1
pingleton,1
ringrose,1
bragdon,1
stivanson,1
adragna,1
endsley,1
govea,1
button,1
sedivy,1
mcguckin,1
crandle,1
mayeski,1
bushman,1
doughton,1
hugill,1
artison,1
muise,1
rayes,1
valenzano,1
portell,1
vanvalkenbur,1
rayer,1
heddleson,1
cambareri,1
urbieta,1
scriber,1
gehrke,1
lindaman,1
merzig,1
gehrki,1
mcclaine,1
baccus,1
sedita,1
mantione,1
eichinger,1
grainger,1
peroddy,1
luikart,1
schweppe,1
sweger,1
straiton,1
forcell,1
cutia,1
rolph,1
karlson,1
onaga,1
chauez,1
lamontagna,1
kniola,1
jirasek,1
luciano,1
shannonhouse,1
slonaker,1
locey,1
lamontagne,1
abrahams,1
gehris,1
bellefeuille,1
skobiak,1
qin,1
alconcel,1
estaban,1
piatek,1
luciani,1
qiu,1
gehrig,1
detzel,1
fretwell,1
washell,1
vendrick,1
delmas,1
tolosa,1
delmar,1
schwinghammer,1
govan,1
ceruantes,1
dudik,1
capener,1
pignatelli,1
resper,1
mistler,1
respes,1
delman,1
pignatello,1
loughary,1
lueder,1
tomasson,1
groome,1
lebaugh,1
amormino,1
rabsatt,1
wachal,1
barryman,1
buttry,1
verzi,1
rovner,1
grassmyer,1
zdrojkowski,1
grooms,1
kratzer,1
timonere,1
bargstadt,1
dourado,1
dysinger,1
kilman,1
froelich,1
gstohl,1
muina,1
huckabone,1
draggett,1
saberi,1
zulauf,1
chauca,1
aiudi,1
stalvey,1
portela,1
dowland,1
konopnicki,1
stodomingo,1
kincheloe,1
crawmer,1
crawford,1
nutile,1
younts,1
ragains,1
nicolls,1
doughtie,1
deshaies,1
outwater,1
dimalanta,1
gehrer,1
howzell,1
mehaffey,1
gehret,1
barcenas,1
evangelist,1
wicklin,1
grochow,1
baldinger,1
tsosie,1
pistulka,1
letsche,1
hudmon,1
demarest,1
gehred,1
boiani,1
trautner,1
harstad,1
brackman,1
gernert,1
pletcher,1
piatak,1
komsthoeft,1
brezeale,1
sutera,1
onusko,1
potanovic,1
arroyos,1
chaulk,1
zarozinski,1
zeltner,1
happ,1
tenebruso,1
washington,1
younes,1
trilli,1
hape,1
stendal,1
barsamian,1
croxton,1
trillo,1
duden,1
jayson,1
luderman,1
tewmey,1
noffsinger,1
dudek,1
killay,1
kesner,1
hunnell,1
hrycko,1
velverton,1
groeschel,1
szafran,1
killam,1
rothman,1
hanz,1
duddy,1
essery,1
noecker,1
knoerzer,1
kingcade,1
harp,1
haro,1
tuckey,1
harn,1
graven,1
leske,1
harm,1
younge,1
schissler,1
harl,1
graves,1
hark,1
graver,1
lesko,1
tucker,1
hart,1
gravel,1
leski,1
harr,1
woolverton,1
youngs,1
mcenroe,1
wachob,1
hare,1
menton,1
tiano,1
hard,1
silvestrini,1
hara,1
slogeris,1
harb,1
eichelmann,1
bakkum,1
hudman,1
mikolajczyk,1
ankenman,1
nicolia,1
decelles,1
vandenacre,1
munning,1
rehnberg,1
yingst,1
joehnck,1
halm,1
verra,1
gehron,1
halk,1
forgione,1
hall,1
lobel,1
halo,1
bibeau,1
grillot,1
hale,1
younie,1
haroutunian,1
half,1
delagarza,1
hald,1
macchi,1
bufton,1
gessert,1
lober,1
denooyer,1
schnebly,1
dudas,1
yarbrough,1
emdee,1
nicoles,1
nicolet,1
bohlman,1
rayam,1
crandal,1
groody,1
nuckolls,1
younis,1
heikkinen,1
sanantonio,1
bovard,1
rayas,1
rompf,1
qua,1
shallow,1
govia,1
lembrick,1
dudak,1
hake,1
hardin,1
verso,1
killen,1
govin,1
dammad,1
verry,1
hardie,1
killer,1
lesco,1
szydlowski,1
viviani,1
hans,1
hanington,1
beeker,1
hant,1
wandler,1
chupik,1
hano,1
hann,1
buscaglia,1
gravis,1
hank,1
gravit,1
viviano,1
perocho,1
hang,1
hane,1
leigland,1
romon,1
hanf,1
hand,1
schnelder,1
romos,1
millette,1
monagas,1
hepfer,1
redhead,1
sankaran,1
foston,1
tecchio,1
doughtry,1
hamp,1
monagan,1
mortensen,1
prindiville,1
hams,1
partlow,1
ohlhauser,1
heffern,1
hamm,1
mentis,1
hamn,1
jurcik,1
lomascolo,1
arington,1
bolognese,1
armeli,1
hardge,1
hamb,1
wilczewski,1
ortuno,1
denmark,1
leser,1
halt,1
hals,1
vertz,1
zocklein,1
thakkar,1
zipay,1
nicolau,1
romer,1
romeo,1
hanekamp,1
nicolay,1
placido,1
thrasher,1
schimming,1
nicolas,1
treinen,1
koeninger,1
graeser,1
verne,1
sington,1
verni,1
nicolai,1
horack,1
placide,1
ciardullo,1
verna,1
cobrin,1
horace,1
hawe,1
arment,1
stanwick,1
hawf,1
spotorno,1
chupka,1
hardee,1
munday,1
spratte,1
plum,1
hawk,1
killin,1
gilbride,1
simler,1
harden,1
dedier,1
hawn,1
hardel,1
murfin,1
icardo,1
plue,1
tarrats,1
haws,1
hagemeyer,1
burreson,1
simley,1
hardey,1
cockfield,1
harder,1
halderman,1
teekasingh,1
aiton,1
haza,1
kasprzak,1
ziesmer,1
edberg,1
uber,1
weppler,1
lessa,1
vandersloot,1
murnock,1
veron,1
lesso,1
levengood,1
mclain,1
staheli,1
rombs,1
hazy,1
kontogiannis,1
haye,1
bywaters,1
schudel,1
haya,1
riveros,1
hayn,1
fugueroa,1
nazario,1
meach,1
romay,1
velthuis,1
mentel,1
ruckel,1
hays,1
lomedico,1
romar,1
ruckey,1
romas,1
menter,1
riveron,1
rucker,1
melchiorre,1
corrigan,1
farkas,1
weatherspoon,1
stender,1
chuppa,1
cliatt,1
spaulding,1
coopper,1
younan,1
lesly,1
hatt,1
harston,1
santilukka,1
lastrape,1
yusef,1
romig,1
romie,1
baccam,1
gaviria,1
cunard,1
hase,1
lesky,1
nuckoles,1
hash,1
burtenshaw,1
steichen,1
criblez,1
dinuzzo,1
chararria,1
hrovat,1
hass,1
mundel,1
hardan,1
cimini,1
munden,1
fadness,1
bovain,1
munder,1
daloisio,1
clubbs,1
shekarchi,1
mortenson,1
kauzlarich,1
riveria,1
custa,1
grilley,1
cristelli,1
truver,1
gravat,1
hortillosa,1
ciesielski,1
koizumi,1
younce,1
terhune,1
pieretti,1
mundie,1
matrisciano,1
ziesman,1
cimino,1
ruesink,1
heidmann,1
lobos,1
mclaen,1
crocker,1
crocket,1
yoshioka,1
stires,1
hauk,1
zekria,1
olejarz,1
haug,1
hauf,1
killoy,1
haub,1
westerling,1
darlington,1
verma,1
rosenbluth,1
brownstein,1
romey,1
buttel,1
haut,1
cristello,1
haus,1
balwinski,1
haun,1
ngo,1
consolver,1
schlicht,1
granat,1
wiatrowski,1
mulry,1
placino,1
granai,1
ohrnstein,1
valderrama,1
mendelsohn,1
sprinkle,1
kowalchuk,1
gressler,1
beauchesne,1
shutters,1
riherd,1
amaral,1
gressley,1
granby,1
knackstedt,1
fiebelkorn,1
summerour,1
critchley,1
lorentz,1
ondic,1
rondinelli,1
delbrune,1
hitt,1
hitz,1
ankersen,1
mangano,1
anasagasti,1
lorente,1
dedios,1
gervasio,1
caprice,1
corchero,1
kvilhaug,1
sweatman,1
androsky,1
happney,1
deguise,1
monsivais,1
karangelen,1
hite,1
rokus,1
hunking,1
lotzer,1
partido,1
kalthoff,1
borgeson,1
net,1
nev,1
neu,1
ondik,1
hokkanen,1
grande,1
mayerle,1
grandi,1
hiss,1
groscost,1
spruit,1
flannery,1
mention,1
thadison,1
houlton,1
granda,1
ned,1
dawood,1
jeremiah,1
nee,1
mckemie,1
olding,1
picucci,1
grandt,1
henkensiefken,1
hise,1
delton,1
murata,1
grandy,1
squair,1
deguire,1
grando,1
scoles,1
bozak,1
appelman,1
watahomigie,1
allridge,1
ney,1
tehrani,1
nez,1
new,1
pummill,1
nickelston,1
hirt,1
poetzsch,1
hunkins,1
daskam,1
daskal,1
encarnacion,1
partida,1
rickson,1
mathony,1
damian,1
bertorelli,1
hebden,1
hirz,1
elwell,1
lesch,1
wilkening,1
prazma,1
seidle,1
goude,1
radakovich,1
hollner,1
nobles,1
rokos,1
reichardt,1
noblet,1
mcnolty,1
maciel,1
lockbaum,1
corino,1
mehan,1
goudy,1
bartnik,1
havard,1
dierking,1
wischner,1
maciej,1
mcgeough,1
lavelli,1
lavelle,1
tricoche,1
szczepkowski,1
borland,1
muraro,1
lilyblade,1
cherepy,1
moloney,1
nam,1
zihal,1
nan,1
nao,1
nap,1
gonchoff,1
molett,1
ripley,1
piearcy,1
trainer,1
chaven,1
nab,1
ludvigsen,1
layell,1
roudybush,1
chaves,1
chavez,1
macknight,1
spruel,1
rosebrock,1
hrbek,1
lentsch,1
richwine,1
transou,1
homyak,1
scharping,1
ausland,1
conlogue,1
beaubien,1
nau,1
maccallum,1
naz,1
nay,1
asplin,1
kounce,1
sullivan,1
blasingame,1
flecther,1
schneller,1
maciag,1
rowlison,1
wickson,1
laviola,1
maciak,1
nakasone,1
oschmann,1
freemyer,1
saletta,1
leeper,1
lerud,1
critchlow,1
macias,1
katzman,1
ickert,1
hind,1
pescador,1
hinh,1
lothspeich,1
corish,1
hing,1
hine,1
hink,1
hilk,1
kupferer,1
decelle,1
hill,1
hilo,1
mcomber,1
waterfield,1
schollmeyer,1
hilt,1
hilu,1
needleman,1
lunderman,1
travaglio,1
hilz,1
slappey,1
assante,1
sprinkel,1
milsap,1
hime,1
tumey,1
mcelveen,1
luncsford,1
manvelyan,1
bonepart,1
dulan,1
plescia,1
haupert,1
arbon,1
dular,1
amargo,1
bieschke,1
blessman,1
horimoto,1
transue,1
dulak,1
frietsch,1
soyars,1
dufauchard,1
hilb,1
hila,1
fidel,1
aspley,1
gotts,1
brumbalow,1
antolini,1
langfitt,1
bednorz,1
algire,1
gotto,1
dulay,1
kimmell,1
hile,1
hild,1
kunsch,1
smithson,1
schoderbek,1
atchity,1
bozic,1
lerra,1
bodrick,1
taucher,1
mckearin,1
lykken,1
dulac,1
amrich,1
akbari,1
square,1
schubert,1
clewell,1
eighmy,1
watring,1
isales,1
shankland,1
trainor,1
breyers,1
dawoud,1
lautieri,1
granes,1
forrest,1
graner,1
jemmings,1
hirn,1
valletta,1
hird,1
graney,1
vallette,1
waltemath,1
hire,1
wilhoite,1
brunmeier,1
damico,1
grange,1
hipp,1
cedar,1
sjoberg,1
timmermann,1
engroff,1
siguenza,1
skomsky,1
pageau,1
harshberger,1
rousselle,1
timmermans,1
dulek,1
franculli,1
dullum,1
poullion,1
grriffin,1
tuman,1
duley,1
wiesner,1
bottiggi,1
sprung,1
mckerchie,1
cobler,1
urbanski,1
udoh,1
holderman,1
sprunk,1
rosenbloom,1
simkowitz,1
poskey,1
hinz,1
damien,1
lorenzo,1
seider,1
seidel,1
hint,1
seiden,1
lorenzi,1
slinsky,1
whitlinger,1
qureshi,1
tussing,1
trausch,1
farinella,1
bozek,1
garceau,1
beckwith,1
wengler,1
giancola,1
hidy,1
hieb,1
nye,1
smolenski,1
hoivik,1
gourd,1
gingues,1
maciver,1
iacovelli,1
puent,1
tully,1
mckelvy,1
weinreich,1
wedner,1
chambless,1
janrhett,1
monaldi,1
hofacker,1
dukes,1
rolen,1
gapinski,1
digaetano,1
aaberg,1
kapusniak,1
spraque,1
phyfiher,1
spallina,1
bonavia,1
roles,1
mccurtis,1
lerma,1
milliman,1
mehle,1
hier,1
arata,1
admire,1
duker,1
rolek,1
stencel,1
tjepkema,1
rolff,1
rainie,1
korthauer,1
rolfe,1
pebsworth,1
muraco,1
squires,1
viniegra,1
vorkink,1
magnie,1
ueda,1
kleftogiannis,1
arato,1
harralson,1
roley,1
waeyaert,1
dettorre,1
magnia,1
klingbeil,1
rolfs,1
tapscott,1
langowski,1
yagoudaef,1
ehrismann,1
jahnsen,1
puelo,1
hibl,1
liskai,1
ericksen,1
spratlen,1
obermiller,1
prairie,1
arauz,1
toenjes,1
spratley,1
grantz,1
hice,1
leamer,1
bourget,1
vleming,1
chuong,1
honegger,1
simson,1
boyne,1
hogenson,1
hick,1
arave,1
mcnamara,1
rainha,1
granto,1
mezzenga,1
averbeck,1
kountz,1
dickmann,1
blasing,1
oppenlander,1
bervig,1
krasovec,1
arana,1
stuhlsatz,1
blasini,1
deluca,1
rainge,1
arand,1
bodelson,1
deluco,1
mcshaw,1
tegtmeier,1
arano,1
arant,1
surbaugh,1
leroy,1
soldan,1
lerow,1
obermier,1
caoili,1
grover,1
capoccia,1
henrichsen,1
hija,1
caoile,1
ueki,1
szychowski,1
mcshan,1
tulis,1
retterbush,1
boyle,1
rainey,1
rumrill,1
bushorn,1
hainsey,1
kochert,1
gouty,1
tulip,1
murach,1
pelter,1
mulkern,1
rainer,1
raines,1
baremore,1
rolan,1
boyko,1
higa,1
lerno,1
spurgers,1
esterling,1
forlivio,1
staebler,1
larreta,1
reifsnyder,1
vassure,1
esterline,1
stencil,1
sondheimer,1
mehok,1
krumme,1
graziosi,1
johansing,1
janulewicz,1
groves,1
jaworowicz,1
langholdt,1
freuden,1
soldeo,1
hondros,1
beverly,1
spratlin,1
delude,1
higy,1
mazzera,1
greenwaldt,1
fieck,1
general,1
smolensky,1
cretella,1
tuchman,1
skeem,1
skeen,1
kemfort,1
follmer,1
forcier,1
high,1
domeier,1
skees,1
skeet,1
leaman,1
magner,1
gouse,1
trainum,1
reavish,1
dorenfeld,1
horwath,1
silvaggio,1
rollo,1
murano,1
povey,1
berver,1
rolls,1
macvane,1
milroy,1
gouin,1
machol,1
jasmin,1
rollf,1
awkard,1
rolle,1
tepfer,1
skene,1
mooring,1
nunnally,1
dresbach,1
machon,1
nygren,1
simser,1
rolla,1
noa,1
spruce,1
karatz,1
noh,1
rohlfing,1
noe,1
corsino,1
tadlock,1
tyrer,1
nol,1
randol,1
verderosa,1
chaddlesone,1
sprayberry,1
corsini,1
nop,1
corwell,1
khatri,1
randon,1
murany,1
wollner,1
honberger,1
mehdi,1
damours,1
goffman,1
chelette,1
juneja,1
soldow,1
okinaka,1
noy,1
bubrig,1
fleckenstein,1
tyree,1
patolot,1
cavallario,1
puetz,1
shirley,1
liechty,1
puett,1
triece,1
foxman,1
bisaillon,1
leray,1
folker,1
trobough,1
liechti,1
folkes,1
gouge,1
choung,1
folken,1
cecil,1
gough,1
scheulen,1
sideman,1
sarmento,1
mayland,1
depuydt,1
huxhold,1
follman,1
reiswig,1
kotschevar,1
aerts,1
magnan,1
chavis,1
guadagnolo,1
hornback,1
milbrandt,1
phimpradapsy,1
kallbrier,1
rolon,1
balboni,1
onyeanus,1
alderfer,1
lerch,1
boyum,1
mumaw,1
eckblad,1
smotherman,1
umezawa,1
mendiola,1
mehis,1
jasmer,1
osterland,1
cecot,1
gebhardt,1
munivez,1
coleson,1
fulenwider,1
cassmeyer,1
gautreaux,1
mcisaac,1
rolin,1
loshbaugh,1
aerni,1
gelhar,1
gould,1
chiasson,1
fillingham,1
benavente,1
blasius,1
randle,1
machle,1
schriber,1
dearruda,1
lerew,1
araya,1
siegfreid,1
birsner,1
lerer,1
jaynes,1
kominski,1
cerullo,1
cerulli,1
boyte,1
whitlingum,1
nii,1
pachter,1
skemp,1
krovious,1
mumby,1
nie,1
choute,1
motton,1
kallevig,1
nix,1
niu,1
backhaus,1
loescher,1
desautel,1
zuehls,1
baggenstoss,1
macivor,1
furkin,1
nip,1
nim,1
nin,1
nik,1
chough,1
vanauken,1
mackaman,1
gisriel,1
tkacik,1
keleman,1
bulloch,1
ficks,1
labier,1
bullock,1
hrcka,1
escalante,1
oge,1
jungck,1
ogg,1
knierim,1
latting,1
avera,1
randel,1
salmeron,1
starbird,1
foell,1
masson,1
lippard,1
ohs,1
wickstrom,1
larmore,1
estergard,1
ohr,1
herwood,1
marandola,1
wimberly,1
trusso,1
ohl,1
merales,1
ramsuer,1
ohm,1
bartmes,1
limbrick,1
geohagan,1
whisenton,1
freguson,1
saxfield,1
woodall,1
pulcher,1
ficke,1
bourgue,1
camberos,1
vanauker,1
godsey,1
lastiri,1
innarelli,1
stouall,1
bibles,1
bibler,1
worbington,1
jurina,1
tondreau,1
philbin,1
meadowcroft,1
cychosz,1
jungen,1
beedoo,1
maravilla,1
heyman,1
veloz,1
szufat,1
flournoy,1
mohair,1
ortolano,1
helmcamp,1
thyne,1
pohl,1
avena,1
thyng,1
ludington,1
emberling,1
ficht,1
aveni,1
sibounma,1
deloatch,1
brehmer,1
bolerjack,1
titcomb,1
avent,1
oja,1
kraasch,1
henrikson,1
proietto,1
kaaihue,1
och,1
kelemen,1
perkowski,1
fallick,1
sharperson,1
randal,1
bondanza,1
leuhring,1
poli,1
fleegle,1
ducking,1
polk,1
briguglio,1
poll,1
pole,1
trusello,1
mcelpraug,1
oby,1
pola,1
rojos,1
juriga,1
ode,1
roland,1
berwald,1
resner,1
briagas,1
odo,1
tinsman,1
wischman,1
goldsboro,1
hoesly,1
reinkemeyer,1
elsbree,1
plazza,1
gruninger,1
bergholm,1
eredia,1
poke,1
asplund,1
schember,1
bergholz,1
sarchett,1
oda,1
pound,1
sulouff,1
beedle,1
pomo,1
emayo,1
oen,1
gotay,1
mcgarity,1
ledezma,1
pong,1
massie,1
channing,1
gamewell,1
schmahl,1
spiegel,1
fushimi,1
pond,1
pone,1
bouyer,1
triffo,1
polo,1
schloemer,1
kerstetter,1
skerl,1
delsol,1
dedominicis,1
delson,1
bouyea,1
polakis,1
holtzen,1
alston,1
lauber,1
off,1
poma,1
veltz,1
gotch,1
defiglio,1
wedlow,1
holtzer,1
rollyson,1
jurich,1
pimentel,1
jurica,1
labine,1
budnick,1
lingberg,1
gosse,1
ritchotte,1
bumbrey,1
armlin,1
piselli,1
bellerdine,1
teasdale,1
hoversten,1
silverthorn,1
harcourt,1
giovinco,1
zastawny,1
delwiche,1
beauchaine,1
fadley,1
gosso,1
wedderburn,1
paczkowski,1
derusha,1
venible,1
gossi,1
resnik,1
bissegger,1
peretti,1
desamito,1
kogler,1
ucha,1
poat,1
bushong,1
massei,1
tunis,1
mcshea,1
massed,1
karroach,1
rubenfeld,1
warncke,1
antila,1
emami,1
lopera,1
stolarski,1
rolack,1
massee,1
araki,1
liskey,1
geddings,1
cuzzo,1
dimezza,1
schweitz,1
martich,1
oak,1
poag,1
lisker,1
cuzzi,1
posley,1
kershbaumer,1
sarcinelli,1
steinhorst,1
oba,1
smolski,1
duchnowski,1
emano,1
hutchens,1
menzer,1
pollacco,1
sarcinella,1
ohanesian,1
bumbray,1
oar,1
caetano,1
podolak,1
martian,1
oas,1
massey,1
menzel,1
kranendonk,1
masser,1
cantarella,1
fielden,1
obi,1
elsass,1
zachariades,1
antill,1
fielder,1
mysliwiec,1
mcelrath,1
bierwirth,1
carnero,1
vandine,1
pugel,1
feezell,1
aldrete,1
velzy,1
delvecchio,1
doward,1
katzner,1
tofani,1
pock,1
tunby,1
kastman,1
poch,1
mckenny,1
mittlestadt,1
longobardi,1
bartman,1
zbinden,1
peduto,1
raviele,1
siebeneck,1
kellison,1
mintreas,1
casselman,1
engebretson,1
maglio,1
olinsky,1
kusumoto,1
pelton,1
brancanto,1
thacher,1
dukas,1
tuner,1
folino,1
introini,1
khiev,1
carnett,1
poff,1
denzler,1
earnest,1
mcelravy,1
nyquist,1
niederhauser,1
oines,1
labita,1
sathiraboot,1
poet,1
poer,1
rumfelt,1
ficek,1
godson,1
annable,1
trusty,1
brookskennedy,1
mckenna,1
wiedmann,1
buckwalter,1
provost,1
avers,1
betties,1
pody,1
argandona,1
avery,1
menzie,1
marchitto,1
bourgon,1
massar,1
pimental,1
pode,1
spiegle,1
karshner,1
cadavid,1
massay,1
velardes,1
knezevich,1
emard,1
schembri,1
gaetano,1
schmaus,1
oya,1
vickey,1
schembra,1
gaetani,1
hugley,1
readinger,1
mcnelley,1
vicker,1
placker,1
pitkin,1
megia,1
bensen,1
chinweze,1
benser,1
oplinger,1
bortner,1
morowski,1
maultsby,1
sweatmon,1
homsher,1
schossow,1
nelder,1
dunsmore,1
molder,1
mckercher,1
fieldman,1
bohlsen,1
kelcourse,1
molden,1
negbenebor,1
wagenblast,1
borlace,1
roker,1
ceder,1
mikovec,1
attwood,1
bensch,1
ioele,1
mulch,1
hamzik,1
shelnutt,1
phipps,1
godnick,1
dunsmoor,1
knower,1
miralles,1
mcnellie,1
marcelle,1
terrazas,1
esquivias,1
sweets,1
marcella,1
greenbaum,1
marcello,1
valiente,1
pownell,1
marcelli,1
laflam,1
oza,1
rubottom,1
riling,1
raiola,1
schmatz,1
eastlund,1
selvester,1
mcnellis,1
galgano,1
annabel,1
butzke,1
sweesy,1
lingbeek,1
levalley,1
monninger,1
rachlin,1
schweiss,1
roques,1
sedore,1
broomes,1
mulik,1
rosentrater,1
makley,1
desilets,1
gammill,1
lamparski,1
alstad,1
makler,1
ott,1
marcelin,1
haroldson,1
oto,1
truehart,1
knerien,1
embly,1
ost,1
gelino,1
wedman,1
moghadam,1
cuzco,1
coullard,1
kaestner,1
ota,1
poteete,1
sweers,1
emerick,1
weakley,1
kiewiet,1
shutter,1
emerich,1
moldan,1
henesey,1
threlfall,1
almazan,1
cinnamond,1
izaguirre,1
greczkowski,1
lohmann,1
isaman,1
offenbacker,1
simenez,1
jerkins,1
riggings,1
gotta,1
swicord,1
gookin,1
momphard,1
sweere,1
deserres,1
laflen,1
houchins,1
kochkodin,1
lafler,1
kastler,1
shimaoka,1
kuchenmeister,1
vanfleet,1
megna,1
bazner,1
ouk,1
oum,1
burnsed,1
oun,1
depauw,1
opp,1
pachucki,1
siedlik,1
ocheltree,1
falling,1
groupe,1
fodera,1
stavely,1
mckeller,1
birton,1
centini,1
megan,1
tomasulo,1
mckeever,1
depaul,1
densford,1
bozzi,1
kopsho,1
rolark,1
goodacre,1
jurist,1
mullennex,1
veles,1
butzen,1
gaugler,1
askvig,1
goldsborough,1
butzer,1
panebianco,1
randgaard,1
reinmann,1
velez,1
giambattista,1
delmonaco,1
zeccardi,1
bettino,1
veley,1
pouch,1
bettini,1
chawla,1
isaacsen,1
hafeman,1
cervoni,1
watchorn,1
daggett,1
schmand,1
wollman,1
cervone,1
sweeny,1
ork,1
wiegand,1
engebretsen,1
poskus,1
melusky,1
orm,1
depass,1
mahunik,1
dimartino,1
delvillar,1
orn,1
snellgrove,1
mantegna,1
orr,1
ground,1
ord,1
ore,1
orf,1
shirkey,1
mednick,1
sweene,1
ori,1
wharff,1
mcginness,1
ruchti,1
vergamini,1
prazak,1
ort,1
waggener,1
villella,1
laflame,1
corker,1
velie,1
ory,1
mconnell,1
hollifield,1
vigliotti,1
schmalz,1
sweely,1
lingbeck,1
prosenick,1
crummie,1
bozzo,1
ronayne,1
noblin,1
keefauver,1
effinger,1
medicus,1
kotarski,1
bignall,1
ora,1
kingsford,1
mchendry,1
geneseo,1
berube,1
laflin,1
schmale,1
fleeger,1
kilner,1
old,1
milson,1
coletti,1
estimable,1
mckellan,1
bartlow,1
losinski,1
megee,1
riofrio,1
olk,1
nalbone,1
vanalstine,1
olm,1
wamser,1
mulac,1
olp,1
lechelt,1
barhorst,1
meger,1
groulx,1
archibeque,1
oka,1
kerslake,1
ohearn,1
veliz,1
gassoway,1
daniell,1
oki,1
ghramm,1
velis,1
simril,1
daniele,1
roemhild,1
ravetti,1
marszalek,1
mullennix,1
pough,1
gothe,1
doncaster,1
pouge,1
daniely,1
ravetto,1
altermatt,1
hwang,1
mapston,1
broomfield,1
wollmer,1
uehara,1
haagensen,1
stitch,1
mckellar,1
daniels,1
nichter,1
coletta,1
jeannoel,1
ona,1
lagreca,1
kribbs,1
fleming,1
haroldsen,1
hogstrum,1
ong,1
claucherty,1
siriano,1
miccio,1
aragaki,1
guillereault,1
southgate,1
siriani,1
ono,1
meggs,1
neldon,1
billington,1
velky,1
henriksen,1
macina,1
philben,1
berkeley,1
barribeau,1
sconyers,1
omo,1
stallings,1
cuartas,1
wiegard,1
stites,1
oms,1
crummey,1
foecking,1
piazza,1
vella,1
branseum,1
arden,1
gulotta,1
molyneux,1
trumball,1
leisch,1
hallgren,1
triggs,1
bottiglieri,1
kersten,1
benoff,1
gilbreath,1
milazzo,1
mentgen,1
mackessy,1
kakaviatos,1
hoerig,1
bartley,1
saltzman,1
frickson,1
scaturro,1
bartlet,1
bartles,1
kestle,1
fodor,1
tutterrow,1
sweazy,1
kounthapanya,1
sobieraj,1
palisano,1
toyoshima,1
pittenger,1
lorello,1
brudner,1
otutaha,1
bertus,1
divers,1
pacana,1
brungardt,1
lorelli,1
jillson,1
nachmias,1
strittmatter,1
lanski,1
brisbois,1
blitz,1
sagendorf,1
mcpike,1
amsberry,1
mantilia,1
pinchock,1
aldrich,1
macalma,1
betters,1
liberato,1
corkum,1
leiser,1
mccammon,1
leisey,1
sajous,1
tuggles,1
strachman,1
liberati,1
topolosky,1
emslander,1
leggett,1
charrier,1
iamiceli,1
braunbeck,1
hoffses,1
clolinger,1
cermeno,1
guetersloh,1
norling,1
vandeyacht,1
lawernce,1
cabon,1
geathers,1
stacker,1
benoit,1
slomski,1
swindler,1
stacken,1
harkenreader,1
cabos,1
cabot,1
liebermann,1
patoine,1
trupia,1
dottery,1
mccoskey,1
wildeboer,1
halliwell,1
client,1
maston,1
knepel,1
gilfillan,1
persten,1
deshpande,1
cisnero,1
gritton,1
ardis,1
depalo,1
mccosker,1
allscheid,1
alstott,1
leerar,1
bolander,1
mcgath,1
kaanana,1
charriez,1
grapes,1
albrashi,1
halonen,1
lekberg,1
capinpin,1
graper,1
callicoat,1
helmsing,1
seifts,1
zaller,1
silacci,1
marquitz,1
jeanphilippe,1
grotts,1
rydelek,1
peluse,1
kailiponi,1
delrio,1
peluso,1
delrie,1
tinsley,1
gillund,1
dowdle,1
mcgarr,1
roehrig,1
mcgary,1
lansey,1
wiesler,1
mackillop,1
vangerbig,1
laa,1
lab,1
lanser,1
bushrod,1
lah,1
lai,1
lal,1
lan,1
lam,1
sondelski,1
lao,1
bibian,1
neuhauser,1
lat,1
belluomini,1
law,1
lax,1
mckeone,1
lau,1
cabla,1
lav,1
mastro,1
mcgilton,1
lay,1
latassa,1
cable,1
kahookele,1
demirjian,1
rodeheaver,1
kudlacik,1
plesant,1
frontiero,1
brabson,1
sauerhage,1
piedigrossi,1
blixt,1
neudeck,1
aamot,1
bourdon,1
kester,1
folmar,1
kesten,1
tenorio,1
sunderlin,1
yazzi,1
leanza,1
meese,1
benfield,1
armintrout,1
delnero,1
kalberg,1
berrian,1
wacker,1
screnci,1
munro,1
calvillo,1
kuy,1
fullington,1
vittetoe,1
meers,1
kut,1
thornberry,1
herndon,1
kus,1
kur,1
saputo,1
kuo,1
dettra,1
kun,1
kum,1
osario,1
kuk,1
rosenholm,1
holdridge,1
krolick,1
grazioplene,1
wallentine,1
vanamburg,1
hersman,1
wisniewski,1
gilligan,1
kupersmith,1
follansbee,1
azatyan,1
fodge,1
aschoff,1
kloss,1
marquina,1
mcalmond,1
muntz,1
hrivnak,1
fouracre,1
dilibero,1
foder,1
beegle,1
rhames,1
belzung,1
consigli,1
klose,1
fitterer,1
chulla,1
masten,1
meharry,1
mastel,1
blashak,1
loviska,1
wachsmuth,1
ardon,1
enkerud,1
figart,1
mcgann,1
bertog,1
bischoff,1
figaro,1
adebisi,1
kub,1
polisky,1
kuc,1
figary,1
kue,1
berton,1
galligher,1
munuz,1
fansler,1
zwick,1
kuh,1
tanzer,1
gorum,1
bertot,1
stenkamp,1
odette,1
bluemel,1
kloth,1
master,1
jaillet,1
kua,1
zilnicki,1
lepri,1
meszaros,1
lepre,1
margaryan,1
wolsdorf,1
ruhland,1
gingras,1
christal,1
klotz,1
quammen,1
christan,1
grundmann,1
winterholler,1
vollmers,1
petrossian,1
pownall,1
deighan,1
khlok,1
philps,1
munno,1
amedro,1
sweatt,1
gorri,1
munns,1
ranger,1
shemwell,1
krulik,1
rangel,1
glapion,1
werking,1
mclavrin,1
dively,1
cucinotta,1
mithell,1
gravatt,1
friedler,1
divens,1
lanson,1
piascik,1
hargenrader,1
bloomsburg,1
schoemaker,1
swiger,1
munos,1
karpstein,1
salerno,1
baklund,1
berntson,1
baumgartner,1
munoz,1
mantilla,1
rogish,1
depace,1
strasburger,1
budzyna,1
dettor,1
grappe,1
czarniecki,1
klette,1
ryzinski,1
stancato,1
vanochten,1
burrell,1
beaugard,1
grappo,1
vanbeveren,1
brisbone,1
tibbetts,1
mastin,1
yeatman,1
dregrich,1
hershkowitz,1
entwisle,1
boxer,1
kye,1
hesford,1
blazon,1
kym,1
vongsakda,1
ardry,1
logosso,1
ammons,1
guilianelli,1
martiez,1
bowie,1
syphers,1
twymon,1
ereaux,1
casilla,1
sabins,1
rovira,1
nussbaum,1
bowin,1
sabino,1
osinski,1
mittchell,1
sabini,1
sabine,1
merante,1
langenheim,1
koenigsberg,1
casillo,1
christle,1
sabina,1
layher,1
bertel,1
layhew,1
lok,1
loo,1
lor,1
depaulis,1
lebaron,1
potthoff,1
belscher,1
loe,1
klomp,1
loh,1
compagno,1
heinzle,1
loi,1
mcgaha,1
compagna,1
riddick,1
autrey,1
traeger,1
dippery,1
shoyer,1
los,1
lot,1
lou,1
viengxay,1
low,1
mckenty,1
loy,1
homeyer,1
goshorn,1
christin,1
cacal,1
bertha,1
dominowski,1
schooner,1
corlee,1
loa,1
corlew,1
lob,1
ebadi,1
corley,1
suthers,1
hebets,1
bartkus,1
zmiejko,1
flournay,1
truxler,1
quilici,1
hasberry,1
kimberly,1
cothren,1
hebert,1
vilven,1
nurre,1
meranto,1
margaret,1
ebach,1
lafkas,1
gutzmann,1
kloke,1
arcuo,1
wratchford,1
siliezar,1
padarebones,1
lepke,1
christie,1
dashne,1
seigel,1
loreman,1
gosvener,1
schiveley,1
mckenzy,1
seiger,1
lindelof,1
chiodini,1
bertin,1
jelsma,1
limburg,1
luc,1
orlando,1
muoio,1
bertie,1
dashno,1
kidwell,1
lua,1
furino,1
niggemann,1
lue,1
orlandi,1
farney,1
sugiyama,1
mccurren,1
rojas,1
berrien,1
summitt,1
kempinski,1
pozo,1
rucinski,1
trailor,1
bowle,1
mierzwinski,1
farner,1
murcko,1
farnes,1
quiralte,1
rewakowski,1
mcbeath,1
deubner,1
ulanski,1
berrier,1
kirscht,1
sinarath,1
chauhdrey,1
vandezande,1
colpitts,1
burress,1
christen,1
levans,1
pytlewski,1
christel,1
kellebrew,1
cabrero,1
lepez,1
detienne,1
arrant,1
umlauf,1
handerson,1
klopf,1
powe,1
tetlow,1
hebenstreit,1
klopp,1
cabrera,1
knippers,1
desrochers,1
arrand,1
kloos,1
irizarry,1
magley,1
bertke,1
murcia,1
tomshack,1
salesky,1
cothran,1
erspamer,1
othman,1
cranfill,1
irizarri,1
appelgren,1
asters,1
nurmi,1
berntsen,1
martins,1
hentschel,1
woodand,1
muckenfuss,1
martinz,1
martiny,1
quaglieri,1
blazek,1
bozzell,1
martino,1
umland,1
pouk,1
fabello,1
martine,1
grothe,1
dicorcia,1
blazer,1
strimple,1
rottier,1
martini,1
mcclammy,1
milton,1
pour,1
middlekauff,1
dombkowski,1
engleman,1
martina,1
alvarado,1
odorizzi,1
kanjirathinga,1
poxon,1
panduro,1
gosha,1
poux,1
billingsly,1
norlien,1
mellinger,1
goshi,1
butkowski,1
juncaj,1
duenwald,1
farnam,1
rojek,1
dowell,1
cracchiolo,1
kloer,1
farnan,1
chisari,1
lebarge,1
lanter,1
cothron,1
lantey,1
spieker,1
cradduck,1
port,1
prayer,1
muenkel,1
ashmore,1
cabrena,1
atchley,1
folmer,1
crissinger,1
bidwell,1
posa,1
guszak,1
gunderman,1
byczek,1
anderlik,1
lepak,1
ley,1
poss,1
denzine,1
lew,1
hoeser,1
lex,1
leu,1
lev,1
post,1
baggott,1
twellman,1
leo,1
allwood,1
lem,1
cacho,1
len,1
lek,1
massmann,1
lei,1
leh,1
bowne,1
poth,1
steiniger,1
pote,1
lee,1
weissman,1
led,1
sadusky,1
cachu,1
mackynen,1
magnetti,1
lea,1
latessa,1
poto,1
mcclamma,1
kesson,1
chlebus,1
pott,1
klock,1
woodard,1
doseck,1
fawell,1
gritten,1
mawyer,1
ugaz,1
bouchillon,1
heinzig,1
gosey,1
nurse,1
martire,1
tawney,1
jacinto,1
lievsay,1
hovard,1
ankeny,1
bertao,1
christou,1
pora,1
pitner,1
dulkis,1
wonsik,1
broderick,1
gosda,1
pitney,1
christon,1
wattenberg,1
rogian,1
leitao,1
brookings,1
poro,1
banegas,1
saulpaugh,1
kozera,1
eiland,1
pore,1
peshlakai,1
marcrum,1
ardan,1
braught,1
shearhart,1
fuerstenberg,1
bertch,1
cabreja,1
pono,1
deboard,1
klohe,1
lebario,1
pons,1
pont,1
wonser,1
pool,1
jongeling,1
poon,1
klohr,1
klohs,1
moxham,1
carboni,1
gosch,1
heubusch,1
carbone,1
heinzen,1
lis,1
trojecki,1
hjelle,1
lio,1
lin,1
crochet,1
lim,1
aldrige,1
poor,1
liz,1
humprey,1
allinder,1
poot,1
liv,1
liu,1
lauritsen,1
lia,1
popi,1
popp,1
leitch,1
shunnarah,1
reyers,1
berrios,1
antman,1
margaris,1
mcclaughry,1
mihaly,1
popa,1
illingworth,1
lie,1
groton,1
flourney,1
carnine,1
pope,1
canslor,1
mcgovern,1
machen,1
machel,1
meranda,1
chukri,1
fiala,1
hollman,1
machey,1
arceo,1
mulkhey,1
lleras,1
filson,1
merando,1
fitzen,1
billingsby,1
fitzer,1
focks,1
laditka,1
brussell,1
mcsorley,1
bartolone,1
ellerby,1
wethington,1
arcea,1
soland,1
kleven,1
pilkerton,1
ellerbe,1
solana,1
brennaman,1
wormely,1
klever,1
gabaree,1
fazenbaker,1
essary,1
focke,1
macclairty,1
pitman,1
veigel,1
solano,1
cremins,1
crippin,1
suitor,1
ramaudar,1
locklier,1
leitem,1
maholmes,1
jurgen,1
tynan,1
crippen,1
ebarb,1
poggio,1
curless,1
szerbin,1
kayastha,1
mac,1
gabardi,1
mah,1
mai,1
mclead,1
leamon,1
maj,1
mak,1
mad,1
mae,1
mcgroarty,1
manicchio,1
mar,1
dreessen,1
mas,1
mclean,1
mam,1
leiter,1
man,1
mao,1
zamarron,1
neiford,1
may,1
manjarres,1
lincoln,1
max,1
kolaga,1
maw,1
mau,1
dawley,1
alacano,1
lanfair,1
eubanks,1
alderink,1
hackshaw,1
bartolome,1
hosseini,1
grivetti,1
summerlot,1
hornbeck,1
mcgavisk,1
mcelhiney,1
knieper,1
mazzini,1
beiley,1
arcia,1
kratchman,1
manjarrez,1
medema,1
phildor,1
rebeiro,1
beiler,1
whybrew,1
itzkowitz,1
lindeman,1
vardaro,1
jurgensmeyer,1
grishaber,1
safley,1
bethoney,1
pecanty,1
solari,1
lajoye,1
schlossman,1
canetta,1
erebia,1
princevalle,1
tuberman,1
onell,1
crotwell,1
leota,1
medell,1
machin,1
whitsitt,1
hoffmann,1
develice,1
solarz,1
mcgeorge,1
machia,1
lantis,1
grosso,1
mroczkowski,1
mee,1
casebier,1
oneil,1
matushevsky,1
woodcox,1
grosse,1
tyner,1
tynes,1
vinning,1
grossi,1
ensworth,1
mew,1
pfrogner,1
bresciani,1
venth,1
schnetter,1
juneau,1
meo,1
vento,1
men,1
bullman,1
hornbeak,1
mei,1
kobrin,1
alcide,1
pranger,1
gregoroff,1
jamerson,1
medus,1
ramotar,1
farnum,1
lauden,1
mey,1
rohlf,1
hostert,1
lauder,1
kilimnik,1
masure,1
focht,1
kessel,1
duhon,1
rohla,1
chayka,1
boyan,1
boyar,1
boyas,1
priefert,1
venus,1
luy,1
luz,1
ireland,1
colesar,1
bagron,1
lantto,1
zulfer,1
callicott,1
luk,1
hashimoto,1
lui,1
luo,1
lum,1
chlebek,1
heatherly,1
keigley,1
lux,1
boenig,1
peyatt,1
luu,1
malaver,1
tessier,1
warnack,1
villenas,1
stolzenberg,1
shibles,1
boyette,1
malavet,1
rohrs,1
luehrs,1
feaganes,1
minniti,1
amason,1
boyce,1
hudgens,1
toefield,1
stillion,1
schumpert,1
mcaleese,1
forcino,1
lantry,1
shibley,1
mcelwaine,1
ulibarri,1
fruchter,1
tynio,1
serfling,1
cansler,1
boyda,1
marciano,1
boyde,1
fitzke,1
luaces,1
summerlin,1
slocum,1
mottai,1
nordgren,1
boyes,1
boyer,1
kawamura,1
lye,1
hoobler,1
kamiya,1
verducci,1
boyea,1
raquel,1
brienza,1
stitely,1
piechowski,1
holguin,1
discher,1
gillespie,1
redhage,1
higgins,1
manweiler,1
mcelhinny,1
spurgeon,1
kunter,1
schwister,1
celani,1
cliffe,1
brunskill,1
mcdaniels,1
smetana,1
celano,1
lym,1
arnsberger,1
lyn,1
machan,1
machak,1
alcina,1
brengettey,1
gabrel,1
riesinger,1
perkinson,1
politis,1
alcini,1
beaudreau,1
lanton,1
voisard,1
alcine,1
schwieger,1
resler,1
brogdon,1
gillihan,1
lieurance,1
muffley,1
twyman,1
stagnitta,1
kyseth,1
hildebrandt,1
mottet,1
gulyas,1
escanlar,1
kolkmann,1
barrickman,1
arkontaky,1
mumma,1
simpon,1
happenny,1
howieson,1
motten,1
zarriello,1
mumme,1
yousef,1
motter,1
arcos,1
wiesman,1
donofrio,1
bredice,1
tuley,1
gangluff,1
erickson,1
kuklinski,1
minning,1
stalzer,1
gruenwald,1
kolash,1
corneille,1
facundo,1
berson,1
alvarracin,1
vanmiddleswor,1
quinlivan,1
leoni,1
kolasa,1
tetley,1
mehringer,1
suiter,1
leona,1
stagnitto,1
leone,1
leong,1
schwarzenbach,1
walsworth,1
leavengood,1
ackers,1
ackert,1
ueno,1
wisecarver,1
hekman,1
benimadho,1
macanas,1
powal,1
lamberto,1
pagels,1
lamberty,1
findley,1
arbry,1
haymore,1
kidane,1
villaneuva,1
austerberry,1
lamberti,1
lamberth,1
farone,1
tukes,1
opoien,1
thixton,1
moh,1
moc,1
vener,1
vanblaricum,1
mcleod,1
moe,1
bredernitz,1
mon,1
youree,1
cloepfil,1
mok,1
lawford,1
mom,1
milliner,1
mcleon,1
kiessling,1
mow,1
kolata,1
waverly,1
moy,1
mor,1
hazelett,1
meehl,1
mou,1
girbach,1
veney,1
cormia,1
finucan,1
tynon,1
mcclaney,1
bardney,1
pitmon,1
aughenbaugh,1
ikeard,1
sagedahl,1
gelabert,1
demarino,1
sampair,1
simple,1
caban,1
cabam,1
bertolami,1
demarini,1
cabag,1
vigilante,1
bersch,1
meeks,1
sokolik,1
covone,1
cabal,1
sampaia,1
amrein,1
mediano,1
ellamar,1
munks,1
mathewson,1
hutzel,1
maryott,1
mckeown,1
beauchamp,1
celaya,1
scritchfield,1
millings,1
gorny,1
penticoff,1
stouder,1
elwick,1
findlen,1
fiorentini,1
santillanes,1
geoghegan,1
dalmata,1
hebdon,1
gregston,1
santillanez,1
powel,1
wontor,1
masudi,1
brusseau,1
seifer,1
szumilas,1
goris,1
fiorentino,1
findlay,1
munis,1
masuda,1
dunnegan,1
velmontes,1
mcclanan,1
muniz,1
schwabauer,1
pociask,1
portaro,1
imperato,1
munir,1
haymond,1
langfield,1
felicano,1
lajoie,1
miceli,1
gorin,1
kornprobst,1
poremski,1
mentnech,1
disilvestro,1
duhan,1
tukis,1
friedman,1
gelger,1
cargile,1
brallier,1
ellerbeck,1
wemark,1
meeds,1
wolfgang,1
shishido,1
abelson,1
sampang,1
rosebrook,1
nusom,1
cargill,1
ogzewalla,1
wadleigh,1
brienen,1
sonnenfeld,1
standifer,1
pefferkorn,1
mungo,1
tollner,1
jungling,1
gorka,1
corman,1
blessing,1
farfaglia,1
pourchot,1
senechal,1
vence,1
klocke,1
ahrenstorff,1
seigart,1
whobrey,1
kobryn,1
grosby,1
mui,1
leitze,1
mun,1
hopwood,1
tanksley,1
llorens,1
leanen,1
rohling,1
lorence,1
malinowski,1
eckmann,1
kastner,1
knowling,1
grosch,1
lantzy,1
bagsby,1
alsobrook,1
ludvigson,1
goree,1
simper,1
margason,1
amedee,1
hews,1
belkowski,1
pagett,1
gores,1
aykroid,1
gorey,1
amedeo,1
munet,1
powis,1
muney,1
vicini,1
munez,1
buckendorf,1
goren,1
munda,1
tagliavia,1
killiany,1
guilbault,1
dullen,1
branscom,1
kazanjian,1
purkey,1
silkenson,1
dueber,1
venne,1
dullea,1
mundo,1
hoffstatter,1
fiato,1
minnier,1
gordy,1
mundt,1
gloden,1
mundy,1
mundz,1
wiltbank,1
gordo,1
meech,1
heys,1
heyl,1
jeoffroy,1
heyn,1
foller,1
gotthardt,1
laudat,1
grajeda,1
essaid,1
folley,1
munch,1
munce,1
adriance,1
algier,1
burdette,1
schwarzkopf,1
didonna,1
muncy,1
heye,1
algien,1
meece,1
heyd,1
gorgo,1
ellisor,1
min,1
mio,1
mir,1
mis,1
brogden,1
siedner,1
milush,1
miu,1
mix,1
engberg,1
gillson,1
millinor,1
antley,1
minnich,1
oneel,1
vanleeuwen,1
newsham,1
fluette,1
schneidermann,1
ellison,1
minnick,1
trotter,1
ostergard,1
hess,1
bielefield,1
androlewicz,1
sampaga,1
dedman,1
hasgill,1
schaarschmidt,1
lenzo,1
munaz,1
goral,1
wilhelm,1
haeger,1
lisius,1
mclear,1
power,1
lenze,1
giacomo,1
horstman,1
munar,1
lenzi,1
gularte,1
herz,1
tranter,1
bersaw,1
gorczynski,1
diiulio,1
goffney,1
hetu,1
hett,1
esquerre,1
klocek,1
leanos,1
ackermann,1
heth,1
berkich,1
sperger,1
cliett,1
mediate,1
giacone,1
sroczynski,1
loeschner,1
armiso,1
bratchett,1
esquerra,1
barlett,1
filter,1
derbyshire,1
berbereia,1
ehrhardt,1
gorby,1
efurd,1
atilano,1
gritsch,1
follis,1
sidener,1
arquette,1
clanton,1
swierk,1
follin,1
casimir,1
follie,1
casmore,1
stellhorn,1
hetz,1
grosky,1
daughtery,1
vaidya,1
mclees,1
branscum,1
gelfand,1
hettes,1
stives,1
hormell,1
dowden,1
essaff,1
aiyer,1
oneal,1
stiver,1
frabotta,1
tindall,1
springle,1
omoyosi,1
daughters,1
sollars,1
klinetob,1
mellage,1
reauish,1
mattinson,1
fritzinger,1
taneja,1
leshinsky,1
virden,1
gallante,1
symkowick,1
woodle,1
duxbury,1
woodly,1
tattersall,1
jaarda,1
furmanik,1
kurtzer,1
rodolph,1
casper,1
evens,1
paulsell,1
sewester,1
mcanulty,1
guynn,1
glauner,1
hetrick,1
aldana,1
granvil,1
guyot,1
depperschmidt,1
scurlock,1
niedbala,1
woodka,1
claybrooks,1
woodke,1
newmyer,1
marxsen,1
selzer,1
ogborn,1
gorringe,1
solhjem,1
frankenfeld,1
pilbin,1
rodrigue,1
sumpter,1
guyon,1
overbeck,1
balfour,1
gorrindo,1
detlefsen,1
cellini,1
knobel,1
rodrigus,1
piontkowski,1
derossett,1
desjardiws,1
rodriguz,1
nickisch,1
bordoy,1
wipperfurth,1
sunseri,1
milosevich,1
silliman,1
travali,1
aimbez,1
guyll,1
conveniencia,1
scheller,1
majure,1
declet,1
balden,1
aldape,1
woodie,1
templeton,1
balder,1
aldapa,1
thorin,1
fruits,1
riessen,1
kenson,1
frohberg,1
ojeda,1
tullos,1
fingleton,1
uher,1
moskovitz,1
mellado,1
falgout,1
covill,1
overbeek,1
luneau,1
bordon,1
woodis,1
mellady,1
woodin,1
parmantier,1
burcham,1
celuch,1
shiroma,1
pokora,1
mostella,1
fedor,1
thoren,1
bullaro,1
overgaard,1
ramiscal,1
dellavalle,1
bullard,1
mikkola,1
bullara,1
nylund,1
presnal,1
sondrini,1
holmstead,1
uhde,1
presnar,1
areas,1
rammer,1
perriott,1
greubel,1
brinkly,1
schmitzer,1
deleppo,1
narciso,1
delacueva,1
blauvelt,1
carlucci,1
heifner,1
nyswonger,1
aldama,1
balford,1
moneypenny,1
olmscheid,1
generous,1
stoeber,1
calvi,1
eckl,1
lougee,1
ogiamien,1
smejkal,1
evelo,1
calvo,1
faulcon,1
jauss,1
landerman,1
breiling,1
snoke,1
beauregard,1
erdmann,1
rubiano,1
ternullo,1
knobbe,1
mangels,1
chicoine,1
nasalroad,1
jaure,1
wooden,1
godsman,1
morrison,1
gitthens,1
fairchild,1
handelsman,1
uhas,1
veroeven,1
keeler,1
champman,1
fazzio,1
heriford,1
bechtol,1
laclair,1
matlock,1
cockreham,1
petrosky,1
felciano,1
bloomer,1
hepler,1
nostro,1
borden,1
keeley,1
beadles,1
hemperley,1
border,1
bordes,1
scheumann,1
breckinridge,1
kimmins,1
sterling,1
legarreta,1
tschida,1
mandrell,1
kistner,1
pianka,1
tessler,1
haddenham,1
thurm,1
thurn,1
hemmings,1
tuller,1
gromley,1
tavernia,1
sirnio,1
tulley,1
humeniuk,1
balzarini,1
balzarine,1
fossati,1
baulch,1
macdonell,1
thorpe,1
perilloux,1
wakayama,1
guidetti,1
calrk,1
melland,1
schardein,1
lehmberg,1
macnab,1
jimerez,1
cypress,1
jelley,1
mingione,1
kincannon,1
windhurst,1
mingioni,1
chiquito,1
keeling,1
bovey,1
cariello,1
sanzenbacher,1
lagunas,1
cadigan,1
boven,1
watrous,1
calta,1
hurlburt,1
dekorne,1
bovee,1
marinucci,1
kardux,1
decenzo,1
neonakis,1
violett,1
lecomte,1
hoeger,1
evert,1
halford,1
benefiel,1
evers,1
vidana,1
aldaba,1
bemberry,1
thorne,1
caspar,1
pierre,1
keelan,1
every,1
pierri,1
elsner,1
thorns,1
fitzgerrel,1
bordin,1
swatski,1
rolfes,1
moyers,1
tullis,1
parrilla,1
raikes,1
tullio,1
pierro,1
hurlbutt,1
feauto,1
parrillo,1
evett,1
brinker,1
bronner,1
timpson,1
schellin,1
thury,1
louthen,1
snock,1
menotti,1
gondran,1
iberra,1
kanagy,1
tamburo,1
chatterson,1
helverson,1
vadnais,1
bottini,1
aldaco,1
botting,1
bovie,1
legrotte,1
schmeling,1
snode,1
bovia,1
bovio,1
bottino,1
teteak,1
thuss,1
safran,1
pugmire,1
greisser,1
goerke,1
kardos,1
sirmon,1
arent,1
arens,1
sciarini,1
broten,1
schlembach,1
sedtal,1
suggett,1
curney,1
simbeck,1
nutter,1
arena,1
gustason,1
iorio,1
seastrand,1
bowar,1
arend,1
bowan,1
callo,1
skjei,1
koziel,1
ochiai,1
nakajima,1
mulherin,1
arenz,1
yamkosumpa,1
seegers,1
seegert,1
koppinger,1
gleaves,1
tumminia,1
obbink,1
nightlinger,1
briseno,1
dekorte,1
calle,1
bottolfson,1
arimas,1
everhardt,1
rabal,1
rolens,1
hamway,1
lenling,1
lairmore,1
reesor,1
mcgahan,1
czaja,1
mcpartland,1
wickers,1
wickert,1
parkhouse,1
burkowski,1
hartleben,1
stoneman,1
giottonini,1
cronoble,1
cabanas,1
naugler,1
wirtzfeld,1
strathmann,1
mockbee,1
balduf,1
kubota,1
ninness,1
loverdi,1
baldus,1
cheatham,1
mcquade,1
rodriges,1
loverde,1
cheathan,1
balkcom,1
bergstedt,1
safron,1
rodrigez,1
calin,1
auffrey,1
chiarmonte,1
burrelli,1
slevin,1
kounthong,1
losinger,1
calip,1
dahlberg,1
thumm,1
guzek,1
caliz,1
calix,1
belliveau,1
mcannally,1
mcquaid,1
thune,1
bower,1
anagnostou,1
bowen,1
mcquaig,1
iannelli,1
bowey,1
wickett,1
bowes,1
mcquain,1
logalbo,1
filmer,1
pilati,1
zingone,1
rabbe,1
polivka,1
dreisbach,1
thull,1
zayicek,1
pilato,1
hadson,1
baldos,1
tyszko,1
baldor,1
karlinsky,1
littfin,1
lindenpitz,1
ebright,1
lanpher,1
tointon,1
debettignies,1
zinsli,1
holthouse,1
baldon,1
thuma,1
laderman,1
baselice,1
rabel,1
dumdei,1
safrit,1
heerkes,1
sperazza,1
trojanovich,1
mulaney,1
mcquage,1
caviggia,1
fuesting,1
cotreau,1
witzel,1
rippelmeyer,1
kittelman,1
boreen,1
mahusay,1
biederman,1
harbottle,1
andrado,1
luangrath,1
tesseyman,1
lariccia,1
jellis,1
cavaluzzi,1
linhart,1
personius,1
catholic,1
andrade,1
mellard,1
girardin,1
caley,1
andrada,1
javed,1
pappenheim,1
arboleda,1
ekstrand,1
leeman,1
fennessey,1
shiliata,1
caleb,1
rodgers,1
canales,1
valerio,1
guzik,1
harpster,1
critchfield,1
waananen,1
mukhtar,1
reeser,1
stlouis,1
runyan,1
strede,1
caler,1
cales,1
feely,1
przekop,1
canalez,1
garlinger,1
alkire,1
fiallos,1
genovesi,1
valerie,1
ravenelle,1
aldava,1
genovese,1
jensrud,1
generoso,1
thoran,1
blickenstaff,1
stamnos,1
wyrick,1
raatz,1
streed,1
rosendahl,1
miclette,1
caccamo,1
eleveld,1
covitt,1
maxton,1
stream,1
tricomi,1
mulanax,1
streat,1
desjardins,1
centers,1
mccusker,1
wyrich,1
feeny,1
strebe,1
calco,1
abruzzino,1
alatosse,1
stremcha,1
leconey,1
opperman,1
halgrimson,1
mitchelle,1
kahoohalphala,1
goerdt,1
hornack,1
freisner,1
tricoli,1
heline,1
fillers,1
czach,1
fleurilus,1
lostroh,1
heling,1
boards,1
hallowell,1
kensey,1
magaziner,1
covitz,1
strech,1
snook,1
streck,1
haylock,1
cabaniss,1
lapenta,1
unangst,1
geister,1
kendall,1
baumfalk,1
zapata,1
knoble,1
guzma,1
schuner,1
melkonian,1
mcdannald,1
kocsis,1
zapato,1
fluellen,1
cascioli,1
klimczyk,1
calaf,1
trostel,1
delapena,1
chalepah,1
gzym,1
javis,1
linsenmayer,1
sapara,1
bukovsky,1
kachmarsky,1
lingafelter,1
girardot,1
waltrip,1
alvidrez,1
piesco,1
koepnick,1
mcquary,1
koziak,1
covino,1
cottillion,1
duartes,1
centeno,1
furtick,1
lapitan,1
kardas,1
oulette,1
cabanes,1
weatherby,1
dethomasis,1
lemaire,1
rewis,1
eschborn,1
gollman,1
mohney,1
alkins,1
mccallough,1
zieglen,1
morrisey,1
witkowsky,1
ziegler,1
sliwinski,1
gurnsey,1
feela,1
mamoran,1
wrighton,1
teters,1
linebrink,1
zearfoss,1
witkowski,1
zinser,1
saniger,1
fecto,1
llopis,1
egerton,1
feekes,1
sommese,1
alarcone,1
liversedge,1
zehner,1
sommers,1
sedbrook,1
angiolelli,1
javor,1
hutchinson,1
kristensen,1
sirman,1
hinderaker,1
guzon,1
daisey,1
newsome,1
johannes,1
saneaux,1
hempfling,1
diulio,1
persall,1
boule,1
nellenback,1
strother,1
eckerman,1
shonkwiler,1
wrighten,1
houzah,1
seekins,1
hoehne,1
keomanivong,1
bouma,1
yeakel,1
rabon,1
cronwell,1
freelon,1
canan,1
canak,1
canal,1
nitsche,1
marroguin,1
hissom,1
vanzanten,1
bound,1
chynoweth,1
packingham,1
sheekey,1
bovian,1
pyanowski,1
thibeault,1
vanier,1
piekarski,1
schmucker,1
schlarb,1
gilpatrick,1
roudabush,1
brockie,1
russomanno,1
seagroves,1
brabham,1
rabun,1
witucki,1
tallant,1
margeson,1
loughmiller,1
darienzo,1
mazzurco,1
heimrich,1
hariri,1
thatch,1
defayette,1
mcclenahan,1
mojarro,1
kowal,1
lubbock,1
hazinski,1
regulus,1
kirchbaum,1
gallinger,1
margarita,1
retzloff,1
weatherhead,1
youngblut,1
kaushiva,1
gleaton,1
aschan,1
fennema,1
shortino,1
edin,1
krikorian,1
carbonell,1
pizarro,1
edis,1
hayworth,1
stsauveur,1
halloran,1
bourg,1
scherbarth,1
fennell,1
wittenbrink,1
kozikowski,1
brouse,1
cleckner,1
aschim,1
brockus,1
hulett,1
almeyda,1
bochenek,1
pilarz,1
bisard,1
sweatfield,1
keemer,1
britschgi,1
goertz,1
takahashi,1
cearley,1
kesich,1
hayenga,1
freeley,1
kappeler,1
mailhot,1
litteer,1
rogugbakaa,1
claman,1
hartstein,1
peinado,1
hirstein,1
dertinger,1
bininger,1
bouck,1
darting,1
eastham,1
aselage,1
camus,1
pfenning,1
versteegh,1
rabil,1
bejger,1
skill,1
teplica,1
piombino,1
macumber,1
bouch,1
rabin,1
mandarino,1
brinlee,1
dartez,1
persaud,1
raber,1
rabey,1
srsic,1
baltazar,1
orourke,1
tollerson,1
haring,1
curlis,1
kriger,1
darter,1
gutieres,1
curlin,1
balent,1
gierisch,1
bouer,1
politte,1
claggett,1
fringer,1
touart,1
orozco,1
fahrenbruck,1
leberte,1
krejcik,1
krogstad,1
rosencranz,1
guzzi,1
rosencrans,1
leconte,1
ascher,1
kurkeyerian,1
berray,1
leeker,1
guzzo,1
bodenschatz,1
campi,1
hikel,1
jaggers,1
campo,1
keeman,1
latterell,1
bocklund,1
campa,1
hikes,1
hlavacek,1
pilant,1
bohnsack,1
fugler,1
compeau,1
eayrs,1
minnehan,1
camps,1
breitweiser,1
compean,1
piland,1
boever,1
bisanz,1
monohan,1
gutierez,1
azulay,1
brightful,1
ranalli,1
kipfer,1
bough,1
fitzhenry,1
aderman,1
ranallo,1
ruscetti,1
cambron,1
haisten,1
decker,1
bretana,1
stemmler,1
sarwary,1
menaker,1
brinley,1
weedon,1
ringelspaugh,1
cajucom,1
kowis,1
philmon,1
alfson,1
khong,1
tuplano,1
jakovac,1
fizer,1
kostiuk,1
bloomstrom,1
kenngott,1
kingfisher,1
berrey,1
bufkin,1
gyles,1
pithan,1
bouie,1
berret,1
racca,1
cadieux,1
fallert,1
lightford,1
deadwyler,1
domnick,1
jawad,1
getchman,1
hentrich,1
vanish,1
valvano,1
littell,1
pouliotte,1
harajly,1
rigoni,1
fedde,1
christophe,1
vidals,1
poepplein,1
bechtel,1
feder,1
ghaziani,1
growcock,1
gortman,1
weeden,1
rusnak,1
tarzia,1
gieseke,1
cambria,1
fedel,1
cambric,1
villasana,1
bedonie,1
schlabs,1
skiba,1
skibo,1
mcstay,1
brough,1
burchette,1
milwee,1
buddington,1
hilgefort,1
vreugdenhil,1
tallada,1
benincase,1
lightfoot,1
ferandez,1
dankmeyer,1
skupski,1
civil,1
berrio,1
galbreath,1
camon,1
haglund,1
stammer,1
mullarkey,1
barbalich,1
currence,1
pulkkinen,1
mohmed,1
stammel,1
benincasa,1
berrie,1
debellis,1
revis,1
depping,1
honore,1
kanady,1
walcott,1
otterbein,1
freeman,1
shemper,1
rethmeier,1
aparicio,1
loduca,1
petroske,1
yazdani,1
vivyan,1
petroski,1
camic,1
capellan,1
broudy,1
robleto,1
capellas,1
uhri,1
wahlstrom,1
emanus,1
ibbetson,1
berroa,1
jacobovits,1
edelson,1
racey,1
beerer,1
zuk,1
edgington,1
vandermeulen,1
aydelott,1
taverner,1
racer,1
pochatko,1
waisanen,1
fedak,1
fritsche,1
cinadr,1
skolfield,1
macaskill,1
derasmo,1
friehauf,1
champney,1
tutuska,1
hustace,1
studzinski,1
pertuit,1
bayona,1
dezzutti,1
skiff,1
narramore,1
aninion,1
heichel,1
kanaan,1
gerdeman,1
harian,1
garguilo,1
belgarde,1
shillingburg,1
honour,1
helmink,1
eskeets,1
karell,1
maciasz,1
harajli,1
routon,1
srsen,1
ruschmann,1
vandewalle,1
bordas,1
heinzerling,1
keelin,1
karels,1
gutierre,1
deitsch,1
fennern,1
lannigan,1
vidaca,1
woodal,1
borcuk,1
camel,1
stepnoski,1
wightman,1
bisbee,1
brehaut,1
edie,1
orefice,1
bouse,1
brockel,1
kondratowicz,1
goeser,1
alatorre,1
bourn,1
brocker,1
ginzel,1
drexler,1
ikner,1
spinoza,1
vissman,1
kounter,1
edey,1
edes,1
eder,1
woodby,1
amalong,1
eden,1
hackmann,1
panagiotopoul,1
edem,1
edel,1
baldacci,1
beauvais,1
breckel,1
camey,1
edge,1
buchholtz,1
revak,1
iossa,1
vandertuig,1
casola,1
dunkerson,1
bulland,1
revay,1
kurtyka,1
zettel,1
pacleb,1
nagelkirk,1
patruno,1
zwickl,1
buissereth,1
usery,1
adleman,1
routte,1
reeter,1
wabasha,1
escajeda,1
helmich,1
helmick,1
haukaas,1
allphin,1
camak,1
camaj,1
monceaux,1
gundert,1
anderegg,1
puffinburger,1
federico,1
gabrenas,1
summerfield,1
schlaht,1
fedie,1
livingston,1
federick,1
oyellette,1
eddy,1
piercy,1
federici,1
carranza,1
kinsinger,1
bellucci,1
shirota,1
baltazor,1
edde,1
pierce,1
compere,1
woloszyn,1
mennig,1
fucile,1
mennie,1
kostick,1
maugeri,1
edds,1
kostich,1
tuppen,1
menner,1
beerly,1
ziedan,1
mahurin,1
pribbeno,1
litchmore,1
springer,1
tupper,1
mennen,1
kallenbach,1
abraham,1
wardhaugh,1
holoway,1
kareem,1
majamay,1
dunderman,1
bouza,1
deinhardt,1
beerle,1
honold,1
brehant,1
hyppolite,1
osnoe,1
carranzo,1
meccia,1
spiter,1
heavin,1
dawkin,1
feavel,1
camba,1
kurtulus,1
revel,1
reven,1
reves,1
cambi,1
virdin,1
pieper,1
hilbrand,1
karlgaard,1
brockmann,1
eady,1
rummler,1
darsow,1
heininger,1
eads,1
sheehan,1
vanham,1
amous,1
amour,1
sjostrand,1
schnackenberg,1
boesen,1
boesel,1
eade,1
gabrielsen,1
schnitman,1
giarratano,1
boeser,1
rafter,1
aldecoa,1
krebbs,1
dalecki,1
jasko,1
konetchy,1
amott,1
mitchener,1
jesiolowski,1
holcomb,1
botos,1
zee,1
warden,1
zeh,1
warder,1
standaert,1
jason,1
seckinger,1
krebel,1
lashbaugh,1
zea,1
siciliano,1
kitzerow,1
clevette,1
kozel,1
pignataro,1
spittler,1
knodel,1
tilzer,1
kuttner,1
casavant,1
argie,1
viteaux,1
rufenacht,1
schulle,1
pederson,1
kozee,1
laasaga,1
longton,1
mccaul,1
kniffen,1
spinoso,1
blatti,1
spiwak,1
sgueglia,1
plansinis,1
whitsett,1
schulke,1
spiliakos,1
gwyn,1
odenwald,1
piepho,1
jasik,1
tancer,1
congress,1
irland,1
blankenberg,1
feehan,1
leukhardt,1
pudlinski,1
amore,1
amrhein,1
easterling,1
kliewer,1
messick,1
spinosa,1
condrey,1
forquer,1
amescua,1
angelucci,1
bardales,1
paluso,1
mccalvin,1
wardle,1
tobeck,1
mcguff,1
kozar,1
nuding,1
sideris,1
kozak,1
kozan,1
guptill,1
bardach,1
ottenwess,1
hulick,1
eagy,1
deveaux,1
brandolini,1
golembiewski,1
gogerty,1
brandolino,1
shellhamer,1
bloyd,1
stanchfield,1
bloye,1
vanderpool,1
freemon,1
gonsar,1
messier,1
febre,1
farquhar,1
claire,1
knesek,1
sharplin,1
wipfli,1
amoss,1
hinchman,1
kneser,1
bothe,1
knesel,1
scampoli,1
elleman,1
botha,1
lamoureaux,1
zeolla,1
alberty,1
boesch,1
deklerk,1
alberts,1
zam,1
paniagua,1
mcdonnall,1
zan,1
smestad,1
condren,1
pelayo,1
zak,1
gleason,1
osayande,1
jasin,1
zar,1
amory,1
thetford,1
castellana,1
sietsma,1
canty,1
ealy,1
moitoza,1
cantv,1
leadbeater,1
cantu,1
louise,1
fadely,1
ulseth,1
hugron,1
ciprian,1
jimmison,1
castellano,1
blowe,1
zakarian,1
crumble,1
cante,1
moilien,1
castellani,1
eslinger,1
cavicchi,1
remerez,1
reuss,1
reust,1
canto,1
speight,1
bacarella,1
goyette,1
delval,1
nostrand,1
candanoza,1
konigsberg,1
ezzelle,1
thornburg,1
vannette,1
presler,1
fleschner,1
eaks,1
lemelin,1
zou,1
wardon,1
croteau,1
presley,1
tessner,1
canul,1
privette,1
harlow,1
fagnoni,1
hizkiya,1
roldan,1
harlor,1
farson,1
huddle,1
canup,1
turpiano,1
schulte,1
ruhmann,1
desfosses,1
sierer,1
blott,1
loskill,1
spinola,1
biondo,1
ramone,1
fiwck,1
helker,1
rickenbaugh,1
raimer,1
thornbury,1
eans,1
laviero,1
krider,1
mcguin,1
biondi,1
kozma,1
darsey,1
kientzy,1
schultz,1
tarbert,1
kridel,1
maclay,1
lafera,1
bionda,1
sieren,1
febus,1
brinich,1
mahala,1
mcwhorter,1
bloss,1
filosa,1
amons,1
fransisco,1
yuill,1
gabrielson,1
canta,1
crumbly,1
mahall,1
blumenstock,1
lemelle,1
whittmore,1
mohlke,1
forgrave,1
whitecotton,1
andrepont,1
fanner,1
applebaum,1
schleck,1
darsch,1
fanney,1
nahari,1
oniel,1
castellari,1
sayman,1
eubank,1
hiley,1
vanhee,1
rehfeldt,1
tarbell,1
blose,1
noonan,1
hiles,1
newsum,1
crumlish,1
gliwski,1
brashier,1
hiler,1
sirles,1
gessner,1
winlock,1
preslar,1
hilde,1
sasahara,1
hilda,1
dembosky,1
dutschmann,1
blore,1
condron,1
keledjian,1
longtin,1
nestico,1
hilby,1
halfhill,1
eary,1
zhu,1
kozik,1
campellone,1
busalacchi,1
gureczny,1
zia,1
jasso,1
zic,1
eash,1
east,1
zin,1
calverley,1
bursell,1
bloor,1
umstead,1
wirtjes,1
luague,1
ziv,1
bloom,1
estella,1
earl,1
liggett,1
skerrett,1
estelle,1
gautney,1
gallichio,1
nahass,1
coykendall,1
biancuzzo,1
modzelewski,1
earp,1
toudle,1
woudenberg,1
keisler,1
lezama,1
ferderer,1
curley,1
mcgurn,1
alfrey,1
amodt,1
blong,1
pittsenbarger,1
mcgurr,1
imparato,1
mccage,1
kazmer,1
curlee,1
habicht,1
yum,1
chastain,1
yun,1
khoun,1
blood,1
wiegmann,1
remondet,1
chassaniol,1
yue,1
briscoe,1
hepner,1
curles,1
alfred,1
menkin,1
yuk,1
cunnigham,1
boerst,1
vanderpoel,1
kaesemeyer,1
fannin,1
hoofard,1
ninnemann,1
borgia,1
kalchthaler,1
dumbar,1
caminos,1
pelaez,1
puzinski,1
harlin,1
yurchiak,1
walthall,1
goepel,1
rengers,1
peachay,1
lauretta,1
larence,1
uitz,1
klingberg,1
borghi,1
kardashian,1
gulley,1
blome,1
cassar,1
robasciotti,1
freeney,1
mcgurk,1
mcgurl,1
lindauer,1
maclin,1
salandy,1
alderete,1
vaneekelen,1
mankins,1
paluck,1
hills,1
halbershtam,1
elzey,1
reuhl,1
reznick,1
pedersen,1
khora,1
stampka,1
argro,1
brinius,1
hilla,1
engelson,1
blois,1
espenoza,1
cheverton,1
hille,1
dannenfelser,1
lienemann,1
brensinger,1
frugoli,1
tobert,1
edgell,1
ralbovsky,1
messinger,1
tobery,1
thedford,1
sembler,1
connelly,1
ciufo,1
stample,1
feinman,1
hoseman,1
pinkston,1
yotter,1
stuteville,1
fecat,1
newton,1
ryneer,1
stueckrath,1
chastang,1
palsgrove,1
mccall,1
ignacio,1
losolla,1
amoah,1
paluch,1
frederique,1
canon,1
kinstle,1
morrales,1
shoffstall,1
chastant,1
mccorvey,1
alberda,1
wiggains,1
moitoso,1
fannon,1
freytas,1
medrano,1
mesdaq,1
carboneau,1
minnema,1
mccain,1
greenbush,1
canoy,1
deluna,1
peachey,1
autman,1
nalder,1
oszust,1
yow,1
mccaig,1
olewine,1
blogg,1
mccaie,1
ruprecht,1
hulitt,1
vanhoy,1
mohler,1
prosienski,1
boyance,1
grogan,1
argue,1
borges,1
yoh,1
you,1
peaches,1
yoo,1
yon,1
peacher,1
cosenza,1
strehlow,1
moussette,1
hilke,1
freytag,1
donoghue,1
greenburg,1
blohm,1
canny,1
chiaminto,1
coutant,1
borgen,1
berkowitz,1
jagielski,1
sierra,1
borger,1
mcentire,1
seagraves,1
smolder,1
canel,1
bloem,1
sibble,1
canes,1
skotnicki,1
oborne,1
saunier,1
bloes,1
bouknight,1
giunta,1
candy,1
quagliano,1
rigney,1
alberro,1
gabert,1
alberry,1
dzubak,1
hutnak,1
tiwald,1
schleusner,1
hissam,1
alberta,1
ufford,1
alberto,1
alberti,1
haschke,1
braasch,1
harthorne,1
tindell,1
suozzo,1
srour,1
elzie,1
dmitriev,1
huling,1
delung,1
baltzer,1
condray,1
zanetti,1
petrovic,1
cance,1
block,1
bloch,1
whitsell,1
byars,1
gondola,1
saracino,1
canby,1
suozzi,1
duplantis,1
feehly,1
skorepa,1
jatho,1
botto,1
byard,1
eitnier,1
botts,1
mccann,1
mccant,1
pruiett,1
sindorf,1
poppert,1
rousso,1
harlan,1
nesland,1
conquest,1
rousse,1
reuer,1
schonaerts,1
mccamy,1
beeson,1
canas,1
higgens,1
gonser,1
mccane,1
boerma,1
oborny,1
beanblossom,1
schuldt,1
sharpley,1
huprich,1
sharples,1
tonsall,1
stonehouse,1
donaway,1
terlecki,1
hilts,1
eppinger,1
delerme,1
langevin,1
hiltz,1
fuhriman,1
hilty,1
botti,1
simuel,1
mccash,1
kamensky,1
schuler,1
delahoya,1
hesselink,1
botta,1
casement,1
blauch,1
beckstead,1
llorca,1
markowski,1
gonska,1
talburt,1
poppell,1
vanconey,1
hissem,1
kempson,1
menken,1
sobanski,1
novikoff,1
thierry,1
porcelli,1
yeager,1
poppema,1
mcgohan,1
weckwerth,1
swindoll,1
champoux,1
dronick,1
descombes,1
porcello,1
messina,1
byant,1
vanhoesen,1
schoeppner,1
wehling,1
aceuedo,1
messing,1
shatley,1
cange,1
quagliato,1
kniffin,1
harlee,1
digangi,1
spillman,1
hilse,1
picardi,1
isenbarger,1
moreland,1
karban,1
fahrlander,1
picardo,1
harlem,1
harley,1
mccary,1
manoogian,1
vandivier,1
harles,1
akuchie,1
barkenhagen,1
sindoni,1
hilst,1
mccarn,1
jeziorski,1
mccart,1
mccarr,1
wibbenmeyer,1
eaby,1
mccarl,1
lofwall,1
shodunke,1
waterbury,1
fecko,1
vermeer,1
canez,1
brining,1
caney,1
mccard,1
termeer,1
haward,1
ebia,1
kopacz,1
mcmahen,1
loughry,1
traut,1
hatzenbihler,1
strozzi,1
tycer,1
lundby,1
halperin,1
traux,1
qualheim,1
virgie,1
platz,1
westerman,1
platt,1
virgin,1
crognale,1
delisser,1
virgil,1
plato,1
merenda,1
morlock,1
diblasio,1
sattel,1
horneff,1
quitter,1
callsen,1
dvorak,1
stottlar,1
scrivens,1
plath,1
plate,1
parenti,1
selvaggio,1
jonson,1
satter,1
parente,1
plata,1
czupryna,1
cremers,1
ciersezwski,1
plouffe,1
bosko,1
pherguson,1
fryar,1
plass,1
fadden,1
roucoulet,1
grzybowski,1
uscio,1
bosma,1
decaire,1
leemow,1
yeh,1
lichtman,1
gotimer,1
pixley,1
trostle,1
yee,1
diefenderfer,1
burwick,1
farrey,1
garlington,1
darracott,1
farrer,1
dumars,1
verunza,1
veriato,1
farren,1
farrel,1
ebey,1
diflorio,1
brosious,1
maixner,1
cantlow,1
gudger,1
skovira,1
dusablon,1
civils,1
gudgel,1
workinger,1
capan,1
buskohl,1
lunden,1
pixler,1
eben,1
yeo,1
yen,1
yem,1
ebel,1
lovette,1
poletti,1
eber,1
strizich,1
spivak,1
zaneski,1
kovalcheck,1
jacckson,1
kamimura,1
angeles,1
popularis,1
plaut,1
capas,1
hoefle,1
playl,1
buttimer,1
ahyet,1
laperle,1
citro,1
strack,1
dandrea,1
azzaro,1
biscoe,1
fujikake,1
adkison,1
nojiri,1
eble,1
mancherian,1
hamsik,1
knoche,1
daughenbaugh,1
azzara,1
faddis,1
lohrman,1
jimeson,1
litzsinger,1
fryer,1
reeves,1
overland,1
reever,1
trask,1
greason,1
andreas,1
engelberg,1
alshouse,1
kment,1
rubenfield,1
trass,1
mittelstaedt,1
ripperger,1
denoncourt,1
livermore,1
engelbert,1
monsegur,1
dincher,1
farris,1
rampey,1
darrin,1
farrin,1
kosanke,1
eckland,1
panowicz,1
mataka,1
strada,1
lunday,1
turrubiates,1
farria,1
fealy,1
valladao,1
nuntaray,1
suennen,1
pallett,1
signorelli,1
yax,1
horvitz,1
yaw,1
pribble,1
weatherly,1
yau,1
traub,1
wamack,1
yap,1
winarski,1
yan,1
caper,1
yao,1
yam,1
quilimaco,1
bosio,1
capen,1
capek,1
moneaux,1
plaza,1
bessard,1
traum,1
capel,1
arhelger,1
trane,1
wrubel,1
kuhnert,1
stahlhut,1
koziol,1
trang,1
tashman,1
trani,1
azzano,1
farrow,1
trana,1
szymonik,1
kriegh,1
stamper,1
feast,1
kriege,1
dangerfield,1
pomponio,1
arbolida,1
behringer,1
tramm,1
retta,1
messervy,1
tramp,1
filpus,1
parajon,1
brosig,1
ziebol,1
kacvinsky,1
bosch,1
borell,1
martellaro,1
gulnac,1
wickens,1
fujikawa,1
farron,1
ledebuhr,1
gruska,1
trant,1
braucht,1
seykora,1
fears,1
fillion,1
trank,1
warens,1
tessman,1
baerman,1
bosco,1
angelle,1
feary,1
plant,1
railes,1
kubecka,1
kluever,1
bybel,1
railey,1
gallargo,1
pedrin,1
dingler,1
strain,1
skreen,1
angello,1
bumatay,1
plank,1
clelland,1
strait,1
troxler,1
neiswoger,1
kuligowski,1
fearn,1
homrighaus,1
brailford,1
triguro,1
swihart,1
bybee,1
bockhorst,1
cotrell,1
bosen,1
strahl,1
riester,1
strahm,1
hoefer,1
diangelis,1
plana,1
wickell,1
schoefield,1
plane,1
hoefel,1
rousch,1
boser,1
wampler,1
thunberg,1
witzke,1
trapp,1
eickhorst,1
mccabe,1
virgel,1
opland,1
grindell,1
harison,1
zwiener,1
petrson,1
spinney,1
merickel,1
magsamen,1
chartrand,1
himes,1
mcmahan,1
natalello,1
kmetz,1
trail,1
himel,1
dunnigan,1
train,1
straka,1
virgen,1
lykins,1
brazelton,1
riglos,1
goodridge,1
angelos,1
parriott,1
angelou,1
dalmoro,1
mcconnell,1
walgren,1
gallardo,1
spinner,1
matava,1
rouser,1
snelling,1
rousey,1
tessmer,1
labarbera,1
stasinos,1
runyon,1
skarupa,1
dykstra,1
darrah,1
parents,1
mccade,1
darras,1
ehiginator,1
isenberg,1
yin,1
yim,1
caufield,1
darnstaedt,1
strama,1
brosky,1
vanegas,1
bauman,1
strawser,1
lanting,1
gransky,1
leuthauser,1
wahington,1
fryou,1
munnelly,1
yiu,1
alsobrooks,1
yip,1
trame,1
broski,1
bosak,1
momaya,1
muddaththir,1
baerlocher,1
sollberger,1
greaser,1
egwuohua,1
puffenberger,1
amphy,1
strand,1
strang,1
zarcone,1
mangham,1
dandrow,1
traff,1
keisker,1
suddoth,1
nessen,1
dzurnak,1
armond,1
strano,1
faggard,1
mcdaneld,1
doehring,1
nesser,1
gingell,1
nesset,1
plack,1
mcglothern,1
jacinthe,1
greisiger,1
place,1
dannard,1
kirkegaard,1
saylee,1
fiorini,1
tourtellotte,1
sayler,1
hinsley,1
sayles,1
cologie,1
townzen,1
hoeffliger,1
philpot,1
summers,1
pasierb,1
kopatz,1
aflalo,1
wooster,1
raabe,1
jelome,1
zieber,1
schulze,1
richbourg,1
harken,1
edmonds,1
tudela,1
cutcher,1
biondolillo,1
toothacre,1
harker,1
veneziano,1
rawlinson,1
cornelious,1
beckendorf,1
retka,1
strapp,1
nevwirth,1
anglemyer,1
cherubino,1
kenouo,1
leggans,1
maharg,1
cherubini,1
fiorino,1
delvin,1
swenor,1
baumer,1
kuzara,1
tharpe,1
mackey,1
cyprian,1
grainey,1
nessel,1
gauldin,1
delzell,1
nooner,1
sukovich,1
martinson,1
macken,1
nooney,1
standafer,1
lassley,1
mackel,1
rourke,1
harkey,1
handlin,1
macker,1
villalvazo,1
dicola,1
efthimiou,1
baumli,1
rounsville,1
kempter,1
schuman,1
meuller,1
myerscough,1
cantley,1
bylsma,1
borchard,1
dannatt,1
leftwich,1
meadville,1
plahs,1
revering,1
brosey,1
braucks,1
samland,1
solverud,1
tonetti,1
chesbro,1
louthan,1
breitmeyer,1
florkowski,1
ardery,1
wolcott,1
oetken,1
broncheau,1
dingman,1
orejuela,1
breazeal,1
mitkowski,1
cintron,1
shadduck,1
froehner,1
fishbein,1
hondorp,1
declue,1
mahany,1
dickhaut,1
dickhaus,1
paulette,1
strate,1
harkin,1
rogowski,1
lheureux,1
straub,1
mahana,1
brosch,1
speigel,1
mazariegos,1
isaacson,1
plair,1
lettsome,1
stratz,1
cutchin,1
longiotti,1
plain,1
armold,1
wandell,1
engwall,1
straus,1
schlecht,1
gaulden,1
handley,1
fiorita,1
trace,1
tompkins,1
vastine,1
fisanick,1
brosco,1
heemstra,1
heutmaker,1
mackay,1
mccleery,1
plake,1
fiorito,1
retek,1
accurso,1
strauf,1
glassner,1
salameh,1
tracy,1
mccleese,1
benzango,1
handler,1
sayloe,1
wanders,1
bitterman,1
manolis,1
pincince,1
accornero,1
yoders,1
erholm,1
schumer,1
geissel,1
stargell,1
faircloth,1
grabski,1
lundquist,1
juvenal,1
vanwassenhove,1
boeson,1
colarusso,1
vanputten,1
knocke,1
muratalla,1
hamson,1
ditmore,1
prefontaine,1
stensrud,1
bosse,1
bossi,1
thiesse,1
strawn,1
kopald,1
kasting,1
mayotte,1
boonstra,1
straws,1
basanta,1
tandus,1
diederich,1
starnold,1
dumais,1
lichliter,1
febbo,1
dehrer,1
yagecic,1
vangyi,1
noonon,1
mcmahon,1
ahyou,1
breister,1
darrup,1
torchia,1
martinsen,1
thagard,1
kessinger,1
armesto,1
stamour,1
macayan,1
agcaoili,1
mcmurdie,1
braaten,1
raudebaugh,1
torchio,1
cumens,1
strazi,1
laffer,1
bressler,1
egelhoff,1
thiebeault,1
ortwein,1
laffey,1
shelquist,1
okerson,1
niesborella,1
kujawski,1
guyet,1
marmerchant,1
natalia,1
guyer,1
nalepa,1
natalie,1
aquilino,1
kriese,1
wikoff,1
lorenzen,1
figert,1
nasseri,1
donavan,1
fishbeck,1
katcher,1
pugliares,1
darron,1
richemond,1
boensch,1
suentenfuss,1
uken,1
darrow,1
corington,1
nwadiora,1
wattenbarger,1
kempton,1
salamon,1
xue,1
kwasniewski,1
chrisjohn,1
hollingsworth,1
wehrenberg,1
kriete,1
seeberger,1
kuttler,1
warfel,1
jongebloed,1
stapelton,1
mackle,1
savcedo,1
jauch,1
lundin,1
laffin,1
sermania,1
spivey,1
gingery,1
plaas,1
bantillan,1
mackie,1
milosevic,1
baumiester,1
gauthier,1
ebbs,1
farrah,1
cuyler,1
farraj,1
farran,1
modzeleski,1
dengler,1
messerly,1
farrar,1
mackin,1
havatone,1
tandon,1
babyak,1
armour,1
gudmundson,1
armout,1
boulanger,1
aquilina,1
lundie,1
messerli,1
saylor,1
reitsma,1
fedorka,1
leek,1
leed,1
cristaldi,1
leef,1
hartnett,1
andrews,1
yamazaki,1
haggins,1
vopava,1
cleverly,1
ledy,1
borling,1
abshire,1
geving,1
pousson,1
ledo,1
ledl,1
ziadie,1
pacini,1
mcglothin,1
gosline,1
caster,1
thistle,1
eversole,1
hartness,1
casten,1
leff,1
castel,1
fedoriw,1
panzarella,1
eversoll,1
evans,1
vanfossan,1
farzan,1
pfeiffer,1
witherspoon,1
baylock,1
raulino,1
fullenkamp,1
pacior,1
leet,1
lees,1
leer,1
leep,1
freckleton,1
leen,1
bushway,1
frauenfelder,1
roubekas,1
shatrau,1
santoriella,1
valenta,1
lech,1
merryweather,1
kaneta,1
valente,1
kristan,1
xavier,1
malovich,1
valenti,1
hiney,1
borguez,1
otukolo,1
marples,1
hennemann,1
zumbrennen,1
lebo,1
mellett,1
nesler,1
womeldorf,1
ulicnik,1
feigh,1
popkin,1
florence,1
beemon,1
zingler,1
lecy,1
skwarek,1
vawter,1
krehel,1
leck,1
gwinner,1
kubsch,1
cristales,1
timblin,1
grismore,1
arias,1
zeckzer,1
vljeric,1
mangina,1
plyler,1
leaf,1
chantry,1
kotas,1
andress,1
leab,1
mangini,1
mangine,1
florendo,1
arenivas,1
trimble,1
arenivar,1
wilhelmy,1
evasco,1
mangino,1
wilhelms,1
wieting,1
sweney,1
polakowski,1
castin,1
durtschi,1
sequin,1
baugher,1
gibeau,1
esparaza,1
durtsche,1
baughey,1
wilhelmi,1
onken,1
lean,1
bisceglia,1
leal,1
vuillemot,1
borba,1
leak,1
leah,1
czwakiel,1
luckritz,1
kotch,1
lear,1
bellehumeur,1
leas,1
leap,1
courtnage,1
wisnoski,1
zullinger,1
kesley,1
donaghue,1
markunas,1
boran,1
kesler,1
mikesell,1
szumiesz,1
satsky,1
popken,1
camburn,1
arico,1
wisnosky,1
felsenthal,1
bistline,1
scheuvront,1
kristek,1
pongkhamsing,1
illiano,1
corvino,1
kooistra,1
borah,1
kristen,1
scullion,1
sultaire,1
mechem,1
barcello,1
shadazz,1
ulsh,1
bachrach,1
nulisch,1
rothchild,1
xia,1
hinks,1
cradler,1
xie,1
hadnot,1
ariel,1
pacius,1
fallago,1
swiderski,1
curiel,1
castle,1
fanton,1
nassimi,1
hinke,1
cahalane,1
feick,1
fedorko,1
musgraves,1
kosty,1
wuensche,1
waguespack,1
muellerleile,1
borge,1
granvold,1
monsour,1
aries,1
cantine,1
hartnell,1
mccathran,1
strazza,1
kaempfer,1
tanabe,1
huttar,1
stryker,1
fantin,1
raetz,1
cahue,1
fiorica,1
auyeung,1
pumphery,1
beemer,1
leehan,1
accomando,1
keplinger,1
veksler,1
ellstrom,1
goolesby,1
schuepfer,1
gerraro,1
borel,1
boren,1
politowski,1
caston,1
antolak,1
borek,1
weishar,1
menucci,1
molinelli,1
colmenares,1
alcombright,1
castoe,1
georgiou,1
arigo,1
borey,1
phetphongsy,1
sannutti,1
irmeger,1
keslar,1
polizio,1
sandman,1
gabler,1
gables,1
bores,1
borer,1
pottinger,1
macrae,1
sundquist,1
bommarito,1
mellema,1
bordi,1
ostwald,1
borde,1
oxley,1
buckson,1
zwicker,1
colantro,1
onkst,1
borda,1
zeisler,1
hamric,1
acorda,1
westergard,1
laracuente,1
kosse,1
ridgeway,1
mrazek,1
mecham,1
gruver,1
chantos,1
mcgwin,1
castor,1
budworth,1
hinde,1
breheny,1
jurado,1
ullo,1
balentine,1
vasque,1
mcallister,1
mahlman,1
prohonic,1
slezak,1
hinds,1
hutter,1
qian,1
ungerman,1
borla,1
brophy,1
marucci,1
hollway,1
stouffer,1
hutten,1
aiava,1
bailard,1
cabello,1
fanter,1
schueren,1
mcglothen,1
magliano,1
castro,1
fedorek,1
stoneham,1
chadbourne,1
hines,1
hollendonner,1
andrulis,1
culligan,1
hiner,1
bordeaux,1
borke,1
thwaites,1
teeples,1
gosling,1
craiger,1
ripson,1
gleeson,1
craigen,1
boris,1
filion,1
borio,1
narlock,1
puntillo,1
visconti,1
borja,1
abramek,1
lavigne,1
mordino,1
blickem,1
odegaard,1
riddleberger,1
lavigna,1
mordini,1
heimlicher,1
korenic,1
gandara,1
hince,1
cruthers,1
mcelwain,1
filipi,1
doceti,1
trotochaud,1
tougas,1
blicker,1
cislo,1
groman,1
macreno,1
hinch,1
boria,1
hinck,1
doelger,1
wun,1
poirrier,1
waltner,1
riccio,1
argudin,1
kilogan,1
laraway,1
hinze,1
blunt,1
wiinikainen,1
tackitt,1
giandomenico,1
blunk,1
borns,1
seegars,1
mclaughlin,1
radcliffe,1
rastelli,1
elmblad,1
ording,1
andregg,1
weldin,1
weegar,1
ficchi,1
ramire,1
capaccino,1
egli,1
holderfield,1
toothaker,1
leffingwell,1
oestreich,1
egle,1
aring,1
gerrald,1
rakoczy,1
kaffka,1
goldhorn,1
orkwis,1
boros,1
berkheimer,1
culnane,1
suggitt,1
boron,1
blume,1
borom,1
borok,1
tanaka,1
bluma,1
koska,1
jarad,1
biafore,1
villecus,1
gromer,1
koski,1
mundschau,1
worrell,1
kwaterski,1
stirling,1
faughnan,1
strike,1
brozovich,1
torregrosa,1
slayter,1
kosky,1
friebel,1
naugher,1
wiktor,1
zieger,1
preslipsky,1
drozdowicz,1
freidin,1
windfield,1
covell,1
ziegel,1
borne,1
randleman,1
sferrazza,1
carrisalez,1
longbottom,1
woodmansee,1
narrow,1
damrow,1
mucha,1
antolin,1
antolik,1
eltzroth,1
narron,1
eberley,1
damron,1
rolison,1
borsa,1
connerly,1
laberpool,1
klaiber,1
arisa,1
catozzi,1
ducotey,1
borsh,1
beeman,1
pellegren,1
tannous,1
huttle,1
powelson,1
donaghey,1
capezzuto,1
metzger,1
mofford,1
cherrette,1
parsells,1
herrold,1
nighswander,1
almeter,1
knoflicek,1
borth,1
daines,1
blanken,1
mcconomy,1
borst,1
vanwieren,1
kinsella,1
mendivel,1
rauzman,1
carrasquillo,1
abshier,1
antolos,1
egge,1
ashbaugh,1
powers,1
feist,1
daughety,1
fleshner,1
urhahn,1
wulkan,1
mrazik,1
jared,1
kruckeberg,1
vehrenkamp,1
ulch,1
stancill,1
feith,1
spielmann,1
cirri,1
ramiro,1
nibler,1
borra,1
dejarden,1
kovalovsky,1
arita,1
mcglothian,1
mcmains,1
borre,1
getchius,1
mucci,1
beecham,1
stiegler,1
gerrard,1
eisenmenger,1
tilson,1
hutton,1
andreen,1
oeder,1
strife,1
scholler,1
airhart,1
rafel,1
houten,1
dudzic,1
monegro,1
norseworthy,1
kosel,1
kosek,1
dudzik,1
burfield,1
xiao,1
kosen,1
jaqua,1
shroyer,1
koser,1
raffa,1
strief,1
ivanoff,1
lebeouf,1
mendivil,1
esterly,1
slayton,1
rafey,1
walbright,1
lenton,1
leidholt,1
baughan,1
eavey,1
baugham,1
eaves,1
wms,1
seelbach,1
rigler,1
lankard,1
bellingtier,1
stride,1
cahee,1
ghianni,1
abramov,1
decapua,1
covert,1
strick,1
feild,1
szmalc,1
stofferan,1
cisco,1
tornincasa,1
raffo,1
rigley,1
crumedy,1
mcbroome,1
heppner,1
bortz,1
alexopoulos,1
helena,1
kosch,1
phillians,1
sakkas,1
bluto,1
ariza,1
kosco,1
partain,1
ramiez,1
casuat,1
aredondo,1
mishulovin,1
borum,1
keegan,1
venetos,1
filice,1
magierski,1
onley,1
blust,1
seashore,1
rafiq,1
kristin,1
berdecia,1
markevich,1
lavanway,1
borup,1
egel,1
eger,1
blush,1
bluth,1
beecher,1
oster,1
eget,1
blaser,1
blute,1
kosar,1
helems,1
osten,1
berman,1
polizzi,1
kmiec,1
drafton,1
cisar,1
handwerker,1
weldon,1
chinskey,1
blasen,1
myslin,1
schurer,1
mcklveen,1
kosir,1
myslim,1
felsher,1
alkema,1
corridan,1
mceathron,1
wiseman,1
kosik,1
kochevar,1
kosin,1
everidge,1
kristof,1
daffern,1
koshy,1
decoux,1
connerty,1
kriston,1
cahan,1
plunkett,1
ostby,1
cahal,1
burneisen,1
hitzfelder,1
koshi,1
stanciel,1
mcdannell,1
vandelaare,1
gruhlke,1
kendell,1
wry,1
hintz,1
dangelis,1
harnisch,1
blasco,1
bezenek,1
feichtner,1
wainwright,1
egbe,1
glesener,1
amuso,1
bermea,1
zauner,1
oxenrider,1
knable,1
flatten,1
hempstead,1
anzideo,1
coronel,1
spragins,1
woo,1
woznicki,1
hryniewich,1
won,1
niehoff,1
rafla,1
reuther,1
borys,1
flatter,1
andaverde,1
gherman,1
egan,1
rodregez,1
kosters,1
borza,1
woy,1
steinkraus,1
bermel,1
aurrichio,1
macrum,1
solheim,1
centano,1
egar,1
amsbaugh,1
bermeo,1
snith,1
connerat,1
davoren,1
kandra,1
decoud,1
ebbighausen,1
caimi,1
menser,1
ramjan,1
ludkowski,1
primavera,1
mensen,1
sorbera,1
carbonara,1
yannayon,1
speidel,1
matkovic,1
messano,1
wheaton,1
hallowich,1
speiden,1
baltrip,1
sibgert,1
carbonaro,1
teixeria,1
weisenborn,1
wettlaufer,1
cassem,1
magadan,1
messana,1
buford,1
cassel,1
cantella,1
heideman,1
cassey,1
decost,1
srock,1
tarvis,1
tarvin,1
feher,1
seekell,1
zinner,1
sandles,1
cashour,1
sandler,1
mensch,1
sherretts,1
pachla,1
brisbon,1
turrentine,1
dorcent,1
fruman,1
wey,1
tarrien,1
belmore,1
blaszczyk,1
wen,1
dalmida,1
russek,1
russel,1
petigny,1
caine,1
wei,1
rowback,1
landolfo,1
ngueyn,1
wee,1
cobbley,1
louden,1
jaros,1
nozicka,1
louder,1
peppas,1
lightbody,1
sayers,1
cains,1
formhals,1
russer,1
bramwell,1
krawiecz,1
landolfi,1
russey,1
wildenthaler,1
mensah,1
bassford,1
ramirel,1
arjes,1
gunkelman,1
ramirec,1
plymel,1
balado,1
mauricio,1
diamantopoulo,1
petronis,1
preskar,1
ramirez,1
petronio,1
cohlmia,1
rafus,1
horigan,1
ramires,1
pandola,1
cassis,1
gromoll,1
tselee,1
cassin,1
bronson,1
visnosky,1
tyacke,1
cassio,1
yedinak,1
columbres,1
dimeglio,1
gantner,1
hughston,1
decook,1
seferovic,1
echternach,1
moscariello,1
bakhshian,1
blasko,1
normand,1
pavese,1
zickler,1
wix,1
idemoto,1
thygerson,1
sandlin,1
balaam,1
bisping,1
vandevelde,1
beekman,1
stinebaugh,1
wig,1
kokenge,1
vaneck,1
win,1
russak,1
piersaul,1
wik,1
loudin,1
blaski,1
usina,1
normann,1
schellman,1
burchinal,1
kreger,1
russaw,1
kosak,1
blaske,1
decomo,1
why,1
jarry,1
mancell,1
dellarocco,1
vandyk,1
giusto,1
gargano,1
ramiriz,1
robichau,1
elsberry,1
giusti,1
decola,1
thissen,1
salafia,1
colasanti,1
emerald,1
mudra,1
colasante,1
broadwell,1
gargani,1
gurganious,1
borzillo,1
korpi,1
menson,1
bronsky,1
camarillo,1
lafountain,1
blasengame,1
olynger,1
czech,1
centrich,1
bleattler,1
fearon,1
berenschot,1
ahrendes,1
herwehe,1
baytos,1
cullifer,1
bayton,1
handing,1
caito,1
flurry,1
sroka,1
vastola,1
siwicki,1
gingles,1
weathers,1
casumpang,1
winchester,1
tomaro,1
jares,1
jaret,1
fahrenwald,1
crumpler,1
bluel,1
schleich,1
nazir,1
tarring,1
pilkington,1
radican,1
lepkowski,1
doerhoff,1
korte,1
metzgar,1
tomash,1
ehleiter,1
littich,1
tomasi,1
munsinger,1
beylotte,1
connelley,1
korst,1
mcdougall,1
przeniczny,1
zambotti,1
sembrat,1
fleshman,1
gudino,1
mcdougald,1
harens,1
fleenor,1
oltrogge,1
pugeda,1
tenholder,1
morganti,1
caira,1
olcott,1
caire,1
kortz,1
mavromatis,1
viramontes,1
picasso,1
tomala,1
doogan,1
champine,1
bershadsky,1
morgante,1
bultman,1
korth,1
grabler,1
nitzel,1
philliber,1
alzugaray,1
cwalinski,1
overfield,1
ushijima,1
alford,1
champion,1
tuttle,1
kinslow,1
harell,1
needham,1
clouthier,1
thrun,1
bluhm,1
wheatly,1
korus,1
schleiff,1
wan,1
casson,1
wal,1
charbonnel,1
powledge,1
libertini,1
rudnicki,1
philips,1
wax,1
truncellito,1
way,1
ortaga,1
rogosky,1
sayegh,1
welder,1
war,1
welden,1
poitras,1
vanbrocklin,1
hegwood,1
colomba,1
rudnicky,1
philipp,1
waz,1
kinderman,1
larmett,1
charbonnet,1
sandlan,1
cabanela,1
hughson,1
kocourek,1
colombo,1
barmettler,1
quintanilla,1
thalman,1
colombe,1
belmont,1
amweg,1
israels,1
mensik,1
lataille,1
courneya,1
cairo,1
verburg,1
kienzle,1
wai,1
wah,1
karins,1
tutton,1
etsitty,1
omersa,1
hahm,1
hahn,1
ragan,1
hahl,1
ragas,1
bonnlander,1
koria,1
ragar,1
decock,1
mudie,1
hagy,1
bluming,1
winborn,1
phariss,1
gulikers,1
umin,1
jeppesen,1
detwiler,1
cartegena,1
lascala,1
villas,1
chantha,1
villar,1
corrieri,1
korenek,1
bullett,1
fruusto,1
villao,1
corriere,1
hagg,1
vanert,1
arnerich,1
ernesto,1
bardeen,1
haga,1
cerutti,1
diefenbach,1
hage,1
digeorgio,1
certalich,1
vedovelli,1
kingsley,1
breitenstein,1
gyger,1
grodecki,1
muehlberger,1
brisban,1
haft,1
schlett,1
fresquez,1
wisenor,1
yampolsky,1
dearden,1
loosier,1
talleut,1
groner,1
kleinpeter,1
duchatellier,1
keehne,1
abdulmateen,1
mudge,1
hait,1
sasengbong,1
lillibridge,1
laumann,1
hair,1
hail,1
hain,1
gudiel,1
fehrs,1
vaneps,1
goston,1
breshears,1
schwebach,1
haik,1
haid,1
mcclurken,1
colombini,1
haig,1
rosenbarger,1
guimares,1
kozlak,1
lapinta,1
mcclintick,1
roskopf,1
tilton,1
edgeston,1
kodadek,1
hahs,1
schaubhut,1
miskell,1
seegobin,1
shepeard,1
courington,1
waltman,1
ehly,1
hada,1
bodenhagen,1
carrasco,1
beenel,1
hade,1
leininger,1
gamache,1
rager,1
bernon,1
vue,1
ehli,1
hack,1
thaller,1
waterman,1
balasa,1
shufelt,1
marsolek,1
pedlow,1
macedonio,1
elwer,1
kendricks,1
umeh,1
balash,1
degenaro,1
vennari,1
rinehardt,1
buntain,1
saavedra,1
tallent,1
haby,1
ochsner,1
pachar,1
bernot,1
courseault,1
ehle,1
boseman,1
bernos,1
stagnaro,1
hach,1
shortell,1
giesing,1
pizzolato,1
schlepp,1
daignault,1
krueth,1
rochholz,1
thayer,1
mcluckie,1
korol,1
vaness,1
bulleri,1
ineson,1
obstfeld,1
haff,1
haer,1
bullers,1
sonstroem,1
haen,1
rybinski,1
herbison,1
bullert,1
holterman,1
antillon,1
zisser,1
bashford,1
kellerhouse,1
helder,1
newsam,1
artinian,1
cairone,1
heathershaw,1
huguet,1
wheater,1
kornn,1
mancera,1
elswick,1
mcclurkin,1
guttirez,1
yanetta,1
korns,1
ragel,1
noteboom,1
videen,1
karimi,1
szumny,1
deppner,1
ospital,1
hady,1
jasch,1
hardon,1
liggins,1
muhtaseb,1
folson,1
schlenz,1
campagnini,1
folsom,1
kozlik,1
via,1
koran,1
orrison,1
koral,1
pepple,1
newson,1
newsom,1
matuska,1
chladek,1
korab,1
protzman,1
schuhmann,1
vik,1
vil,1
vig,1
hulburt,1
symmonds,1
berwick,1
wibeto,1
nowaczyk,1
begnaud,1
labruyere,1
chodorov,1
thran,1
waltmon,1
whitledge,1
vix,1
bejcek,1
halloway,1
vis,1
hilderman,1
seilheimer,1
cordeiro,1
pacheo,1
mostafavi,1
brisbin,1
ciliento,1
elway,1
strayer,1
strausberg,1
pachew,1
greaves,1
greaver,1
kaneko,1
acosto,1
haas,1
lascaro,1
haar,1
sherville,1
seppelt,1
haan,1
pedlar,1
haak,1
raggs,1
boque,1
mayweather,1
garlock,1
mishulouin,1
stenquist,1
krissie,1
haaz,1
sbano,1
korby,1
loucks,1
bernau,1
bernat,1
bernas,1
matusik,1
istre,1
gatewood,1
jarva,1
ragin,1
viafara,1
fanatia,1
auerbach,1
jarvi,1
haaf,1
haag,1
mingledorff,1
haab,1
korba,1
laravie,1
sartell,1
mccelland,1
bernal,1
peppin,1
ruether,1
valenza,1
wiberg,1
vlk,1
guntrum,1
schlein,1
ragno,1
koren,1
kovich,1
gollwitzer,1
wisener,1
kores,1
schleis,1
buchwald,1
kinsman,1
tarver,1
elsken,1
figgeurs,1
deardon,1
glebocki,1
bielefeldt,1
weakland,1
grigalonis,1
boshnack,1
rutenberg,1
archdale,1
schleig,1
evatt,1
tipsword,1
martelles,1
piersall,1
hertenstein,1
timpone,1
pitcak,1
mikulich,1
hiott,1
kuennen,1
duquette,1
pinnette,1
ragon,1
saulnier,1
clarkson,1
craigue,1
garabedian,1
acosta,1
ingleton,1
steighner,1
affeltranger,1
pershall,1
broccolo,1
kozlow,1
pepper,1
lascano,1
mousseau,1
patnaude,1
ragle,1
keehan,1
fearen,1
morgandi,1
piszczek,1
roznowski,1
berndt,1
vanfossen,1
broccoli,1
pedley,1
vos,1
hendrikson,1
challinor,1
schlaack,1
salsberry,1
berney,1
quinchia,1
cieloszyk,1
matusek,1
strawbridge,1
gevorkian,1
neidiger,1
korey,1
skoglund,1
mcclurkan,1
bernet,1
bernes,1
silbaugh,1
berner,1
peppel,1
peebles,1
aievoli,1
halfmann,1
fontillas,1
boldizsar,1
korff,1
strandburg,1
hippo,1
wilcutt,1
wampole,1
hippe,1
trickett,1
osumi,1
hahnert,1
sassaman,1
fieldson,1
schliep,1
koves,1
hipps,1
hesselman,1
yerigan,1
compher,1
craighead,1
mcmaken,1
buzzard,1
vandal,1
vandam,1
vey,1
phillps,1
mcintee,1
sweley,1
ver,1
durphey,1
midgett,1
mancher,1
cajka,1
clanin,1
defosses,1
defosset,1
elderidge,1
manchel,1
wojtczak,1
sandora,1
hodnett,1
nebeker,1
fradette,1
salines,1
faulisi,1
arkin,1
hipol,1
kover,1
lorentine,1
toporek,1
corolis,1
ven,1
maheux,1
grussing,1
vea,1
rustad,1
majors,1
vee,1
sleeman,1
billegas,1
matchett,1
shadden,1
gusky,1
booze,1
cintora,1
linkhart,1
raudales,1
scamehorn,1
kovar,1
popick,1
clance,1
goeken,1
villot,1
ricaud,1
smutzler,1
sabbah,1
fegan,1
bedolla,1
alkbsh,1
corolla,1
guske,1
eckhard,1
robledo,1
taruer,1
rachi,1
mickelson,1
bovell,1
mcmakin,1
gillcrest,1
sheneman,1
tamulis,1
seppala,1
seligmann,1
val,1
sladky,1
grillette,1
hulmes,1
van,1
mcdonnell,1
stewert,1
hillberry,1
racko,1
viscarro,1
vas,1
samuelson,1
frankenberg,1
mulliniks,1
berggren,1
vaz,1
duerksen,1
vay,1
racki,1
spirko,1
rockstad,1
sandona,1
ardizone,1
haubert,1
viscarra,1
covarruvia,1
osaile,1
fadale,1
popiel,1
kovac,1
zacchini,1
clancy,1
reichelderfer,1
koval,1
osuna,1
sandone,1
macdonnell,1
gushi,1
newenle,1
southerland,1
sandrowicz,1
morphew,1
rusten,1
abdula,1
balbin,1
mcnurlen,1
stoiber,1
crumbley,1
kreitlow,1
babula,1
lafaso,1
simelton,1
fleischman,1
locorriere,1
landsman,1
goolsbee,1
kistler,1
balazs,1
auther,1
durkins,1
ringhouse,1
lafata,1
broner,1
vonderhaar,1
pisicchio,1
rezek,1
brashear,1
jemmett,1
oblinski,1
syvertsen,1
krabbenhoft,1
haggermaker,1
sabata,1
brochet,1
kimmons,1
littles,1
karmann,1
elvis,1
littler,1
elvin,1
kushlan,1
rattana,1
schaubert,1
auclair,1
borbon,1
antonis,1
bigger,1
nayes,1
kasperek,1
glodowski,1
zumalt,1
nayee,1
stittgen,1
carraway,1
antonio,1
bordinger,1
latigo,1
morganson,1
hulsman,1
antonia,1
helget,1
helger,1
crapanzano,1
borchelt,1
mootry,1
eguchi,1
callnan,1
bencomo,1
karger,1
isidro,1
karstetter,1
imamura,1
stuckmeyer,1
henriguez,1
dietrich,1
dietrick,1
duerkson,1
latino,1
colasamte,1
steenburg,1
patricia,1
delzer,1
blumkin,1
krefft,1
patricio,1
wartchow,1
latini,1
harlston,1
posada,1
decroo,1
levenhagen,1
latina,1
rezai,1
rezac,1
shangraw,1
sheeley,1
jacobellis,1
rezak,1
helmers,1
helmert,1
gibbon,1
argueta,1
rengifo,1
schlick,1
sugimoto,1
doderer,1
chroman,1
sheeler,1
zoglmann,1
noorda,1
augustson,1
baures,1
dilorenzo,1
lunger,1
baurer,1
clankscales,1
figueiredo,1
biggio,1
balbas,1
holdcraft,1
niedermeier,1
lafave,1
semprini,1
malinky,1
englemann,1
piette,1
richarson,1
jecklin,1
schemonia,1
turvaville,1
leitten,1
stebner,1
uxa,1
bardell,1
maheia,1
stavsvick,1
weinberg,1
salinas,1
eeds,1
vandre,1
spurbeck,1
boghossian,1
wickham,1
shrawder,1
stengele,1
renschler,1
gibble,1
koscinski,1
paradowski,1
sienko,1
giddens,1
firenze,1
beucler,1
caneles,1
sadbury,1
patridge,1
hargus,1
malinak,1
ashurst,1
uva,1
schultheiss,1
koutz,1
cumbie,1
kozola,1
packen,1
hamper,1
packer,1
gaarder,1
assing,1
sniff,1
jarnigan,1
hampel,1
silleman,1
reyne,1
bedsole,1
tweddle,1
carwile,1
littman,1
reyna,1
difebbo,1
unga,1
philman,1
mickelsen,1
hobaugh,1
russow,1
slacum,1
decree,1
russom,1
dillahunty,1
sakaguchi,1
russon,1
satterly,1
krudop,1
stagger,1
koury,1
spisak,1
kreese,1
kourt,1
dsaachs,1
pallino,1
utz,1
huertes,1
kouri,1
alfredo,1
utt,1
langkabel,1
sabala,1
welchman,1
alfreds,1
langelier,1
culleton,1
monkowski,1
stegent,1
jaffee,1
solorzano,1
bernhagen,1
longpre,1
radigan,1
mcmenimen,1
narasimhan,1
chestnutt,1
muehl,1
hazlett,1
landgrebe,1
vanhuss,1
bournes,1
kugler,1
cumbee,1
terracina,1
ura,1
prudent,1
cajas,1
ure,1
nazar,1
cumber,1
elvey,1
kirchberg,1
cipro,1
sivels,1
carnahiba,1
feusier,1
unkn,1
cedillo,1
koegler,1
colasuonno,1
mccrystal,1
decaneo,1
nitschke,1
uoy,1
clantz,1
vandon,1
stenzel,1
scothorn,1
kouns,1
wissinger,1
streater,1
menoni,1
hample,1
viramontas,1
russum,1
kuipers,1
companie,1
berkey,1
muell,1
esnard,1
grabner,1
snide,1
upp,1
marchaland,1
biggar,1
kingsbury,1
forsythe,1
yingling,1
berken,1
sklar,1
churley,1
winzenried,1
gabisi,1
warbington,1
schlessman,1
ianuzzi,1
rosenquist,1
petrucelli,1
venanzi,1
beeghly,1
rader,1
russin,1
dearcos,1
vandis,1
schneidman,1
zahniser,1
zientek,1
norment,1
hampon,1
armenta,1
coburn,1
feger,1
aulder,1
delatrinidad,1
authur,1
uno,1
robertson,1
etringer,1
scacco,1
brethour,1
ung,1
ariola,1
vogelzang,1
laface,1
delevik,1
mancias,1
pedone,1
saniatan,1
haakinson,1
loudon,1
onnen,1
zielesch,1
adloff,1
boveja,1
goodyear,1
sidelinger,1
virani,1
longknife,1
martinetti,1
horstead,1
feasel,1
fleener,1
punihaole,1
meshew,1
thormaehlen,1
palowoda,1
krauskopf,1
niezgoda,1
armento,1
wymore,1
eckhart,1
arlan,1
kander,1
snipe,1
ulm,1
kandel,1
orozeo,1
titterness,1
virant,1
sabado,1
radie,1
steenwyk,1
martinetto,1
hegland,1
isackson,1
stolberg,1
radin,1
latourette,1
deloach,1
khensovan,1
ricard,1
husaini,1
vandel,1
brayboy,1
sabagh,1
radar,1
vandee,1
meddaugh,1
wettstein,1
sautter,1
balboa,1
fiermonte,1
gabino,1
filkey,1
dailey,1
dziuban,1
widmayer,1
manciel,1
unck,1
angerer,1
kisinger,1
vittorini,1
slader,1
darosa,1
lyford,1
egbert,1
vandervelden,1
diffenderfer,1
vanderwerff,1
weisend,1
giernoth,1
creager,1
sladek,1
grasmick,1
yumas,1
leneave,1
similton,1
fishell,1
justiniano,1
szatkowski,1
scandura,1
nickeson,1
doubleday,1
szczygiel,1
kough,1
menasco,1
creswell,1
unch,1
zicafoose,1
radde,1
habrock,1
rosborough,1
reddington,1
huertas,1
uhm,1
uhl,1
radej,1
hoeschen,1
raden,1
mettling,1
radel,1
vaudreuil,1
sember,1
ozminkowski,1
walzer,1
brashers,1
hartage,1
jappa,1
kouba,1
lawn,1
sirois,1
lawe,1
heiermann,1
pelotte,1
weisenburger,1
ude,1
bonzo,1
laws,1
streng,1
stagers,1
baiotto,1
dimattia,1
muirhead,1
schmittou,1
silvernail,1
figiel,1
fischang,1
kobernick,1
pasternack,1
holshouser,1
marshalek,1
westerhof,1
armson,1
licursi,1
fouraker,1
tyger,1
aversa,1
dobrunz,1
rados,1
balcer,1
mushero,1
layo,1
rininger,1
radom,1
radon,1
antonellis,1
laye,1
spevacek,1
vavricek,1
laza,1
donayre,1
harges,1
larason,1
dimatteo,1
harger,1
aeschbacher,1
corsoro,1
arlia,1
lazo,1
brightman,1
udo,1
udy,1
henstrom,1
silvernale,1
aquilera,1
carrauza,1
cowdery,1
dickus,1
mahaffey,1
dickun,1
murrock,1
connally,1
adalja,1
bonuz,1
drabant,1
roling,1
mushett,1
andrian,1
tatnall,1
hannaford,1
petroff,1
polcovich,1
uemura,1
rolins,1
treaster,1
bhola,1
holzmiller,1
langstaff,1
surette,1
ramler,1
broody,1
arlen,1
bearfield,1
lescarbeau,1
tarter,1
vigneault,1
shingler,1
shingles,1
hepker,1
wachowiak,1
latham,1
siroky,1
waygood,1
buchmeier,1
occhiogrosso,1
lathan,1
walterson,1
radle,1
bonus,1
torregrossa,1
straight,1
mcgilberry,1
stretz,1
balasco,1
mcqueen,1
cavagnaro,1
boarts,1
jefferies,1
ebbesen,1
waloven,1
rasmusson,1
juedes,1
arbogust,1
crevier,1
roemmich,1
popham,1
ubl,1
isabella,1
nuttall,1
hargis,1
cleckler,1
isabelle,1
baruffi,1
siroka,1
cleckley,1
radke,1
baruffa,1
keizer,1
holznecht,1
kathman,1
streva,1
readus,1
hudack,1
brumsey,1
ardito,1
yeadon,1
hudach,1
crnich,1
wactor,1
lainhart,1
stahlman,1
laos,1
mcconney,1
street,1
freidel,1
feery,1
monnerjahn,1
saraceno,1
fleischner,1
eberlin,1
ratulowski,1
canella,1
streff,1
negrette,1
andries,1
boock,1
lanz,1
mcconnel,1
kotyk,1
cudworth,1
hunsaker,1
lather,1
lapp,1
lathen,1
clothier,1
lathem,1
tye,1
lape,1
koeneman,1
reyer,1
reyes,1
strege,1
vavricka,1
tyl,1
nestler,1
grether,1
pannhoff,1
tyo,1
reyez,1
freidet,1
dickow,1
grannum,1
lapa,1
roberrtson,1
weekes,1
laaker,1
weekey,1
scheibner,1
vollmering,1
dobmeier,1
cardinali,1
cumbaa,1
ardion,1
monington,1
skagerberg,1
cardinale,1
andrick,1
tataris,1
kenton,1
strehl,1
casuse,1
andrich,1
paneczko,1
troesch,1
lary,1
minderman,1
inabinet,1
horvers,1
whitlach,1
amsdell,1
langanke,1
seeliger,1
larr,1
powell,1
lars,1
boody,1
waddups,1
laro,1
streib,1
wlodarek,1
streif,1
lark,1
starbuck,1
lare,1
lara,1
purtlebaugh,1
darner,1
lard,1
ordman,1
streit,1
bettinger,1
fetchko,1
darnel,1
touhey,1
delahunt,1
radue,1
issac,1
broome,1
laso,1
last,1
tschanz,1
kotts,1
lass,1
oquinn,1
eckerson,1
kotte,1
fillhart,1
branaugh,1
rinaldis,1
mcconnal,1
dejardin,1
simonsen,1
stodghill,1
dannels,1
lash,1
tengben,1
brooms,1
sillitoe,1
lask,1
forstedt,1
tuy,1
lato,1
latu,1
kotur,1
tur,1
latz,1
vansicklin,1
lykens,1
shaline,1
tun,1
lidtke,1
deichman,1
late,1
jablonowski,1
renzelman,1
tua,1
eastern,1
lathim,1
lauw,1
laut,1
chatterton,1
giesler,1
stmichel,1
almarza,1
laur,1
grosswiler,1
brooke,1
welfel,1
funnell,1
laux,1
damboise,1
pemelton,1
laue,1
mountford,1
laud,1
laub,1
japak,1
brooks,1
laun,1
retchless,1
jepperson,1
reitter,1
ruppenthal,1
lavy,1
lave,1
mecias,1
pellegrin,1
vonbraunsberg,1
rester,1
swefford,1
lava,1
minneweather,1
chasteen,1
stremi,1
pennigton,1
mclaughlan,1
gennusa,1
lavi,1
bressette,1
massaro,1
hopskins,1
massart,1
toothill,1
summars,1
tortolano,1
meckley,1
treusdell,1
massare,1
sheskey,1
ichinose,1
massari,1
gutter,1
lahr,1
horsford,1
gibala,1
lahn,1
lahm,1
lenske,1
lenski,1
goeltz,1
khatcherian,1
books,1
leviston,1
vandervoort,1
dingwall,1
yunes,1
nothstine,1
tri,1
lago,1
boole,1
massard,1
twedell,1
ramadanovic,1
rasmussen,1
sattlefield,1
damone,1
meckler,1
lage,1
try,1
dickes,1
dicker,1
cione,1
kreitler,1
farver,1
tse,1
lathon,1
cioni,1
rayyan,1
knaack,1
marsiglia,1
ojima,1
vantrump,1
dicken,1
critelli,1
dickel,1
semans,1
missler,1
keefer,1
ricciardi,1
dominiquez,1
broglie,1
tso,1
tsu,1
awada,1
matlick,1
gennarelli,1
broglio,1
santanna,1
hires,1
kryzak,1
kenter,1
mcgoldrick,1
sardinas,1
frymyer,1
huffstetler,1
crescenti,1
laib,1
retherford,1
bowditch,1
slomer,1
kemmerer,1
akiona,1
lail,1
helfin,1
senters,1
lain,1
lais,1
boone,1
lair,1
maxson,1
dickey,1
berlin,1
hullum,1
vanecek,1
borstad,1
ebberts,1
almaraz,1
cakmak,1
laky,1
unikel,1
shutler,1
lale,1
almaras,1
wohlford,1
lala,1
bloomfield,1
tobias,1
lalk,1
lall,1
messersmith,1
avellaneda,1
grunewald,1
santaniello,1
cattano,1
honahnie,1
sardinha,1
voetberg,1
cuningham,1
lake,1
kaczynski,1
siemon,1
ojito,1
borchert,1
borchers,1
mcelhannon,1
nayar,1
reader,1
schlegel,1
drenning,1
mesick,1
dheel,1
sentell,1
knoechel,1
mizuno,1
mesich,1
pietig,1
helfer,1
joynson,1
kotow,1
tod,1
lamy,1
znidarsic,1
youssef,1
wexler,1
helfen,1
toh,1
land,1
mesias,1
laughbaum,1
lana,1
laakso,1
toa,1
verkuilen,1
lang,1
ortwine,1
paulseth,1
winkleman,1
lane,1
lank,1
lani,1
bacolor,1
hirai,1
dumeny,1
toy,1
lano,1
hirao,1
tow,1
pacilio,1
lann,1
balassi,1
tom,1
lant,1
ton,1
tok,1
dickie,1
casdorph,1
preissner,1
readdy,1
too,1
giarraputo,1
top,1
berley,1
kastein,1
lenser,1
sloman,1
stotesbury,1
mellberg,1
lama,1
lamb,1
uong,1
lame,1
eisermann,1
bloczynski,1
itnyre,1
dothard,1
lamm,1
conwell,1
slomba,1
bigham,1
lamp,1
senteno,1
wessells,1
germaine,1
krucke,1
sergeant,1
hamons,1
gaarsland,1
balcom,1
morphis,1
rustin,1
balcos,1
tin,1
vancil,1
tim,1
boose,1
tio,1
raugust,1
thy,1
slomka,1
gustavson,1
thu,1
fefer,1
terkelsen,1
pantelakis,1
petross,1
filley,1
filler,1
almarez,1
nicoulin,1
kastens,1
funicello,1
tartar,1
snellman,1
burwell,1
michlich,1
awkward,1
kothe,1
suaava,1
boote,1
osuch,1
agricola,1
dhein,1
booth,1
neumeyer,1
wassenberg,1
simzer,1
klawitter,1
bispham,1
tix,1
tiu,1
gutteridge,1
vanevery,1
ratkowski,1
yunan,1
pomeranz,1
averyt,1
sterlace,1
mignano,1
edelman,1
damour,1
laba,1
raudenbush,1
raehl,1
stumfoll,1
earvin,1
booty,1
portsche,1
boots,1
awalt,1
schuetze,1
fleeman,1
dansbury,1
akemon,1
stiegman,1
routhier,1
macomb,1
levister,1
patrone,1
pinales,1
carnevale,1
philley,1
damoth,1
borkoski,1
arman,1
forline,1
armas,1
dunseith,1
milfeld,1
atchinson,1
bearman,1
uhlenkott,1
needels,1
brafman,1
sequra,1
fillman,1
luttrull,1
viscardi,1
ten,1
ladd,1
schwingel,1
teo,1
lade,1
tep,1
tei,1
roundy,1
gezalyan,1
lada,1
champlin,1
raychard,1
tee,1
rounds,1
tea,1
macola,1
kiyuna,1
fillip,1
gostowski,1
usher,1
ritmiller,1
lacz,1
schuette,1
kotek,1
prudden,1
shoobridge,1
lacy,1
allanson,1
lace,1
damore,1
damoro,1
lack,1
lach,1
labs,1
scheuren,1
petrone,1
whitwell,1
labo,1
overmeyer,1
scheurer,1
kempisty,1
tew,1
crescenzo,1
tes,1
gutta,1
siemek,1
balaski,1
saltourides,1
birrueta,1
maughan,1
bronzo,1
ruston,1
siemer,1
brogley,1
wubnig,1
yundt,1
twining,1
fishback,1
phillis,1
phillip,1
boore,1
boord,1
hoetger,1
almario,1
barrowman,1
goeman,1
efaw,1
bailado,1
kotey,1
spirek,1
thi,1
semaan,1
spirer,1
macrina,1
lado,1
spires,1
ladt,1
hutson,1
bludworth,1
grannis,1
samuelsen,1
lady,1
puidokas,1
balasko,1
brincks,1
okerblom,1
hiatt,1
arnau,1
caterino,1
mccamant,1
curriere,1
higginbottom,1
dyle,1
menear,1
covalt,1
mustian,1
bonne,1
dyll,1
metchikoff,1
arnao,1
gelbart,1
heidbreder,1
disspain,1
iozzi,1
feeser,1
paoletti,1
rosenblatt,1
bogenschutz,1
grzesiak,1
encino,1
iozzo,1
golberg,1
kullmann,1
paoletto,1
lisenby,1
ardman,1
boothman,1
cullison,1
paoletta,1
alpert,1
alpers,1
stadtlander,1
cashen,1
bonow,1
coslett,1
greg,1
luther,1
allegood,1
zuhlke,1
gibeault,1
greb,1
grabow,1
pakonen,1
benell,1
doolan,1
augustine,1
buontempo,1
gren,1
karman,1
babson,1
moulding,1
grew,1
grev,1
piwowar,1
grey,1
ranaudo,1
boderick,1
abdelrahman,1
bonny,1
renzo,1
beneke,1
braymer,1
pedeare,1
dyke,1
budreau,1
perryman,1
meneal,1
murrell,1
bonno,1
hamnon,1
peckham,1
kauphusman,1
renze,1
nishioka,1
deroberts,1
brumlow,1
yearby,1
muinos,1
renzi,1
liberman,1
casher,1
alpern,1
blasetti,1
kopchick,1
magyar,1
waltjen,1
walchak,1
ringbloom,1
scheeler,1
hipolito,1
abedi,1
trohanov,1
burtschi,1
disimone,1
ingraham,1
arney,1
cokley,1
arnet,1
churner,1
niedbalski,1
swoap,1
priegnitz,1
hislop,1
kritikos,1
brocklebank,1
cummer,1
arner,1
zanayed,1
chatterjee,1
finigan,1
smithers,1
vongkhamchanh,1
laremont,1
stegmaier,1
isome,1
ogwynn,1
baucum,1
wigdor,1
cutburth,1
newnam,1
zauala,1
billingham,1
hippley,1
hippler,1
nawfel,1
hoeller,1
threets,1
equiluz,1
pittman,1
headlon,1
leedom,1
isola,1
murdough,1
grae,1
blanzy,1
wyandt,1
grad,1
bonsu,1
amadon,1
cezil,1
cashio,1
cashin,1
lejman,1
dyer,1
gras,1
grat,1
sieverding,1
grau,1
gran,1
bonte,1
kettner,1
grap,1
treasure,1
schwenzer,1
amador,1
gram,1
graf,1
dipiazza,1
mclerran,1
cellar,1
iacobucci,1
reagor,1
gelvin,1
toulmin,1
gray,1
graw,1
grav,1
reagon,1
vitorino,1
giamichael,1
arndt,1
swezey,1
krahulec,1
pribnow,1
amadio,1
schwalen,1
dearing,1
epling,1
rentz,1
mckeand,1
bonet,1
melendres,1
mckeane,1
lemasters,1
chubbs,1
boney,1
tanney,1
redline,1
jelden,1
nutting,1
paradiso,1
nissalke,1
bones,1
peixoto,1
boner,1
reagle,1
vandivort,1
montville,1
sandhop,1
mendyk,1
keetch,1
brincat,1
chiaramonte,1
vangemert,1
kiesser,1
cezar,1
bonds,1
bondy,1
orenstein,1
charisse,1
brumley,1
vandermolen,1
tanner,1
abdur,1
hasenbeck,1
inacio,1
bonde,1
tannen,1
bondi,1
galuszka,1
blyth,1
danielian,1
flierl,1
hamner,1
stubits,1
andrion,1
harrop,1
fronduti,1
abdul,1
hilscher,1
thielen,1
bongo,1
demaio,1
blacknall,1
benett,1
biskup,1
harrod,1
catus,1
marchman,1
bonge,1
ramphal,1
legrande,1
simonson,1
bonga,1
andrino,1
benesh,1
grob,1
gerrero,1
harrow,1
scorsone,1
weigart,1
allcorn,1
brocato,1
domenget,1
melendrez,1
schwalbe,1
bucknor,1
catto,1
keeter,1
catts,1
matise,1
avril,1
enciso,1
amadeo,1
gallaway,1
ehorn,1
catoe,1
hibbs,1
beneze,1
guenthur,1
headlee,1
caton,1
bonin,1
tankersly,1
langager,1
shifley,1
faulker,1
faulkes,1
holmers,1
shiflet,1
bierbaum,1
stansell,1
grable,1
henegan,1
mcinroy,1
henegar,1
galashaw,1
coklow,1
fergus,1
moneymaker,1
giacomini,1
escalon,1
malikowski,1
crivaro,1
goeing,1
pumphrey,1
reagin,1
reager,1
woolhiser,1
sookram,1
seecharan,1
grix,1
reagen,1
connell,1
uhyrek,1
grit,1
fitzsimmons,1
blyze,1
baggette,1
reagey,1
grip,1
mcconkey,1
rayome,1
grim,1
shempert,1
gingerich,1
meyerhoff,1
halpain,1
fraccola,1
erdner,1
bonaccorsi,1
leeder,1
swineford,1
steindorf,1
weinfeld,1
bonaccorso,1
cashaw,1
leuthe,1
vanson,1
paradise,1
liguori,1
fiedler,1
pedigo,1
keetan,1
danfield,1
mordaunt,1
gockley,1
paretti,1
degolyer,1
headley,1
woelfle,1
blanks,1
demary,1
onorata,1
glowka,1
amigo,1
lico,1
connely,1
blanko,1
mumper,1
gelbach,1
osequera,1
mcquesten,1
lich,1
rawdon,1
bielski,1
demars,1
cureau,1
demart,1
zieler,1
caulk,1
earps,1
blanke,1
lick,1
feerst,1
grauman,1
demark,1
lide,1
onorato,1
pastula,1
onorati,1
demara,1
oilvares,1
demarc,1
tarski,1
liddle,1
zagara,1
naughton,1
pittmon,1
caravantes,1
shideler,1
teichert,1
casareno,1
fipps,1
messore,1
kaperonis,1
heally,1
zapien,1
glassing,1
demasi,1
demase,1
luallen,1
shubrick,1
liew,1
yarboro,1
lieu,1
usman,1
revalee,1
leachman,1
lies,1
reola,1
armor,1
lien,1
tarsis,1
aucoin,1
liem,1
lenoue,1
kemplin,1
armon,1
liff,1
ayotte,1
sopczak,1
life,1
groszkiewicz,1
slinger,1
trovinger,1
reome,1
yearta,1
amidi,1
dehler,1
wojciak,1
peltier,1
hurrell,1
slosek,1
lied,1
morquecho,1
mathys,1
liddie,1
lieb,1
rentoulis,1
harsin,1
acebedo,1
vermont,1
waycott,1
malinski,1
suryanarayana,1
earls,1
metzler,1
malinsky,1
amacker,1
schlimmer,1
normoyle,1
blanga,1
earll,1
menchaca,1
zubiate,1
earle,1
csubak,1
corbelli,1
amill,1
gracey,1
gearwar,1
newmon,1
cocomazzi,1
stangroom,1
harsha,1
getzschman,1
bankard,1
barnathan,1
lokhmator,1
lokhmatov,1
bunetta,1
matias,1
gysin,1
gochenour,1
towsend,1
woolum,1
bonam,1
niederberger,1
aysien,1
zielke,1
bonas,1
conners,1
bonar,1
escalet,1
cottongim,1
taliaferro,1
gerberich,1
early,1
femat,1
harsey,1
mcelheny,1
machover,1
abdou,1
elter,1
connery,1
lias,1
fiumara,1
kusnic,1
liao,1
powells,1
kempler,1
lian,1
murallies,1
lidder,1
abdon,1
conness,1
weigand,1
leewright,1
liaw,1
prewett,1
bosshart,1
rajan,1
rabeck,1
rajas,1
mimaki,1
spycher,1
woelfel,1
graces,1
gouldman,1
marcelino,1
crouthamel,1
parmalee,1
connett,1
headman,1
pelham,1
deralph,1
bonda,1
klemish,1
bedient,1
fileds,1
dilworth,1
laurenzano,1
boleware,1
lill,1
hartshorne,1
blafield,1
bisker,1
walchli,1
bucchin,1
murphrey,1
lile,1
blanch,1
blanck,1
mesiti,1
hislip,1
pastuch,1
raible,1
degreenia,1
turkmay,1
abdel,1
murrieta,1
blanca,1
charpentier,1
thornburgh,1
zurovec,1
juergens,1
strimback,1
caudy,1
berhow,1
like,1
harsch,1
blanco,1
kukene,1
matier,1
sonneborn,1
murphree,1
blanda,1
linn,1
herrboldt,1
lino,1
blandy,1
healan,1
troendle,1
leitzke,1
raith,1
link,1
line,1
dashnaw,1
blando,1
ling,1
lina,1
lind,1
bielser,1
dorough,1
natalizio,1
raitt,1
caricofe,1
bilberry,1
bansbach,1
baucom,1
bickmore,1
woomer,1
benestad,1
cantell,1
sobrino,1
kohara,1
doolin,1
blaney,1
demayo,1
armen,1
stockebrand,1
chaffins,1
armel,1
engstrom,1
matice,1
hesterly,1
rabehl,1
pokorney,1
lime,1
benfer,1
raitz,1
armes,1
limb,1
lima,1
moores,1
vlahovich,1
armer,1
moorer,1
jumper,1
tansley,1
kamansky,1
aukerman,1
lily,1
latimer,1
grannan,1
kusner,1
richan,1
kopfer,1
elton,1
richie,1
heinlein,1
dawber,1
keeton,1
diventura,1
buenaventura,1
loyborg,1
youngberg,1
abdin,1
minerva,1
amico,1
shelenberger,1
foxwell,1
debouse,1
amick,1
mericle,1
amici,1
anzures,1
fanguy,1
guenther,1
mudget,1
mudger,1
shinabery,1
lige,1
deluzio,1
shiplett,1
reidenbach,1
rabena,1
harthun,1
furtado,1
skinsacos,1
caterina,1
healey,1
uriegas,1
rochlitz,1
femia,1
werlinger,1
haufler,1
cellio,1
vielhauer,1
kruckenberg,1
menees,1
dashner,1
katayama,1
texiera,1
mesina,1
liiv,1
rabelo,1
rabell,1
lenort,1
richey,1
brightharp,1
guethle,1
karmel,1
weelborg,1
robicheaux,1
geisler,1
tropiano,1
richer,1
riches,1
trujillo,1
traviss,1
verdiguel,1
lenord,1
doolen,1
dooley,1
parviainen,1
richel,1
lagueux,1
gechas,1
heiting,1
casagrande,1
casagranda,1
bernucho,1
randazzo,1
leonaggeo,1
malewski,1
mathis,1
gomzales,1
schweitzer,1
gomzalez,1
bendix,1
nickleson,1
bendit,1
mathie,1
stangarone,1
mallacara,1
mcglothlen,1
mathia,1
calligy,1
bendis,1
altemus,1
scolnik,1
travino,1
figler,1
karnas,1
giacchi,1
woodberry,1
aroca,1
peplau,1
dingson,1
figley,1
bendig,1
baldasaro,1
rusert,1
savitsky,1
rakow,1
schelling,1
mcglew,1
rhorer,1
grieshaber,1
dandridge,1
shoopman,1
stremlow,1
stambough,1
babrow,1
giaccio,1
thieman,1
schlitz,1
gallusser,1
felty,1
lutgen,1
feltz,1
rabern,1
schlitt,1
bendle,1
mischnick,1
dembek,1
kesselman,1
arguijo,1
macconnell,1
faniel,1
felts,1
pipilas,1
callies,1
callier,1
hochard,1
hammon,1
salsberg,1
paviol,1
felux,1
salassi,1
nickerson,1
stadelman,1
bagshaw,1
brindle,1
urmeneta,1
wiggins,1
lorenson,1
schlink,1
dhamer,1
rossmann,1
pastrano,1
michitsch,1
rakus,1
renburg,1
squiers,1
arvayo,1
pavish,1
cantero,1
lovejoy,1
boldosser,1
maidens,1
merical,1
scharbrough,1
nevinger,1
veach,1
tanori,1
giliberto,1
figlar,1
eargle,1
corcino,1
auprey,1
cappleman,1
nadeau,1
raimundo,1
wublin,1
risenhoover,1
kenzie,1
mccorey,1
brochard,1
wolden,1
servatius,1
ronzoni,1
distasio,1
sparhawk,1
yeoman,1
delehoy,1
tanoue,1
schlipp,1
felps,1
cicalese,1
sinard,1
yucha,1
macbean,1
woolen,1
woolem,1
naguin,1
ikerd,1
schlipf,1
crutsinger,1
wooley,1
vetsch,1
ingalls,1
hattabaugh,1
rusell,1
laizure,1
tuesburg,1
venneri,1
brayley,1
shellhammer,1
branford,1
fuglsang,1
pastrana,1
vadenais,1
koenigsfeld,1
rettele,1
leitzel,1
kohlman,1
mangubat,1
gurry,1
broadbent,1
omohundro,1
mesker,1
rafidi,1
council,1
skinnen,1
barkman,1
straugh,1
huenink,1
skinner,1
mathre,1
colston,1
bomer,1
witherbee,1
avrett,1
gugliuzza,1
silletto,1
fadeley,1
caudillo,1
amoruso,1
amini,1
rempe,1
mazzacano,1
balyeat,1
hollopeter,1
sunford,1
detjen,1
lugardo,1
hammed,1
bapties,1
langlinais,1
ulatowski,1
slentz,1
erskine,1
kempner,1
gautsch,1
knuteson,1
kreitner,1
villanueva,1
kyner,1
hyneman,1
hammet,1
canterberry,1
dejarme,1
morehouse,1
hammen,1
hammel,1
yeropoli,1
hammes,1
hammer,1
steenburgh,1
pumper,1
wuitschick,1
reifler,1
recalde,1
mordeci,1
uptmor,1
brindel,1
panciera,1
riexinger,1
alexnder,1
amspaugh,1
musquiz,1
rushforth,1
siltman,1
prichett,1
dasovich,1
jelarde,1
reifsnider,1
chareunsri,1
simonton,1
zeimantz,1
sontheimer,1
parriera,1
raynes,1
amiot,1
rayner,1
kabacinski,1
zinzow,1
mathus,1
schindel,1
trichel,1
mcglothlin,1
mathur,1
tashjian,1
zapico,1
dursteler,1
woodman,1
spraglin,1
rathgeber,1
docken,1
stachowiak,1
strauch,1
wisinski,1
remus,1
wallaker,1
petillo,1
amiri,1
giacobbe,1
useted,1
bomia,1
kedzierski,1
meneus,1
stanberry,1
roloff,1
henehan,1
dember,1
mutschler,1
dushkin,1
hoppenstedt,1
docker,1
barreneche,1
freedle,1
maitland,1
cutliff,1
medious,1
stachowicz,1
hamman,1
hammar,1
lueras,1
morlino,1
lightcap,1
portor,1
jurgensmeier,1
nagura,1
erdman,1
ludgate,1
nadell,1
amith,1
umfleet,1
jeffreys,1
kingsberry,1
widdows,1
mazzotta,1
vandeberg,1
straube,1
joganic,1
andreasen,1
simkulet,1
persing,1
cabezas,1
clawson,1
tarazon,1
ziemer,1
blumenstein,1
tajima,1
sivers,1
sivert,1
woodlee,1
felch,1
mccorry,1
braddock,1
meckel,1
wilmeth,1
jeffress,1
quezada,1
abend,1
valtierra,1
pilette,1
meckes,1
brearley,1
raynor,1
renko,1
canavan,1
grum,1
grun,1
dockal,1
gural,1
bohren,1
buckner,1
bohrer,1
germond,1
reagan,1
mahrenholz,1
gruz,1
arnow,1
pozzobon,1
fiechter,1
varrone,1
rainwater,1
arnot,1
janousek,1
scriven,1
naillon,1
coutino,1
macbeth,1
arnst,1
scriver,1
erdmun,1
harris,1
tarris,1
sayres,1
lavorini,1
nalley,1
aridas,1
didomizio,1
burnett,1
cristofaro,1
otterson,1
newnum,1
feldt,1
comstock,1
mummert,1
salasar,1
graban,1
gibboney,1
sloter,1
woodley,1
schuttler,1
felde,1
tautuiaki,1
kronenberg,1
woodfield,1
burness,1
ahumada,1
mabbott,1
roseberry,1
gameros,1
renne,1
portie,1
brummet,1
renno,1
naderi,1
knittel,1
brummer,1
metzker,1
hasenberg,1
brummel,1
luebano,1
arntz,1
ehrman,1
stanojevic,1
fuquay,1
eastland,1
mckray,1
eggink,1
soulasinh,1
renna,1
sautner,1
behrends,1
behrendt,1
gennock,1
ueckert,1
grabau,1
eggins,1
shaddock,1
kallestad,1
shifman,1
boman,1
arntt,1
tajiri,1
bromagen,1
hibma,1
trojacek,1
portis,1
bomba,1
bellville,1
andreason,1
bomar,1
schwieson,1
ziemke,1
harren,1
defelice,1
swope,1
harrel,1
bucknam,1
harrer,1
harres,1
elsen,1
gilland,1
murnane,1
elser,1
garcelon,1
aliment,1
harrey,1
trusillo,1
felan,1
ortell,1
abeta,1
votraw,1
rotstein,1
rakes,1
abete,1
emmerich,1
raker,1
ortelt,1
aydlett,1
elsea,1
boatwright,1
rakel,1
graber,1
barkley,1
raminez,1
groh,1
angeron,1
grof,1
papelian,1
carfora,1
bering,1
santaella,1
grabel,1
gros,1
graben,1
grom,1
vildosola,1
voigtlander,1
gron,1
elsey,1
buccino,1
woodlin,1
phommajack,1
stilphen,1
rehnert,1
hostetter,1
dettmer,1
nallie,1
kornfeld,1
grow,1
siverd,1
skrip,1
benear,1
sword,1
gerdiman,1
elson,1
barklow,1
sternberg,1
heartsill,1
venerable,1
deblieck,1
wojciechowski,1
janicke,1
hiskey,1
janicki,1
weather,1
kwiecinski,1
cabiltes,1
altier,1
felks,1
bolte,1
portee,1
gurin,1
andreassi,1
porten,1
dillaman,1
urch,1
portes,1
porter,1
lorensen,1
urda,1
mathal,1
codispot,1
mathai,1
cavin,1
messner,1
caver,1
coccia,1
brackbill,1
caves,1
baptist,1
rench,1
burnell,1
cavez,1
klinedinst,1
cavey,1
vergeer,1
renda,1
prochazka,1
tarras,1
rende,1
schwiesow,1
tarran,1
cumley,1
harrah,1
gillard,1
aperges,1
streitmatter,1
harral,1
urby,1
reekie,1
abegg,1
uran,1
mooser,1
uram,1
felli,1
lobello,1
kettman,1
tautolo,1
arnio,1
snell,1
peveler,1
heither,1
dettman,1
brodfuehrer,1
goodsite,1
renee,1
srnsky,1
fells,1
yearwood,1
baptise,1
civcci,1
alejandre,1
wamboldt,1
bertella,1
berish,1
bruggman,1
macura,1
astrologo,1
bertelle,1
allgeyer,1
ziemba,1
suddith,1
walther,1
sartain,1
rener,1
keilholtz,1
arbaugh,1
smythe,1
reitema,1
brayman,1
karnes,1
zieman,1
karney,1
tresler,1
vuyovich,1
hargroder,1
portal,1
graybeal,1
wilhoit,1
cavel,1
mathen,1
oboyle,1
alkana,1
strausz,1
mathes,1
mather,1
fluegge,1
mathew,1
matheu,1
charlebois,1
strauss,1
gurne,1
mathey,1
garrahan,1
sluyter,1
bolus,1
mixdorf,1
chuang,1
hutchcraft,1
strause,1
weinand,1
abela,1
cavan,1
abele,1
edouard,1
desporte,1
felio,1
carrozza,1
gurka,1
feliz,1
boltz,1
felix,1
gurke,1
africa,1
altice,1
osterberg,1
feliu,1
giebler,1
karner,1
renyer,1
dergurahian,1
wardinsky,1
pyfrom,1
turturo,1
turtura,1
fluegel,1
privott,1
bodemann,1
nanfito,1
abell,1
abeln,1
widdoes,1
mignone,1
klunder,1
abels,1
alejandro,1
capriola,1
zannino,1
georges,1
arpin,1
uren,1
gosson,1
ragazzo,1
gossom,1
deorio,1
gutsche,1
brislan,1
arbuckle,1
goza,1
hashaway,1
lennis,1
friedly,1
gossow,1
woolbright,1
urey,1
makinson,1
petaccio,1
gazella,1
ardoin,1
tanzosch,1
overcast,1
hartzo,1
osika,1
egland,1
ehmen,1
luzinski,1
ehmer,1
vetter,1
hamlin,1
bolls,1
zannini,1
goodale,1
petropoulos,1
therurer,1
overcash,1
vettel,1
hamley,1
broaddus,1
goodall,1
rapkowicz,1
hamler,1
hamlet,1
thebeau,1
vebel,1
mariscal,1
sukovaty,1
rubenzer,1
doonan,1
mckiver,1
weidenbach,1
renshaw,1
monterroza,1
tejeiro,1
dwan,1
cassarubias,1
hiday,1
altman,1
bertoncini,1
sneed,1
bastardi,1
bolon,1
damerell,1
craan,1
newsted,1
urie,1
urik,1
juilfs,1
taccetta,1
destasio,1
rayman,1
dantuono,1
catherson,1
steward,1
georgis,1
stollings,1
crabb,1
levielle,1
dunkerley,1
stewart,1
ostberg,1
reisinger,1
broumley,1
tannazzo,1
latney,1
cerchia,1
hashbarger,1
bolio,1
bolin,1
baggerly,1
masincup,1
latner,1
bolig,1
crace,1
sivils,1
tremper,1
georgia,1
hellberg,1
jondrow,1
conditt,1
duncombe,1
corridoni,1
werning,1
kwiecien,1
flusche,1
horvath,1
hamernik,1
newlan,1
noriego,1
carfrey,1
tomczak,1
mailman,1
petticrew,1
gusewelle,1
mastronardi,1
bolla,1
swingler,1
sowerby,1
vanslooten,1
noriega,1
podolsky,1
dooney,1
kliskey,1
sussex,1
milledge,1
erdley,1
dooner,1
wanczyk,1
vanicek,1
davidowicz,1
valenziano,1
snead,1
danuser,1
baswell,1
kitanik,1
marrinan,1
kopiak,1
baldomero,1
bourret,1
bolka,1
butanda,1
mciwraith,1
desaulniers,1
marchiano,1
gaudier,1
goodenough,1
hollyfield,1
holoman,1
crady,1
mcconico,1
rahib,1
bolek,1
picerni,1
daughtry,1
bolen,1
osick,1
cotrone,1
moccasin,1
boler,1
picerno,1
boles,1
lennan,1
rahim,1
poitier,1
mesler,1
boley,1
bergan,1
kakimoto,1
griggers,1
monterrosa,1
raiden,1
monterroso,1
osbment,1
bolfa,1
raider,1
bolde,1
kerchal,1
friedel,1
rosander,1
frieden,1
finau,1
buzzell,1
heppler,1
bolds,1
boldt,1
castellion,1
finan,1
schutte,1
dilmore,1
curcio,1
bornhorst,1
ortega,1
fillpot,1
jungers,1
tutson,1
hillesland,1
hedglin,1
gossin,1
rollag,1
ortego,1
harton,1
osier,1
karmely,1
percifield,1
delagol,1
pettyjohn,1
hartog,1
kshywonis,1
stegall,1
sinclaire,1
kinsler,1
handsom,1
eberspacher,1
sitkiewicz,1
kinsley,1
belgrave,1
dadson,1
ehmke,1
nekola,1
barrientos,1
brozek,1
urps,1
fracier,1
marriner,1
kenyon,1
hendericks,1
coalson,1
bolan,1
ferenz,1
mangold,1
calabro,1
luyando,1
hartup,1
pidgeon,1
busitzky,1
qunnarath,1
daughton,1
stierwalt,1
bolar,1
wojenski,1
naddeo,1
rousell,1
wikert,1
ferenc,1
deslaurier,1
bolay,1
softleigh,1
finey,1
bonneville,1
relph,1
finer,1
fines,1
lindert,1
linders,1
urso,1
urry,1
rattell,1
karhoff,1
rollheiser,1
flemister,1
gradle,1
urse,1
knittle,1
salvatierra,1
mangone,1
hartry,1
brozie,1
hidde,1
durisseau,1
baugess,1
bolch,1
mcelligott,1
rolley,1
billeter,1
hartse,1
ferell,1
bolda,1
roller,1
domenech,1
brautigam,1
almanza,1
connette,1
strater,1
kirkwood,1
treworgy,1
abbot,1
raymer,1
vonbargen,1
yamagata,1
finck,1
burnias,1
morawski,1
dettori,1
sharpton,1
finch,1
finco,1
dettore,1
keeran,1
hides,1
urtz,1
friedli,1
famageltto,1
friedle,1
rahal,1
leavelle,1
luongo,1
strathy,1
brouillard,1
cuccinello,1
reshard,1
aquirre,1
carsten,1
ruegger,1
mencke,1
semenick,1
raymos,1
zaffino,1
oxner,1
applewhite,1
ginter,1
ayalla,1
pavich,1
pavick,1
aroyo,1
crans,1
disorda,1
zaffina,1
killelea,1
donachie,1
heads,1
cunnane,1
finland,1
orielly,1
carwell,1
heady,1
gulden,1
weisenberg,1
heade,1
goin,1
colonel,1
daigre,1
headd,1
mcglon,1
kenfield,1
kelliher,1
marzullo,1
remos,1
sehorn,1
crane,1
jungels,1
crank,1
cipponeri,1
houtman,1
tremont,1
antronica,1
ratelle,1
patriss,1
wernick,1
heagy,1
haight,1
condiff,1
horsfall,1
orgill,1
ellinwood,1
molineaux,1
golt,1
tremore,1
golz,1
mencia,1
steveson,1
goll,1
fitzgerlad,1
schutze,1
gold,1
golk,1
brinkmeier,1
rollie,1
latiker,1
monsees,1
laudenslager,1
crapp,1
gola,1
crapo,1
thorp,1
rollin,1
thorn,1
kenebrew,1
keister,1
goubeaux,1
crape,1
menchu,1
moneyhun,1
lipscombe,1
thayne,1
pichardo,1
poinelli,1
nipple,1
cawon,1
mancilla,1
stratis,1
eaton,1
remme,1
raschko,1
sotolongo,1
paisley,1
hafemeister,1
graeff,1
graefe,1
ostroff,1
theiling,1
remis,1
miyares,1
ganoung,1
good,1
crass,1
sorgatz,1
raschke,1
menezes,1
crask,1
louque,1
kyker,1
gong,1
alphin,1
stramiello,1
crase,1
leather,1
kercher,1
szigethy,1
gormanous,1
guldin,1
crary,1
thole,1
belgrade,1
pliego,1
gone,1
garbutt,1
kuehnhold,1
podbielski,1
gome,1
canaway,1
remke,1
libengood,1
raziano,1
creason,1
brosman,1
delapuente,1
gomm,1
oxborough,1
puthoff,1
wenzell,1
minette,1
prestia,1
thome,1
finke,1
santaloci,1
aricas,1
niederkorn,1
orszulak,1
craun,1
lohrenz,1
tokkesdal,1
thoma,1
coolman,1
spragley,1
eischens,1
skradski,1
hicks,1
hojeij,1
finks,1
tidball,1
thong,1
thone,1
fehling,1
daigle,1
osias,1
arora,1
killings,1
coalter,1
condict,1
thoms,1
umanzor,1
goon,1
crate,1
goos,1
berardino,1
flicek,1
yenglin,1
pfautz,1
cullivan,1
logarbo,1
gory,1
craft,1
meekins,1
gorr,1
muegge,1
gort,1
baskett,1
golightly,1
gorn,1
mckoan,1
eversman,1
abbed,1
rickenbacker,1
belvees,1
nichelson,1
cragg,1
remey,1
gose,1
nichell,1
rafaniello,1
heang,1
crago,1
primeaux,1
gosa,1
ehrler,1
gorz,1
bradigan,1
dignan,1
remer,1
abbey,1
throgmorton,1
mcmikle,1
karlstad,1
ringeisen,1
bornemann,1
straton,1
brislin,1
sustar,1
stratos,1
swatman,1
gori,1
nipper,1
rowlette,1
bhatt,1
gord,1
teddick,1
gore,1
naftali,1
louras,1
colonna,1
rollow,1
healy,1
gora,1
schattner,1
gott,1
massanelli,1
goto,1
craib,1
crain,1
crail,1
craig,1
certosimo,1
heape,1
niffenegger,1
berndsen,1
carston,1
condino,1
isbell,1
arons,1
goud,1
pannunzio,1
goss,1
gosz,1
culliver,1
ragus,1
arbertha,1
arone,1
heany,1
nypaver,1
finni,1
minicozzi,1
finne,1
goth,1
eischeid,1
bendel,1
henedia,1
bender,1
ostorga,1
azcona,1
skowronek,1
wilansky,1
techaira,1
recuparo,1
belveal,1
sultana,1
elroy,1
snerling,1
veale,1
plateroti,1
quebedeaux,1
ehman,1
jakowich,1
montierth,1
barnette,1
oxnam,1
vagnier,1
nalbandian,1
thoby,1
abbas,1
brisley,1
gorneault,1
elrod,1
boursaw,1
vanvleet,1
veals,1
remak,1
sultani,1
abbay,1
grunlien,1
lubbers,1
lubbert,1
wilczak,1
drentlaw,1
engelken,1
welker,1
tholen,1
gour,1
grabill,1
pelfrey,1
mcelderry,1
matkin,1
condina,1
patrick,1
kayrouz,1
leftridge,1
ostroot,1
bokor,1
honhart,1
cicora,1
bourjolly,1
preston,1
halstrom,1
gove,1
hartsfield,1
mcirvin,1
engelkes,1
thode,1
pipkin,1
guoan,1
finto,1
armengol,1
netrosio,1
jadlowiec,1
drozdowski,1
phanthauong,1
mencer,1
toyota,1
precourt,1
politano,1
goya,1
heald,1
thody,1
schueneman,1
cramp,1
cramm,1
heaney,1
graeber,1
callins,1
thoen,1
agredano,1
kahalehoe,1
gaudino,1
disorbo,1
heitger,1
kidner,1
pebworth,1
sivick,1
heishman,1
bendas,1
sinkfield,1
kocian,1
luette,1
kidney,1
baggesen,1
persico,1
bauers,1
crall,1
lillpop,1
pehrson,1
zeilinger,1
ogburn,1
lein,1
leib,1
skora,1
leid,1
helbig,1
leif,1
laprete,1
vannelli,1
prucha,1
shankles,1
boepple,1
capriccioso,1
rouzzo,1
lenoir,1
eggler,1
heimbach,1
leho,1
wainman,1
lehr,1
tyrance,1
betenbaugh,1
rhoton,1
alumbaugh,1
civale,1
korwatch,1
varnedore,1
casile,1
keppler,1
vanvleck,1
guppy,1
leja,1
poledore,1
pedroncelli,1
abdulmuniem,1
krinov,1
beadell,1
bolanos,1
leis,1
abdella,1
houska,1
decoteau,1
knoles,1
valdespino,1
legg,1
minnerly,1
imdieke,1
sandine,1
lege,1
heaphy,1
middents,1
dohrmann,1
granizo,1
siravo,1
louris,1
slager,1
warnock,1
wittwer,1
slagel,1
left,1
plimpton,1
ariano,1
kolehmainen,1
philyaw,1
snider,1
casini,1
lehn,1
nirmaier,1
montgomery,1
truelove,1
chandier,1
stilgenbauer,1
curboy,1
quinlisk,1
curbow,1
kelnhofer,1
niedens,1
ruocco,1
helble,1
plitt,1
almiron,1
braisted,1
casino,1
cowdrey,1
bruestle,1
celmer,1
ramoutar,1
usie,1
sandino,1
lego,1
benhaim,1
conwill,1
shanklin,1
mckoon,1
glassett,1
hagenhoff,1
larizza,1
lemm,1
docimo,1
skone,1
slagle,1
trojillo,1
lemp,1
rekuc,1
deonarian,1
battaglini,1
woolums,1
cattell,1
raimo,1
guzzardo,1
sandigo,1
blannon,1
virola,1
isner,1
lema,1
rekus,1
culliton,1
amoriello,1
leng,1
lene,1
ardner,1
lenk,1
retana,1
sampley,1
krinke,1
leno,1
skoog,1
lenn,1
sleeper,1
battaglino,1
lent,1
louria,1
samples,1
newman,1
ehnis,1
vankilsdonk,1
bolante,1
jarriett,1
mardini,1
uson,1
shebchuk,1
weidenheimer,1
lena,1
vilaro,1
kornman,1
larochelle,1
louissant,1
wigand,1
leko,1
villines,1
kallenberger,1
laborde,1
basford,1
willborn,1
prepotente,1
auteri,1
niccoli,1
souvannasap,1
houser,1
lele,1
furutani,1
hermanson,1
castellucci,1
housey,1
presiado,1
autery,1
mckone,1
villacis,1
veninga,1
annette,1
raina,1
storozuk,1
raine,1
kneeland,1
bergum,1
bafford,1
ganther,1
dacunto,1
englander,1
housel,1
rains,1
housen,1
slaght,1
deonarine,1
sneary,1
bossart,1
pliml,1
boker,1
gibert,1
boken,1
grigsby,1
snellings,1
seepersaud,1
bossard,1
guillotte,1
bulgrin,1
shogren,1
tarone,1
vonfelden,1
harteau,1
kamuda,1
susswein,1
mesmer,1
yonemori,1
kyler,1
roccio,1
cuculich,1
milanes,1
crays,1
kyles,1
delasbour,1
casida,1
laborin,1
pline,1
krings,1
orandello,1
rhoten,1
caffarelli,1
ariaza,1
usry,1
avancena,1
precella,1
craze,1
nothstein,1
leri,1
rickenbaker,1
dhondt,1
decuir,1
lero,1
lenoci,1
eikenberry,1
daubendiek,1
lenz,1
leny,1
hosteller,1
montfort,1
raike,1
keithley,1
sneath,1
roccia,1
leos,1
skold,1
earheart,1
karlsson,1
hoysock,1
leon,1
cravy,1
montford,1
sakovitch,1
skomo,1
lepe,1
levinsky,1
portwine,1
crawn,1
yzaquirre,1
wetklow,1
leatham,1
leps,1
gaestel,1
giulioli,1
lepo,1
lepp,1
rocchi,1
lenoch,1
rubyor,1
hulzing,1
schwentker,1
skoff,1
laschinger,1
ginolfi,1
lindenberg,1
vilain,1
karkut,1
scrivner,1
bokal,1
sullivant,1
sapien,1
cahalan,1
yuasa,1
gracia,1
creasey,1
ziebold,1
gracie,1
wilbourn,1
leuy,1
mckown,1
creaser,1
portune,1
leva,1
leve,1
afshari,1
telschow,1
hermansen,1
blumenthal,1
wingenter,1
levi,1
castrellon,1
eliopoulos,1
miricle,1
levo,1
massett,1
virock,1
kiester,1
mohsin,1
bushfield,1
levy,1
lesa,1
mcjunkin,1
gerstein,1
oshea,1
reither,1
englehardt,1
lesh,1
eschenbach,1
markowitz,1
joerling,1
ukena,1
loschiavo,1
garlick,1
lese,1
vicuna,1
kneisel,1
leso,1
gupta,1
osher,1
zwiefel,1
zetino,1
whitbeck,1
weissbrodt,1
werblow,1
pikula,1
oshey,1
less,1
kriner,1
leta,1
zetina,1
evarts,1
evartt,1
cheatwood,1
benbow,1
capparelli,1
lengyel,1
leth,1
kallfelz,1
burnham,1
earing,1
schmitmeyer,1
leto,1
casias,1
omtiveros,1
elledge,1
lett,1
finnerty,1
neugent,1
chirinos,1
trimarco,1
brusuelas,1
bauder,1
bergami,1
lonabaugh,1
bergamo,1
giddins,1
vuolo,1
lezo,1
fischels,1
leza,1
zaffalon,1
hambrick,1
walliser,1
porres,1
accola,1
pedulla,1
easly,1
godlewski,1
scatton,1
cedeno,1
tafreshi,1
bergant,1
leys,1
leyh,1
audirsch,1
nicastro,1
cokins,1
emanuel,1
leya,1
brosnan,1
dellapina,1
keesee,1
presume,1
laurenitis,1
garling,1
hartje,1
mccier,1
barrientes,1
bagger,1
rella,1
vilkoski,1
marcellus,1
vuong,1
hartin,1
demetree,1
keesey,1
vanord,1
bergin,1
dacunha,1
narvaiz,1
myall,1
hartis,1
vuono,1
measheaw,1
adolphsen,1
adessa,1
gilkerson,1
bisonette,1
keeser,1
launiere,1
barrientez,1
lewy,1
benberry,1
hoskins,1
mcquigg,1
adesso,1
strine,1
hartig,1
easterbrooks,1
karlin,1
masloski,1
hosking,1
blamer,1
gelrud,1
easom,1
lewi,1
eason,1
strini,1
ausherman,1
string,1
capriotti,1
barnfield,1
sonderup,1
saragusa,1
stitzer,1
gallogly,1
newlon,1
groshong,1
mccahill,1
hartle,1
hauxwell,1
stitzel,1
twelves,1
scotton,1
lantrip,1
bergara,1
marriott,1
whitherspoon,1
valiquette,1
raiche,1
dessert,1
floresca,1
jonker,1
zigomalas,1
strite,1
porris,1
hartke,1
colagiovanni,1
labovitch,1
vanoli,1
cummingham,1
thomae,1
wietbrock,1
scullawl,1
kominek,1
katzmann,1
rushin,1
gossen,1
rushia,1
thoman,1
pullens,1
chinnis,1
gosset,1
unverzagt,1
gosser,1
taffer,1
martinkus,1
branscomb,1
germershausen,1
baggio,1
rusher,1
branscome,1
rushen,1
tarpey,1
massena,1
levinson,1
tubaugh,1
abdelal,1
narvaez,1
kempker,1
vuoso,1
bergen,1
bergem,1
chastine,1
leichtman,1
bourque,1
graddy,1
headlam,1
berger,1
vanoni,1
neuburger,1
berget,1
berges,1
goodstein,1
driscol,1
skenandore,1
bergey,1
cumberlander,1
hartly,1
mirabelli,1
forsting,1
smithwick,1
sarsfield,1
jaycox,1
gradel,1
feaster,1
graden,1
mirabella,1
tengwall,1
turbyfill,1
relic,1
peacock,1
fiore,1
altken,1
garlitz,1
myart,1
fiora,1
echavarria,1
efird,1
clabough,1
mcburnett,1
garlits,1
schleuder,1
mcquirk,1
texidor,1
lennon,1
barcelona,1
peckler,1
mcquire,1
junkins,1
thomer,1
lennox,1
thomen,1
solverson,1
gilliland,1
louser,1
demetris,1
adolphson,1
gerrior,1
katzmark,1
monigold,1
reemer,1
rufener,1
mendel,1
fergen,1
ginsky,1
salters,1
menden,1
myatt,1
mendes,1
pelini,1
swantner,1
parrigan,1
stranger,1
fejes,1
mender,1
leabow,1
binstock,1
garritson,1
schluter,1
lebrecht,1
nesline,1
pelino,1
saltern,1
noguera,1
mcgonagle,1
gustovich,1
thomas,1
easey,1
czachor,1
desroberts,1
merriweather,1
roberton,1
tjandra,1
robertos,1
thombs,1
villaflor,1
fiori,1
beaucage,1
eversley,1
oxman,1
goodard,1
karley,1
loeppky,1
renwick,1
fahrni,1
mazzariello,1
ginsel,1
dyck,1
montalban,1
hysong,1
digman,1
mcquinn,1
dyce,1
limoli,1
standefer,1
blissett,1
porras,1
uthe,1
loeppke,1
lukasiewicz,1
porraz,1
dyal,1
aderson,1
dyas,1
dyar,1
shiraishi,1
tulloch,1
foglesong,1
fioto,1
saunders,1
tullock,1
lamphier,1
mendez,1
dolinar,1
dyba,1
hartert,1
harter,1
puccinelli,1
giebner,1
favors,1
schummer,1
newlin,1
hartel,1
dydo,1
harten,1
atkisson,1
thomes,1
gamarra,1
dyen,1
urtado,1
vanous,1
mendia,1
rakoski,1
hartery,1
vilcheck,1
bisking,1
reineman,1
cashon,1
nemunaitis,1
carrazco,1
iennaco,1
morimoto,1
brissett,1
mudgett,1
pangallo,1
kloberdanz,1
shadiack,1
meinecke,1
baudry,1
carswell,1
dyda,1
karlen,1
danison,1
nagelhout,1
demere,1
thibodeau,1
longway,1
witherell,1
feria,1
rayson,1
weinger,1
ranos,1
gevara,1
nestel,1
raysor,1
brownfield,1
kercheval,1
reyolds,1
wickard,1
demers,1
gloria,1
zeavala,1
feris,1
perschbacher,1
studivant,1
gummo,1
schwartzbach,1
dossie,1
murrill,1
demery,1
trickel,1
ammann,1
seeber,1
demesa,1
broitzman,1
cattaneo,1
arras,1
schuring,1
saleeby,1
istorico,1
polanski,1
casley,1
parkman,1
caple,1
dilgard,1
casler,1
schulenburg,1
ontko,1
hileman,1
berdux,1
bohmer,1
trickey,1
pergande,1
ferge,1
ranni,1
philson,1
amerson,1
henebry,1
kinseth,1
allabaugh,1
bultema,1
sifford,1
vallone,1
ferer,1
feret,1
mcgory,1
classen,1
gosman,1
tanikella,1
ranno,1
rouzer,1
struebing,1
polansky,1
arkenberg,1
petruccelli,1
loukas,1
scotten,1
rusich,1
haeckel,1
rockwood,1
perretta,1
bumbalo,1
capes,1
aucter,1
shalash,1
perrette,1
soltys,1
hoeppner,1
borcherding,1
perretti,1
ranta,1
pruden,1
nisonger,1
deniston,1
lertora,1
harney,1
walters,1
gojcaj,1
dement,1
harnes,1
mccourt,1
wolfenden,1
harner,1
moltrie,1
pointdexter,1
benard,1
benari,1
rantz,1
milionis,1
sonsino,1
harned,1
finical,1
schoolfield,1
feintuch,1
mutchler,1
gelfond,1
burington,1
ferebee,1
ranum,1
dossey,1
spindel,1
haecker,1
arrez,1
arrey,1
mcinnis,1
matera,1
mcinnes,1
bringle,1
prewitt,1
granier,1
hulette,1
herrling,1
poeschel,1
tejadilla,1
mcelhany,1
ditchfield,1
scelba,1
scullark,1
ferch,1
nogueda,1
atiles,1
akande,1
ramrez,1
matuseski,1
demelo,1
suganuma,1
warmbrodt,1
freiman,1
pfirsch,1
newill,1
gividen,1
earnshaw,1
mateos,1
ockmond,1
buesing,1
mulford,1
chinick,1
mcgoon,1
fenison,1
mcclee,1
caslin,1
stenson,1
scarlato,1
classon,1
griesbach,1
kazmierczak,1
collington,1
topolewski,1
gerrity,1
pieffer,1
resek,1
scarlata,1
mcdiarmid,1
huettman,1
capri,1
gerrits,1
burkholder,1
bisges,1
reser,1
nations,1
capra,1
welman,1
prioleau,1
mateer,1
dedecker,1
mcaveney,1
smulik,1
nordyke,1
aimone,1
spoonamore,1
valeriani,1
nestle,1
dancause,1
valeriano,1
heppert,1
moldonado,1
figone,1
priolean,1
oelschlager,1
tegner,1
lichorat,1
engelman,1
arris,1
mateen,1
stoeger,1
luarca,1
heppel,1
prudom,1
longshore,1
capua,1
jemmott,1
kawaiaea,1
benack,1
mcclay,1
greggory,1
pelissier,1
hepper,1
counceller,1
benach,1
detorres,1
mastromarino,1
lodholz,1
distance,1
mcclam,1
caywood,1
gillece,1
resch,1
stoneberger,1
schuppert,1
fundora,1
musslewhite,1
kristy,1
vashon,1
murrish,1
paradee,1
maddern,1
glisson,1
balancia,1
porzio,1
gilgour,1
harnos,1
terhark,1
spindle,1
gerrish,1
proenza,1
camille,1
mcgoff,1
glassman,1
camilli,1
heldreth,1
mcgoey,1
ritenour,1
balensiefen,1
delaine,1
maysonet,1
camillo,1
borgman,1
gallegher,1
trueluck,1
wellmann,1
mateja,1
shahinian,1
jefferson,1
steinmacher,1
spradling,1
harnly,1
lefebre,1
herrlich,1
apollo,1
schieferstein,1
menier,1
billingsley,1
bumbaca,1
cappo,1
fitch,1
billingslea,1
capps,1
belmonte,1
raring,1
benage,1
circle,1
laughinghouse,1
czaplinski,1
cappa,1
oelze,1
brathwaite,1
shapleigh,1
ienco,1
ammar,1
reimnitz,1
reutlinger,1
larison,1
bojko,1
delekta,1
sirico,1
nester,1
paradis,1
geniesse,1
grissinger,1
newitt,1
hutley,1
catherman,1
ricley,1
walkingstick,1
fluetsch,1
pallone,1
scelsi,1
wamble,1
weisenberger,1
catalina,1
lownsbery,1
cataline,1
larance,1
barczak,1
scripps,1
gonyer,1
mansouri,1
duperre,1
midgley,1
deuermeyer,1
droegmiller,1
groebner,1
hiett,1
mangram,1
sobania,1
sticht,1
kakudji,1
scungio,1
talboti,1
prideaux,1
vongphakdy,1
svrcek,1
boike,1
bidstrup,1
koestler,1
cornforth,1
lutkus,1
talbott,1
menist,1
blaize,1
sieczka,1
vanskike,1
vasile,1
kounick,1
gabbard,1
mezzinni,1
gonyea,1
harapat,1
duperry,1
wandless,1
kumlander,1
piersiak,1
kozuch,1
puglia,1
soltau,1
slowey,1
loveman,1
berdes,1
peddie,1
gertsema,1
behling,1
maontesano,1
oligschlaeger,1
lenker,1
leemaster,1
hamill,1
turgeon,1
mitchiner,1
wallenda,1
stickrod,1
oxton,1
paglialunga,1
brilhante,1
mccleary,1
baxendale,1
oeler,1
peyton,1
jochum,1
clague,1
deuschel,1
whalley,1
cylkowski,1
feeney,1
hecox,1
starcevich,1
catalino,1
ammer,1
feener,1
schlote,1
vangilder,1
zizzo,1
shadding,1
randt,1
rands,1
stagman,1
frohling,1
segouia,1
ringwald,1
rando,1
huttman,1
olbrish,1
brinkhaus,1
curatolo,1
schlott,1
randy,1
colschen,1
shankman,1
resse,1
yeaney,1
connard,1
menino,1
hardridge,1
thonen,1
ranch,1
ranck,1
twehous,1
rance,1
mclernon,1
deuschle,1
mckune,1
frankson,1
keicher,1
saltman,1
guiliano,1
earman,1
thweatt,1
ramcharan,1
ratterree,1
zizza,1
montoure,1
mcgibboney,1
randa,1
hjermstad,1
eiesland,1
baugus,1
guiliani,1
delveechio,1
hoovler,1
hartman,1
schnitker,1
sturdevant,1
maslonka,1
soltes,1
cherven,1
latona,1
slowik,1
golightley,1
burnstein,1
rightley,1
abitong,1
nestor,1
kleinfeld,1
montijano,1
ranah,1
resos,1
griesbaum,1
decandia,1
groden,1
schloss,1
groder,1
borglum,1
holthus,1
tremmel,1
berdin,1
gumbs,1
kamelamela,1
degiulio,1
iskra,1
choudhury,1
surface,1
mcclod,1
clagon,1
mccloe,1
mulville,1
dunnings,1
guys,1
rauschenberg,1
fullenwider,1
greaney,1
sensenbrenner,1
lefeber,1
gronstal,1
philhower,1
faustino,1
guzi,1
gretter,1
johanson,1
faustini,1
pietryga,1
boise,1
crowston,1
ammon,1
eitzen,1
cooperstein,1
guzy,1
bergland,1
terrebonne,1
loeber,1
nopachai,1
bringas,1
mccloy,1
muraski,1
schlossberg,1
sochor,1
kaliszewski,1
demeza,1
laranjo,1
klemens,1
klement,1
range,1
resue,1
moonen,1
mundhenk,1
kertels,1
gamrath,1
hiens,1
hernanadez,1
rozmus,1
reents,1
soltis,1
bridgeford,1
fandrich,1
chervin,1
pleas,1
roberson,1
pleau,1
ranft,1
laguire,1
mooney,1
boustead,1
fossett,1
schuenemann,1
eastman,1
rizzardi,1
grodin,1
wintermute,1
raney,1
schloop,1
goodger,1
fimbres,1
retzlaff,1
resto,1
fimbrez,1
kriser,1
denunzio,1
gelzer,1
eanes,1
raner,1
ranes,1
daschofsky,1
dearmon,1
tomich,1
friedstrom,1
raiford,1
gonyou,1
rizzardo,1
soltow,1
soldner,1
fitts,1
gulbranson,1
goodwill,1
pendergrast,1
fioritto,1
villanova,1
pendergrass,1
kilstofte,1
gibeaut,1
diskind,1
fedorchak,1
solton,1
eisenzimmer,1
scelfo,1
furcron,1
hecht,1
huhtala,1
ordahl,1
abruzzese,1
rattler,1
vannoy,1
woosley,1
pribish,1
binette,1
kertesz,1
binetti,1
hamiss,1
woleslagle,1
ranks,1
casarrubias,1
aslanian,1
kriske,1
hadwin,1
rattley,1
dubicki,1
bouvier,1
plikerd,1
erschen,1
klemenc,1
menitz,1
pavoni,1
collingsworth,1
jacquelin,1
similien,1
oelke,1
bringer,1
creamer,1
maxham,1
pavone,1
swilley,1
blanton,1
sindel,1
ranke,1
hiers,1
gillyard,1
goodwine,1
thies,1
thier,1
sinden,1
swiller,1
mccleave,1
berdar,1
paustian,1
kewanwytewa,1
berdan,1
palczynski,1
capilla,1
fluker,1
latouf,1
travers,1
vignovich,1
hecke,1
arndorfer,1
beevers,1
pedder,1
cattanach,1
latour,1
wzorek,1
bohman,1
thiel,1
texada,1
guye,1
thiem,1
fenderson,1
hazelwood,1
gelzinis,1
cumins,1
robenson,1
bigaud,1
hovatter,1
frankowski,1
compres,1
hornbaker,1
higle,1
digges,1
yuhas,1
gabbin,1
ferdig,1
skuse,1
derosier,1
wolfgram,1
wittry,1
schaffel,1
vannah,1
ferdin,1
tarmey,1
finkelstein,1
schaffer,1
singharath,1
burnard,1
harmer,1
skwara,1
snare,1
karras,1
mergenthaler,1
piechota,1
bohney,1
navarete,1
bohner,1
harmen,1
snarr,1
bohnet,1
johansen,1
parmenter,1
skura,1
dipalma,1
seledon,1
sanfilippo,1
braegelmann,1
frohlich,1
rajwani,1
cantave,1
mugnolo,1
puccetti,1
rabara,1
gaudett,1
caskey,1
cockerell,1
dillenbeck,1
bohland,1
ramsay,1
daugereau,1
baughn,1
lawrence,1
severtson,1
burningham,1
hight,1
maillet,1
rensing,1
wojtanowski,1
chastin,1
sowells,1
strysko,1
ramsby,1
cumbass,1
burnash,1
hustead,1
skutt,1
ealey,1
abare,1
fiume,1
zarlengo,1
badzinski,1
shidemantle,1
deppert,1
haarstad,1
keitel,1
kingston,1
mandolfo,1
maliska,1
harman,1
herdman,1
vanner,1
keiter,1
elamin,1
zarlenga,1
feirer,1
dattilo,1
maczko,1
elstad,1
casillas,1
steenbergen,1
bookmiller,1
cizek,1
rolson,1
prester,1
dostie,1
cantara,1
stibbins,1
wolanski,1
rosemond,1
jergens,1
hilston,1
vergara,1
speranza,1
abati,1
abate,1
moorhouse,1
ehlke,1
abato,1
wolansky,1
pidcock,1
ramsey,1
vergari,1
tomidy,1
ferdon,1
matsushima,1
yungclas,1
ramser,1
thill,1
bugarewicz,1
derrickson,1
gunst,1
magaldi,1
fersner,1
hustedt,1
ikard,1
ebersol,1
wrape,1
jochumsen,1
himmelwright,1
alterio,1
fouquet,1
drosick,1
chasten,1
cetta,1
lisenbee,1
gunto,1
adhami,1
gunia,1
ehler,1
bigalk,1
littrel,1
hamiel,1
tanker,1
casilles,1
ehlen,1
nevarez,1
tsiatsos,1
filary,1
kulback,1
platenburg,1
slayman,1
edgecomb,1
rabago,1
mayoras,1
eggert,1
eggers,1
snaza,1
mayoral,1
heath,1
glassford,1
blethen,1
rosemore,1
heart,1
phoubandith,1
hearn,1
hamidi,1
islar,1
crickenberger,1
skillicorn,1
cullinan,1
boies,1
islas,1
notari,1
hayertz,1
deteso,1
roosevelt,1
gruenberg,1
islam,1
alicandro,1
higby,1
thiry,1
stagles,1
imbimbo,1
boamah,1
notaro,1
androde,1
lambermont,1
traister,1
pietrzyk,1
hapeman,1
getsinger,1
mayorca,1
nachtrieb,1
teicher,1
heard,1
spincic,1
pruess,1
heare,1
aniello,1
ilaria,1
alcantara,1
hearl,1
rudasill,1
boice,1
delahoz,1
perlstein,1
hovnanian,1
heaps,1
buffin,1
abaya,1
lothamer,1
wonnacott,1
okimoto,1
consolazio,1
goodhue,1
gabbay,1
pulkrabek,1
glodich,1
knotowicz,1
goslee,1
maskaly,1
nevares,1
vallance,1
harmon,1
broyle,1
wainkrantz,1
otterbine,1
castenanos,1
goldthorpe,1
valenzula,1
sochan,1
ziyad,1
higgs,1
orland,1
zachmann,1
scelzo,1
wahlen,1
matsushita,1
hearin,1
threlkeld,1
buffey,1
patrice,1
wahler,1
patrich,1
pinkard,1
alteri,1
sirhan,1
isles,1
weller,1
mentzel,1
villaire,1
gallaspy,1
welles,1
isley,1
gartenmayer,1
doorley,1
mentzer,1
patrias,1
barcellos,1
bagdon,1
pokorski,1
wellen,1
malkowski,1
wurster,1
xang,1
menjes,1
mihovk,1
salizar,1
rozman,1
cannatella,1
isler,1
michlin,1
sandford,1
mangrum,1
mayorga,1
deters,1
watford,1
laxson,1
woodsmall,1
kozub,1
eggett,1
markwood,1
keppner,1
wragg,1
fluitt,1
eckstrom,1
rickel,1
ilardi,1
schwarting,1
dearman,1
cussins,1
swanberg,1
ricken,1
feuerstein,1
dearmas,1
ricker,1
brendlinger,1
rickey,1
eutsler,1
niforos,1
gwin,1
maslanka,1
langeland,1
karren,1
gunterman,1
arrow,1
digiambattist,1
paguin,1
walterscheid,1
heppell,1
arron,1
pederzani,1
presson,1
tillou,1
bigbee,1
lindeen,1
rickie,1
rhoney,1
klinski,1
swedenburg,1
fischler,1
stouten,1
winkleblack,1
schueller,1
allenbaugh,1
wigham,1
firkins,1
handville,1
bubash,1
conzemius,1
mochel,1
witter,1
witten,1
mcquown,1
wittel,1
bagent,1
sikander,1
jacquemin,1
villeneuve,1
talamante,1
goodsell,1
huland,1
mocher,1
tuliau,1
minihane,1
lawrentz,1
nooman,1
nixson,1
pressly,1
pietrzak,1
rerko,1
mccowan,1
menzella,1
streetman,1
anchors,1
weinert,1
hegdahl,1
zsadanyi,1
petruso,1
gallatin,1
houman,1
gollier,1
equihua,1
teixeira,1
segovia,1
pruett,1
joshua,1
bankemper,1
hillyard,1
ehrich,1
revette,1
chaudhuri,1
linginfelter,1
giammarino,1
eglinton,1
brisker,1
delemos,1
buckelew,1
bylund,1
bohon,1
ardolino,1
bohol,1
hilstad,1
briskey,1
sampson,1
wexell,1
tannery,1
koepper,1
gilgore,1
delahay,1
koeppen,1
androes,1
koeppel,1
delrossi,1
gundy,1
sheesley,1
brogren,1
gretsch,1
delrosso,1
swatloski,1
snaer,1
warsager,1
goslin,1
tangerman,1
touney,1
kraynak,1
gantert,1
ahlquist,1
laramee,1
glaubke,1
ciccarone,1
kochan,1
maximo,1
bohne,1
berens,1
brunswick,1
crumpton,1
abadi,1
berent,1
tomita,1
lehoullier,1
rogriguez,1
ismay,1
mccowen,1
bayless,1
freehan,1
rigsby,1
delmedico,1
fessler,1
rickon,1
passerino,1
marcaida,1
caligari,1
bottgenbach,1
salowitz,1
gunby,1
vicioso,1
woodhouse,1
chihuahua,1
deiters,1
plumer,1
hebda,1
doster,1
crick,1
carie,1
kordsmeier,1
eames,1
caris,1
carin,1
wittke,1
arvelo,1
baldivia,1
fredericks,1
illies,1
krites,1
gillert,1
clougherty,1
olmedo,1
peyser,1
blumenfeld,1
lindell,1
potucek,1
jazwa,1
meconi,1
bengston,1
riedlinger,1
hebel,1
troxell,1
heber,1
josiah,1
ricardo,1
allgood,1
snair,1
ricardi,1
atamian,1
josias,1
callander,1
maidonado,1
duquaine,1
pressel,1
cargo,1
knoell,1
bohrn,1
pressey,1
kochel,1
bisesi,1
freudiger,1
kochen,1
blaker,1
presser,1
blakes,1
kocher,1
acquaviva,1
cribb,1
blakey,1
laramie,1
henggeler,1
vashaw,1
bedillion,1
sippial,1
zerhusen,1
spoerer,1
harnan,1
pitassi,1
harnar,1
souffrant,1
vanalstyne,1
gibler,1
tilley,1
dharas,1
murriel,1
carew,1
groene,1
venning,1
tiller,1
bierbower,1
carey,1
rivenbark,1
filbey,1
matuszeski,1
sampsel,1
mcgown,1
caren,1
obringer,1
dostal,1
grohman,1
carel,1
bereda,1
bevilaqua,1
birnell,1
vilcan,1
usrey,1
cardy,1
slaney,1
illian,1
stidam,1
earley,1
cardo,1
handren,1
cardi,1
cadelina,1
hartley,1
hebig,1
herandez,1
pacific,1
polidore,1
abair,1
polidori,1
carda,1
earles,1
ellenbecker,1
abaja,1
brittenham,1
suddeth,1
burwood,1
sondergaard,1
dehoff,1
carco,1
tillie,1
kallenberg,1
wittie,1
veldkamp,1
peckens,1
tulino,1
orouke,1
bratsch,1
raoof,1
fischer,1
tillis,1
illich,1
gillett,1
carby,1
polidoro,1
cakanic,1
wenstrand,1
carbo,1
hartlep,1
soluri,1
buffum,1
kochis,1
perfect,1
wittig,1
snapp,1
hartlen,1
tarner,1
yannotti,1
olmeda,1
bohnen,1
snape,1
earlgy,1
kovacs,1
cofran,1
bernacchi,1
kovach,1
raczynski,1
kovack,1
hasenfuss,1
giblin,1
fischel,1
vasher,1
fereday,1
rabello,1
caram,1
nuuanu,1
caras,1
wareham,1
flatley,1
dorsaint,1
ralph,1
meixner,1
strose,1
livshits,1
buckles,1
wernert,1
tremaine,1
buckler,1
kisicki,1
furstenberg,1
heersink,1
hoxworth,1
rumbaugh,1
pillarella,1
martinelli,1
appleyard,1
margerum,1
sather,1
hollinshed,1
marinoni,1
ochocki,1
harpin,1
neighbors,1
artis,1
umbach,1
aldredge,1
reginaldo,1
nocella,1
massiah,1
lindahl,1
carli,1
strout,1
strous,1
yuhasz,1
carll,1
fitzherbert,1
stroup,1
carlo,1
carls,1
callery,1
wernett,1
pavlov,1
puzio,1
shindledecker,1
stroud,1
chenail,1
stroub,1
adachi,1
strotz,1
hartigan,1
carle,1
lenius,1
hormuth,1
boakye,1
braband,1
jernigan,1
zammetti,1
lutjen,1
chrostowski,1
corscadden,1
ralon,1
ballinger,1
hofhine,1
boadway,1
cheramie,1
stroth,1
scafuri,1
register,1
brabant,1
buckley,1
ockimey,1
disalvatore,1
bucklew,1
goodell,1
grizzaffi,1
kressler,1
alvarran,1
kollmeyer,1
keiser,1
fanjoy,1
rafalski,1
termini,1
carns,1
velandia,1
crebs,1
mccubrey,1
sustaita,1
tarley,1
guidotti,1
nibert,1
bucklin,1
finkbeiner,1
bayliff,1
rosbozom,1
flatness,1
prchlik,1
carne,1
strowd,1
ralko,1
keisel,1
dashiell,1
weinzierl,1
nesvig,1
overall,1
brighter,1
strowe,1
carow,1
osmon,1
finchman,1
arter,1
yeakle,1
allstott,1
royle,1
powlen,1
crear,1
caron,1
stoltzman,1
artez,1
carol,1
crean,1
deraney,1
whisenand,1
fantozzi,1
delbalso,1
ralls,1
bachhuber,1
saffell,1
lysher,1
whisenant,1
juelfs,1
feraco,1
rieffenberger,1
hayakawa,1
aponte,1
credo,1
sustaire,1
klussmann,1
langridge,1
sicotte,1
aponta,1
beardslee,1
caberto,1
emanuele,1
powles,1
tilman,1
laxton,1
conterras,1
lindall,1
creel,1
creek,1
powley,1
beardsley,1
creed,1
granger,1
chasser,1
hirkaler,1
moenius,1
grabert,1
camfield,1
heuring,1
walthers,1
barchacky,1
credi,1
baumgardt,1
kushin,1
macaluso,1
starnaud,1
susoev,1
carre,1
artry,1
carra,1
stiern,1
puzon,1
vivona,1
crego,1
yanagawa,1
aslett,1
grzebien,1
stiers,1
possehl,1
brummond,1
carro,1
jankauskas,1
grudzien,1
rochin,1
cuaresma,1
keyworth,1
zappia,1
carry,1
kleinert,1
balonek,1
marburger,1
sheston,1
ferard,1
carse,1
jaussen,1
wosick,1
stroik,1
prigmore,1
chenard,1
gioriano,1
goecke,1
derhammer,1
creer,1
bayliss,1
dwornik,1
reagans,1
krysiak,1
esquinaldo,1
murzynski,1
tarlow,1
rippstein,1
carta,1
femmer,1
carte,1
sarcone,1
demulling,1
sarconi,1
kittelson,1
noguchi,1
garlett,1
decinti,1
munster,1
fondell,1
ilasin,1
carty,1
strome,1
trussel,1
schomacker,1
leibert,1
fehlman,1
arton,1
leaverton,1
kovats,1
josefy,1
wmith,1
osmun,1
stroll,1
osmus,1
johnting,1
sicilia,1
strole,1
poplaski,1
forstner,1
hellinger,1
vivolo,1
bretado,1
bohac,1
kirtdoll,1
hollander,1
condell,1
gaibler,1
toulson,1
queller,1
sockey,1
tutoni,1
stroop,1
sheeder,1
haessler,1
elsworth,1
dodrill,1
henshall,1
wielgasz,1
moodispaugh,1
bohan,1
tannahill,1
hippert,1
strong,1
falzone,1
capobianco,1
mccowin,1
scafuto,1
boham,1
cendana,1
soravilla,1
tecuanhuey,1
manasares,1
ciraco,1
dromgoole,1
tutoky,1
royse,1
hernton,1
courtwright,1
leeber,1
botdorf,1
cofone,1
rochon,1
menger,1
menges,1
peloquin,1
moening,1
rochow,1
berbig,1
baugatz,1
mengel,1
urbancic,1
stroot,1
grohowski,1
penfield,1
hyslop,1
harpst,1
branstad,1
canario,1
caryk,1
bochner,1
caryl,1
claeys,1
carza,1
strope,1
reaney,1
stiehl,1
stiehm,1
sevcik,1
vanlue,1
messman,1
brindza,1
polashek,1
solymani,1
orlikowski,1
keirns,1
bogle,1
willford,1
heartz,1
rozas,1
rozar,1
hearst,1
fukunaga,1
miyahira,1
witwer,1
alpaugh,1
elston,1
ogbonnaya,1
strobl,1
milkowski,1
trevorrow,1
bachelor,1
papandrea,1
hagebusch,1
overbay,1
cavness,1
ditzler,1
clancey,1
bratton,1
portrum,1
dockum,1
tuzzolo,1
alfieri,1
strode,1
stockhausen,1
wasserman,1
sodawasser,1
feoli,1
berbes,1
brumitt,1
difiore,1
berber,1
difiora,1
liggans,1
feola,1
alfiero,1
creps,1
dockus,1
strock,1
dabbraccio,1
unvarsky,1
feeler,1
keeney,1
ballantine,1
thibaudeau,1
keener,1
feeley,1
fleurantin,1
feathers,1
molsan,1
catalanotto,1
vanterpool,1
berisford,1
smyser,1
reando,1
messmer,1
fasano,1
casad,1
salotti,1
pinkelton,1
trimnell,1
portwood,1
stiely,1
strohbehn,1
tilmon,1
beauliev,1
beaulieu,1
boggs,1
brattin,1
eapen,1
peiffer,1
tsironis,1
chewning,1
ramthun,1
hartsough,1
silkwood,1
hefflinger,1
stroer,1
suchecki,1
witbeck,1
cwikla,1
brassard,1
andreatta,1
wiggan,1
starcevic,1
warsing,1
hearon,1
ikeda,1
lanzillotti,1
kyger,1
darwin,1
metzner,1
december,1
vanloo,1
boggi,1
joseph,1
swestka,1
litherland,1
vanloh,1
hornshaw,1
crest,1
helstrom,1
cress,1
madruga,1
heers,1
heery,1
pikkarainen,1
reitman,1
hearne,1
osterlund,1
frutoz,1
karoly,1
stiens,1
crete,1
olvedo,1
heern,1
heese,1
hearns,1
smugala,1
olveda,1
frutos,1
ladnier,1
megeath,1
malzahn,1
isita,1
mengle,1
osman,1
vassall,1
hamersly,1
singlton,1
durocher,1
wisneski,1
kounkel,1
bensinger,1
brulotte,1
toback,1
chandley,1
strohm,1
mukherjee,1
strohl,1
tangen,1
heeth,1
bogin,1
kalauli,1
borcher,1
cilibrasi,1
chandler,1
casar,1
wallinga,1
casas,1
mangicavallo,1
casal,1
bogie,1
schmoldt,1
fishman,1
ramson,1
skoczylas,1
devalcourt,1
paragas,1
firpi,1
firpo,1
labianca,1
calleja,1
murrillo,1
canarte,1
bottorf,1
cendejas,1
guglielmi,1
cornelison,1
guglielmo,1
shifrin,1
wikins,1
bratten,1
luchenbill,1
kocurek,1
pershing,1
koepsel,1
crews,1
casco,1
sievel,1
koestner,1
hulstine,1
binnicker,1
lenior,1
tircuit,1
jastrzebski,1
daubenspeck,1
holdiness,1
mcdaniel,1
siever,1
horenstein,1
crewe,1
molski,1
bayhonan,1
wiggen,1
wigger,1
phomphithak,1
osmer,1
hawbaker,1
requa,1
mockus,1
prochaska,1
bauguess,1
fanion,1
mangiaracina,1
blankley,1
aitchison,1
lening,1
sansoucie,1
gabard,1
dehner,1
stubler,1
blaustein,1
dittmann,1
casner,1
stommes,1
starace,1
alloway,1
bogus,1
bogut,1
ruskin,1
kjellberg,1
kozlovsky,1
stremmel,1
jezewski,1
casey,1
velasques,1
raley,1
gutman,1
callejo,1
galstian,1
velasquez,1
tangri,1
bogue,1
buckman,1
tarman,1
sathre,1
sisneroz,1
restuccia,1
rozek,1
firth,1
brightly,1
lundrigan,1
urankar,1
brazille,1
sisneros,1
seajack,1
casio,1
timbers,1
casis,1
hershberger,1
schladweiler,1
slough,1
ising,1
beckerdite,1
didonatis,1
lineback,1
eckloff,1
stieff,1
chasson,1
candella,1
frolich,1
sabastian,1
overbey,1
demerchant,1
mcdanial,1
flemming,1
griffard,1
pridemore,1
rexach,1
pettigrove,1
crocetti,1
recupero,1
vullo,1
domenico,1
tiefenauer,1
lindenbaum,1
domenick,1
wiggin,1
domenice,1
rozga,1
brotherson,1
muncrief,1
passarelli,1
caska,1
jahncke,1
constine,1
nitterhouse,1
swaynos,1
overbee,1
susong,1
reddekopp,1
brighton,1
lippoldt,1
kuykendoll,1
plungy,1
ororke,1
dipaola,1
edghill,1
liegler,1
fehrenbach,1
nightengale,1
venezia,1
callens,1
benzinger,1
claybourne,1
serratore,1
skafidas,1
dipaolo,1
vanlew,1
ralat,1
grober,1
grobes,1
passarella,1
keenan,1
first,1
zinter,1
olvera,1
wirebaugh,1
pellissier,1
sandell,1
tarkey,1
mhoon,1
dininger,1
rampa,1
sucharzewski,1
arujo,1
heater,1
mclarney,1
militano,1
ramos,1
braswell,1
mcgrue,1
keenum,1
tashima,1
spickler,1
marrison,1
cason,1
diclaudio,1
viverette,1
pleet,1
rampy,1
bohley,1
woeppel,1
agbayani,1
westermann,1
wittrup,1
hopkinson,1
goedde,1
falconi,1
lysiak,1
falcone,1
zagami,1
conduff,1
mcowen,1
thibodaux,1
podeszwa,1
gunn,1
ballesteros,1
sakash,1
bohlig,1
fiske,1
amsinger,1
queeley,1
spirito,1
balfany,1
gulbransen,1
gumb,1
schlager,1
oslin,1
tsuchiya,1
wobser,1
schlagel,1
gumm,1
berczy,1
wackman,1
nirschl,1
gump,1
stombaugh,1
woodson,1
gums,1
giulian,1
goeden,1
gumz,1
alcorta,1
fryrear,1
clyatt,1
toomsen,1
gutt,1
hartill,1
mulverhill,1
boerboom,1
reighley,1
trichell,1
molton,1
ferber,1
wechter,1
topoian,1
guth,1
eanni,1
gully,1
rastegar,1
birrittella,1
sleeter,1
gulini,1
jayme,1
sammartino,1
ostendorff,1
gullo,1
lehrfeld,1
zubrzycki,1
kopera,1
gulino,1
gust,1
guss,1
casso,1
bishop,1
roskovensky,1
gainforth,1
pleil,1
overlock,1
brabble,1
lidster,1
guse,1
hurlston,1
tlatelpa,1
cassa,1
stevinson,1
lindboe,1
sakata,1
bonjour,1
cassi,1
behlmer,1
allsbrook,1
holtham,1
harold,1
berretti,1
gulke,1
gurr,1
bohlen,1
pendergraph,1
muecke,1
rusley,1
rozon,1
bohler,1
balderas,1
vankeuren,1
pemberton,1
gusa,1
murasso,1
brower,1
mcconnico,1
ednilao,1
caspi,1
browen,1
wittmeyer,1
trischitta,1
bandura,1
lafluer,1
evanko,1
prekker,1
bottone,1
schuelke,1
bottoni,1
rehberger,1
ramon,1
gulla,1
ivancic,1
orosco,1
gura,1
alsbrook,1
bottoms,1
koebley,1
berretta,1
jayne,1
jochim,1
himelfarb,1
pittner,1
barganier,1
guhl,1
pinciaro,1
eskuchen,1
fodness,1
schneiders,1
ellen,1
eller,1
elles,1
seachord,1
giambalvo,1
gotsche,1
lira,1
lounds,1
feenan,1
vandyke,1
szekula,1
valadez,1
scollan,1
pipher,1
asmussen,1
klapper,1
winkeljohn,1
carouthers,1
lievano,1
giancarlo,1
krisman,1
tullar,1
amoroso,1
vandenburgh,1
lips,1
boger,1
amorose,1
bossert,1
bogen,1
bogel,1
amorosi,1
lipp,1
duplanti,1
lynaugh,1
herzberger,1
deborde,1
linkowski,1
lipe,1
allendorf,1
lipa,1
freiler,1
archacki,1
giberson,1
delafontaine,1
harting,1
vanhoutte,1
kretlow,1
lauinger,1
fisch,1
weeber,1
heaton,1
liou,1
casto,1
guggemos,1
kaveny,1
lion,1
blaine,1
harouff,1
matkowsky,1
rozzi,1
guel,1
fenti,1
escatel,1
tashiro,1
bogda,1
sandeen,1
gosney,1
linz,1
fremont,1
fenty,1
pevahouse,1
stansifer,1
scoresby,1
lins,1
gabaldon,1
lint,1
ramsy,1
livi,1
digian,1
blaise,1
ellis,1
bisher,1
ellie,1
bishel,1
plese,1
bohlke,1
gull,1
iacovissi,1
schueler,1
karper,1
toupin,1
caiazzo,1
logiudice,1
gula,1
fiser,1
malafronte,1
guler,1
vandeveble,1
valadao,1
ballmann,1
vaquera,1
bablak,1
mckeighan,1
bogan,1
mangual,1
litz,1
netzley,1
graffagnino,1
towsley,1
guley,1
landwehr,1
ramus,1
vaquero,1
welner,1
bogar,1
kilarjian,1
browne,1
mcgannon,1
brownd,1
westermark,1
mollenhauer,1
keenom,1
khamvongsa,1
jeltema,1
lapradd,1
litt,1
laprade,1
brodtmann,1
himmelmann,1
ojala,1
kmatz,1
vanvliet,1
lazarine,1
heavilin,1
browns,1
lisy,1
lazarini,1
fredregill,1
habermann,1
pendergraft,1
lisk,1
penunuri,1
bennington,1
heatly,1
blaire,1
jayes,1
lish,1
lisi,1
rumbach,1
vandyne,1
liss,1
list,1
guin,1
karpel,1
karpen,1
sielaff,1
gulde,1
matlack,1
wormuth,1
vastakis,1
wareing,1
hardenbrook,1
gulick,1
rannels,1
reitler,1
lisa,1
labarbara,1
paguirigan,1
repke,1
pepion,1
repka,1
goedecke,1
haroun,1
ojano,1
hermenegildo,1
angalich,1
laguerre,1
fackler,1
sleper,1
strnad,1
szerlong,1
schwager,1
pelech,1
stagner,1
follette,1
bergene,1
dasmann,1
blatherwick,1
prebish,1
lafrate,1
vandyck,1
gulan,1
pleva,1
mccoyle,1
gadapee,1
mcgrew,1
amacher,1
vandenberge,1
lespier,1
soukkhavong,1
vandenbergh,1
zielinski,1
plewa,1
caminero,1
figuroa,1
crother,1
calhaun,1
pless,1
slover,1
rizzotto,1
fahner,1
balafoutas,1
shuford,1
alizadeh,1
mcgahen,1
rambo,1
karpin,1
warmbier,1
windsheimer,1
mcgahey,1
schriver,1
dysart,1
winberg,1
alcoser,1
amlin,1
zaucha,1
qazi,1
pletz,1
elman,1
plett,1
rodrique,1
darrisaw,1
angelbeck,1
mcgahee,1
sivley,1
repko,1
pavlas,1
pavlat,1
rarick,1
raczkowski,1
ramal,1
rochat,1
raman,1
pavlak,1
molter,1
rodriquz,1
ukich,1
pullano,1
santomassimo,1
compono,1
fenny,1
lampkins,1
yeaman,1
isreal,1
grimard,1
carpenito,1
bergert,1
cumpston,1
allcock,1
schlesinger,1
kralicek,1
reamer,1
engelbach,1
reames,1
darvin,1
studebaker,1
hadvab,1
remeder,1
readenour,1
gude,1
ardrey,1
keovongxay,1
valenzuela,1
matkowski,1
earney,1
pepito,1
wrightsel,1
hoomana,1
wahner,1
deramus,1
lingardo,1
reper,1
geremia,1
lueking,1
brenowitz,1
clairmont,1
ojard,1
heppding,1
hoffart,1
kinikini,1
slovak,1
vorsburgh,1
bodenhamer,1
schnepel,1
haeussler,1
tsuchida,1
lickteig,1
broeckel,1
sandvik,1
michalczik,1
massimo,1
boffa,1
spinale,1
sandvig,1
guan,1
galarneau,1
artus,1
jiggetts,1
glinkerman,1
guba,1
rochel,1
pullara,1
hedon,1
rocher,1
reveron,1
scarlett,1
elmer,1
massing,1
guay,1
elmes,1
fracchia,1
newham,1
catan,1
neiswender,1
massini,1
hinshaw,1
roches,1
kozakiewicz,1
clarbour,1
skinkle,1
bushnell,1
rochez,1
hippensteel,1
hochnadel,1
cathy,1
qare,1
theuenin,1
forlani,1
reznicek,1
stevener,1
marlowe,1
equia,1
ramie,1
sornsen,1
messler,1
friedrichs,1
semien,1
burriesci,1
josilowsky,1
buglione,1
bechard,1
centrone,1
rouisse,1
grimaud,1
ugolini,1
sheinbein,1
quittner,1
mummey,1
fencl,1
stifel,1
woodrum,1
vanhouten,1
kriticos,1
sandven,1
kusiak,1
manvelito,1
khanponaphan,1
winkelman,1
oslan,1
moomey,1
dehmer,1
fendt,1
frusci,1
deleone,1
aragoni,1
szmidt,1
honnen,1
ramis,1
cater,1
glover,1
ramin,1
figures,1
ramil,1
cates,1
cottrill,1
pavlik,1
yonashiro,1
dempsey,1
ciallella,1
haider,1
woodrow,1
schellenberg,1
kusick,1
blaida,1
taphous,1
sepulueda,1
carnicelli,1
tietjens,1
carcamo,1
bogatitus,1
kunkleman,1
manozca,1
spizer,1
daughterty,1
terhaar,1
ogilive,1
warsham,1
matero,1
carcana,1
mewborn,1
matern,1
warshaw,1
sleppy,1
blaich,1
hisman,1
mcgray,1
mcgraw,1
stevison,1
crosland,1
rzeczycki,1
carcano,1
wissmann,1
smurthwaite,1
hedin,1
scantling,1
charania,1
hartjen,1
moomaw,1
harpel,1
osler,1
cokely,1
brotherton,1
osley,1
mateus,1
scheerer,1
ravizee,1
arashiro,1
schorzman,1
mcgurren,1
anzualda,1
rames,1
ramer,1
pinault,1
hedge,1
fenix,1
cocherell,1
ramez,1
ramey,1
bonugli,1
sanders,1
reppe,1
lovelock,1
golojuch,1
harper,1
