key,verb
aah,1
abacinate,1
abandon,1
abase,1
abash,1
abate,1
abbreviate,1
abdicate,1
abduce,1
abduct,1
aberrate,1
abet,1
abhor,1
abide,1
abide by,1
abjure,1
ablactate,1
ablate,1
abnegate,1
abolish,1
abominate,1
abort,1
abound,1
abound in,1
about-face,1
abrade,1
abrase,1
abreact,1
abridge,1
abrogate,1
abscise,1
abscond,1
abseil,1
absent,1
absolve,1
absorb,1
absquatulate,1
abstain,1
abstract,1
abuse,1
abut,1
aby,1
abye,1
accede,1
accelerate,1
accent,1
accentuate,1
accept,1
access,1
accession,1
acclaim,1
acclimate,1
acclimatise,1
acclimatize,1
accommodate,1
accompany,1
accomplish,1
accord,1
accost,1
account,1
account for,1
accouter,1
accoutre,1
accredit,1
accrete,1
accrue,1
acculturate,1
accumulate,1
accurse,1
accuse,1
accustom,1
ace,1
acerbate,1
acetify,1
acetylate,1
acetylise,1
acetylize,1
ache,1
achieve,1
achromatise,1
achromatize,1
acid-wash,1
acidify,1
acidulate,1
acknowledge,1
acquaint,1
acquiesce,1
acquire,1
acquit,1
act,1
act as,1
act involuntarily,1
act on,1
act out,1
act reflexively,1
act superior,1
act up,1
act upon,1
action,1
activate,1
actualise,1
actualize,1
actuate,1
acuminate,1
ad-lib,1
adapt,1
add,1
add on,1
add to,1
add together,1
add up,1
addict,1
addle,1
address,1
adduce,1
adduct,1
adhere,1
adjoin,1
adjourn,1
adjudge,1
adjudicate,1
adjure,1
adjust,1
admeasure,1
administer,1
administrate,1
admire,1
admit,1
admix,1
admonish,1
adolesce,1
adopt,1
adore,1
adorn,1
adsorb,1
adulate,1
adulterate,1
adumbrate,1
advance,1
advantage,1
advect,1
adventure,1
advert,1
advertise,1
advertize,1
advise,1
advocate,1
aerate,1
aerify,1
aerosolise,1
aerosolize,1
aestivate,1
affect,1
affiance,1
affiliate,1
affirm,1
affix,1
afflict,1
afford,1
afforest,1
affranchise,1
affright,1
affront,1
age,1
agenise,1
agenize,1
agglomerate,1
agglutinate,1
aggrade,1
aggrandise,1
aggrandize,1
aggravate,1
aggregate,1
aggress,1
aggrieve,1
aggroup,1
agitate,1
agnise,1
agnize,1
agonise,1
agonize,1
agree,1
aid,1
ail,1
aim,1
air,1
air-condition,1
air-cool,1
air-drop,1
air-freight,1
air-ship,1
air-slake,1
air out,1
airbrush,1
airfreight,1
airlift,1
airmail,1
airt,1
alarm,1
alchemise,1
alchemize,1
alcoholise,1
alcoholize,1
alert,1
alibi,1
alien,1
alienate,1
alight,1
align,1
aliment,1
aline,1
alkalify,1
alkalinise,1
alkalinize,1
alkalise,1
alkalize,1
allay,1
allege,1
allegorise,1
allegorize,1
alleviate,1
alligator,1
alliterate,1
allocate,1
allot,1
allow,1
allow for,1
allow in,1
allowance,1
alloy,1
allude,1
allure,1
ally,1
ally with,1
alphabetise,1
alphabetize,1
alter,1
altercate,1
alternate,1
aluminise,1
aluminize,1
amalgamate,1
amass,1
amaze,1
ambition,1
amble,1
ambulate,1
ambuscade,1
ambush,1
ameliorate,1
amend,1
amerce,1
americanise,1
americanize,1
ammoniate,1
ammonify,1
amnesty,1
amortise,1
amortize,1
amount,1
amplify,1
amputate,1
amuse,1
anaesthetise,1
anaesthetize,1
anagram,1
anagrammatise,1
anagrammatize,1
analogise,1
analogize,1
analyse,1
analyze,1
anastomose,1
anathematise,1
anathematize,1
anathemise,1
anathemize,1
anatomise,1
anatomize,1
anchor,1
ancylose,1
anele,1
anesthetise,1
anesthetize,1
anger,1
angle,1
angle-park,1
anglicise,1
anglicize,1
anguish,1
angulate,1
animadvert,1
animalise,1
animalize,1
animate,1
animise,1
animize,1
ankylose,1
anneal,1
annex,1
annihilate,1
annotate,1
announce,1
annoy,1
annul,1
annunciate,1
anodise,1
anodize,1
anoint,1
answer,1
answer for,1
antagonise,1
antagonize,1
ante,1
ante up,1
antecede,1
antedate,1
anthologise,1
anthologize,1
anthropomorphise,1
anthropomorphize,1
antic,1
anticipate,1
antiquate,1
antique,1
antisepticize,1
ape,1
aphorise,1
aphorize,1
apologise,1
apologize,1
apostatise,1
apostatize,1
apostrophise,1
apostrophize,1
apotheose,1
apotheosise,1
apotheosize,1
appal,1
appall,1
apparel,1
appeal,1
appear,1
appease,1
append,1
apperceive,1
appertain,1
applaud,1
applique,1
apply,1
appoint,1
apportion,1
appose,1
appraise,1
appreciate,1
apprehend,1
apprentice,1
apprise,1
apprize,1
approach,1
approbate,1
appropriate,1
approve,1
approximate,1
aquaplane,1
aquatint,1
arbitrage,1
arbitrate,1
arborise,1
arborize,1
arc,1
arch,1
arch over,1
archaise,1
archaize,1
archive,1
argue,1
argufy,1
arise,1
arm,1
armor,1
armour,1
aromatise,1
aromatize,1
arouse,1
arraign,1
arrange,1
array,1
arrest,1
arrive,1
arrive at,1
arrogate,1
arse about,1
arse around,1
arterialise,1
arterialize,1
article,1
articulate,1
ascend,1
ascertain,1
ascribe,1
ash,1
ask,1
ask for,1
ask for it,1
ask for trouble,1
ask in,1
ask out,1
ask over,1
ask round,1
asperse,1
asphalt,1
asphyxiate,1
aspirate,1
aspire,1
assail,1
assassinate,1
assault,1
assay,1
assemble,1
assent,1
assert,1
assert oneself,1
assess,1
asseverate,1
assibilate,1
assign,1
assimilate,1
assist,1
associate,1
assoil,1
assonate,1
assort,1
assuage,1
assume,1
assure,1
asterisk,1
astonish,1
astound,1
astringe,1
astrogate,1
atom-bomb,1
atomise,1
atomize,1
atone,1
atrophy,1
attach,1
attach to,1
attack,1
attain,1
attaint,1
attemper,1
attempt,1
attend,1
attend to,1
attenuate,1
attest,1
attire,1
attitudinise,1
attitudinize,1
attorn,1
attract,1
attribute,1
attune,1
auction,1
auction off,1
auctioneer,1
audit,1
audition,1
augment,1
augur,1
aurify,1
auscultate,1
auspicate,1
authenticate,1
author,1
authorise,1
authorize,1
autoclave,1
autograph,1
automate,1
automatise,1
automatize,1
automobile,1
autopsy,1
autotomise,1
autotomize,1
avail,1
avalanche,1
avenge,1
aver,1
average,1
average out,1
avert,1
avianise,1
avianize,1
aviate,1
avoid,1
avouch,1
avow,1
avulse,1
await,1
awake,1
awaken,1
award,1
awe,1
ax,1
axe,1
azure,1
baa,1
babbitt,1
babble,1
babble out,1
baby,1
baby-sit,1
bach,1
bachelor,1
back,1
back away,1
back down,1
back off,1
back out,1
back up,1
backbite,1
backcross,1
backdate,1
backfire,1
background,1
backhand,1
backlash,1
backlog,1
backpack,1
backpedal,1
backscatter,1
backslap,1
backslide,1
backspace,1
backstitch,1
backstop,1
backstroke,1
backtrack,1
bacterise,1
bacterize,1
badge,1
badger,1
badmouth,1
baffle,1
bag,1
bail,1
bail out,1
bait,1
bake,1
balance,1
bald,1
bale,1
bale out,1
balk,1
balkanise,1
balkanize,1
ball,1
ball over,1
ball up,1
ballast,1
balloon,1
ballot,1
ballyhoo,1
ballyrag,1
bamboozle,1
ban,1
band,1
band oneself,1
band together,1
bandage,1
bandy,1
bandy about,1
bang,1
bang out,1
bang up,1
banish,1
bank,1
bankroll,1
bankrupt,1
banquet,1
banter,1
baptise,1
baptize,1
bar,1
bar hop,1
bar mitzvah,1
barb,1
barbarise,1
barbarize,1
barbecue,1
barbeque,1
barber,1
bard,1
barde,1
bare,1
barf,1
bargain,1
bargain down,1
barge,1
barge in,1
bark,1
barnstorm,1
baronetise,1
baronetize,1
barrack,1
barrage,1
barrage jam,1
barrel,1
barricade,1
barricado,1
barter,1
barter away,1
base,1
bash,1
basify,1
bask,1
basset,1
bastardise,1
bastardize,1
baste,1
bastinado,1
bat,1
bat mitzvah,1
batch,1
bate,1
batfowl,1
bath,1
bathe,1
batik,1
batten,1
batten down,1
batter,1
battle,1
baulk,1
bawl,1
bawl out,1
bay,1
bayonet,1
be,1
be active,1
be adrift,1
be after,1
be amiss,1
be at pains,1
be born,1
be due,1
be full,1
be given,1
be intimate,1
be on,1
be on cloud nine,1
be on the ball,1
be quiet,1
be sick,1
be well,1
be with it,1
beach,1
beacon,1
bead,1
beak,1
beam,1
bean,1
bear,1
bear away,1
bear down,1
bear down on,1
bear down upon,1
bear in mind,1
bear off,1
bear on,1
bear out,1
bear up,1
bear upon,1
bear witness,1
beard,1
beat,1
beat a retreat,1
beat about,1
beat around the bush,1
beat back,1
beat down,1
beat in,1
beat out,1
beat up,1
beatify,1
beautify,1
beaver,1
beaver away,1
bebop,1
becalm,1
bechance,1
becharm,1
beckon,1
becloud,1
become,1
become flat,1
bed,1
bed-hop,1
bed down,1
bedamn,1
bedaub,1
bedaze,1
bedazzle,1
bedeck,1
bedevil,1
bedew,1
bedhop,1
bedight,1
bedim,1
bedizen,1
bedraggle,1
beef,1
beef up,1
beep,1
beeswax,1
beetle,1
beetle off,1
befall,1
befit,1
befog,1
befool,1
befoul,1
befriend,1
befuddle,1
beg,1
beg off,1
beget,1
beggar,1
begild,1
begin,1
begrime,1
begrudge,1
beguile,1
behave,1
behead,1
behold,1
behoove,1
behove,1
bejewel,1
belabor,1
belabour,1
belay,1
belch,1
beleaguer,1
belie,1
believe,1
believe in,1
belittle,1
bell,1
bell the cat,1
bellow,1
belly,1
belly-flop,1
belly-land,1
belly dance,1
belly out,1
bellyache,1
bellylaugh,1
belong,1
belong to,1
belt,1
belt along,1
belt down,1
belt out,1
belt up,1
bemire,1
bemoan,1
bemock,1
bemuse,1
bench,1
bend,1
bend over backwards,1
benday,1
benefact,1
benefice,1
beneficiate,1
benefit,1
benficiate,1
benight,1
benumb,1
beplaster,1
bequeath,1
berate,1
bereave,1
berry,1
berth,1
beseech,1
beseem,1
beset,1
beshrew,1
besiege,1
besmear,1
besmirch,1
besot,1
bespangle,1
bespatter,1
bespeak,1
bespeckle,1
bespot,1
besprinkle,1
best,1
bestialise,1
bestialize,1
bestir,1
bestir oneself,1
bestow,1
bestrew,1
bestride,1
bet,1
bet on,1
betake oneself,1
bethink,1
betide,1
betoken,1
betray,1
betroth,1
better,1
bevel,1
bewail,1
beware,1
bewhisker,1
bewilder,1
bewitch,1
bewray,1
bias,1
bib,1
bicker,1
bicycle,1
bid,1
bide,1
biff,1
bifurcate,1
bight,1
bike,1
bilge,1
bilk,1
bill,1
billet,1
billow,1
bin,1
bind,1
bind off,1
bind over,1
binge,1
bioassay,1
biodegrade,1
birch,1
bird,1
bird-nest,1
birdie,1
birdlime,1
birdnest,1
birdwatch,1
birl,1
birle,1
birr,1
birth,1
bisect,1
bitch,1
bite,1
bite off,1
bite out,1
bitt,1
bitter,1
bituminise,1
bituminize,1
bivouac,1
blab,1
blab out,1
blabber,1
black,1
black market,1
black marketeer,1
black out,1
blackball,1
blackberry,1
blacken,1
blacken out,1
blackguard,1
blackjack,1
blacklead,1
blackleg,1
blacklist,1
blackmail,1
blacktop,1
blackwash,1
blame,1
blanch,1
blandish,1
blank,1
blank out,1
blanket,1
blanket jam,1
blare,1
blare out,1
blarney,1
blaspheme,1
blast,1
blast off,1
blat,1
blat out,1
blate,1
blather,1
blaze,1
blaze away,1
blaze out,1
blaze up,1
blazon,1
blazon out,1
bleach,1
bleach out,1
blear,1
bleat,1
bleed,1
bleep,1
blemish,1
blench,1
blend,1
blend in,1
bless,1
blether,1
blight,1
blind,1
blindfold,1
blindside,1
blink,1
blink away,1
blinker,1
blister,1
blither,1
blitz,1
blitzkrieg,1
bloat,1
blob,1
block,1
block off,1
block out,1
block up,1
blockade,1
blog,1
blood,1
bloody,1
bloom,1
blossom,1
blossom forth,1
blossom out,1
blot,1
blot out,1
blotch,1
bloviate,1
blow,1
blow-dry,1
blow a fuse,1
blow off,1
blow one's stack,1
blow out,1
blow out of the water,1
blow over,1
blow up,1
blub,1
blubber,1
blubber out,1
bludgeon,1
blue,1
blue-pencil,1
blueprint,1
bluff,1
bluff out,1
blunder,1
blunder out,1
blunt,1
blur,1
blurt,1
blurt out,1
blush,1
bluster,1
board,1
board up,1
boast,1
boat,1
boat-race,1
bob,1
bob about,1
bob around,1
bob under,1
bob up,1
bobble,1
bobsled,1
bode,1
bodge,1
body,1
body-surf,1
body forth,1
body guard,1
bodypaint,1
bog,1
bog down,1
bogey,1
boggle,1
boil,1
boil down,1
boil over,1
boldface,1
bollix,1
bollix up,1
bollocks,1
bollocks up,1
bolshevise,1
bolshevize,1
bolster,1
bolster up,1
bolt,1
bolt down,1
bolt out,1
bomb,1
bomb out,1
bomb up,1
bombard,1
bombilate,1
bombinate,1
bombproof,1
bond,1
bonderise,1
bonderize,1
bone,1
bone up,1
bong,1
bonk,1
bonnet,1
boo,1
boob,1
boogie,1
book,1
book up,1
boom,1
boom out,1
boomerang,1
boondoggle,1
boost,1
boost up,1
boot,1
boot out,1
bootleg,1
bootlick,1
bootstrap,1
booze,1
bop,1
border,1
border on,1
bore,1
borrow,1
bosom,1
boss,1
boss around,1
botanise,1
botanize,1
botch,1
botch up,1
bother,1
bottle,1
bottle up,1
bottlefeed,1
bottleneck,1
bottom,1
bottom out,1
bounce,1
bounce back,1
bounce out,1
bound,1
bound off,1
bourgeon,1
bouse,1
bow,1
bow down,1
bow out,1
bowdlerise,1
bowdlerize,1
bower,1
bowl,1
bowl over,1
bowse,1
box,1
box in,1
box up,1
boycott,1
brabble,1
brace,1
brace oneself for,1
brace up,1
brachiate,1
bracket,1
bracket out,1
brad,1
brag,1
braid,1
brail,1
braille,1
brain,1
brainstorm,1
brainwash,1
braise,1
brake,1
branch,1
branch out,1
brand,1
brandish,1
brandmark,1
brattice,1
brattle,1
brave,1
brave out,1
bravo,1
brawl,1
bray,1
braze,1
brazen,1
breach,1
bread,1
break,1
break-dance,1
break apart,1
break away,1
break bread,1
break camp,1
break dance,1
break down,1
break even,1
break in,1
break into,1
break loose,1
break off,1
break one's back,1
break open,1
break out,1
break short,1
break someone's heart,1
break through,1
break up,1
break water,1
break wind,1
break with,1
breakfast,1
bream,1
breast,1
breastfeed,1
breaststroke,1
breathalyse,1
breathalyze,1
breathe,1
breathe in,1
breathe out,1
brecciate,1
breed,1
breeze,1
breeze through,1
brevet,1
brew,1
bribe,1
brick in,1
brick over,1
brick up,1
bridge,1
bridge over,1
bridle,1
bridle at,1
bridle up,1
brief,1
brigade,1
brighten,1
brim,1
brim over,1
brine,1
bring,1
bring about,1
bring around,1
bring back,1
bring down,1
bring forth,1
bring forward,1
bring home,1
bring home the bacon,1
bring in,1
bring off,1
bring on,1
bring oneself,1
bring out,1
bring outside,1
bring round,1
bring through,1
bring to,1
bring to bear,1
bring together,1
bring up,1
brisk,1
brisk up,1
brisken,1
bristle,1
bristle at,1
bristle up,1
broach,1
broadcast,1
broaden,1
broadside,1
brocade,1
broider,1
broil,1
broker,1
bromate,1
brominate,1
bronze,1
brooch,1
brood,1
brook,1
broom,1
browbeat,1
brown,1
brown-nose,1
browse,1
bruise,1
bruit,1
brunch,1
brush,1
brush aside,1
brush down,1
brush off,1
brush on,1
brush up,1
brutalise,1
brutalize,1
bubble,1
bubble over,1
bubble up,1
buccaneer,1
buck,1
buck up,1
bucket,1
bucket along,1
buckle,1
buckle down,1
buckle under,1
buckram,1
bud,1
budge,1
budget,1
budget for,1
buff,1
buffalo,1
buffer,1
buffet,1
bug,1
bug out,1
bugger,1
bugger off,1
bugle,1
build,1
build in,1
build on,1
build up,1
build upon,1
bulge,1
bulge out,1
bulk,1
bulk large,1
bull,1
bull through,1
bulldog,1
bulldoze,1
bullet vote,1
bulletin,1
bulletproof,1
bullshit,1
bully,1
bully off,1
bullyrag,1
bulwark,1
bum,1
bum about,1
bum around,1
bumble,1
bump,1
bump around,1
bump into,1
bump off,1
bump up,1
bunch,1
bunch together,1
bunch up,1
bunco,1
bundle,1
bundle off,1
bundle up,1
bung,1
bungle,1
bunk,1
bunk down,1
bunk off,1
bunker,1
bunt,1
buoy,1
buoy up,1
bur,1
burble,1
burden,1
burgeon,1
burgeon forth,1
burglarise,1
burglarize,1
burgle,1
burke,1
burl,1
burlesque,1
burn,1
burn down,1
burn off,1
burn out,1
burn up,1
burnish,1
burp,1
burr,1
burrow,1
burst,1
burst forth,1
burst in on,1
burst out,1
burst upon,1
burthen,1
bury,1
bus,1
bush,1
bush out,1
bushel,1
bushwhack,1
busk,1
buss,1
bust,1
bust up,1
bustle,1
bustle about,1
busy,1
butcher,1
butt,1
butt-weld,1
butt against,1
butt in,1
butt on,1
butter,1
butter up,1
butterfly,1
button,1
button up,1
buttonhole,1
buttress,1
buttweld,1
butylate,1
buy,1
buy at,1
buy back,1
buy food,1
buy in,1
buy into,1
buy it,1
buy off,1
buy out,1
buy the farm,1
buy time,1
buy up,1
buzz,1
buzz off,1
by-bid,1
bypass,1
ca-ca,1
cab,1
cabal,1
cabbage,1
cabin,1
cable,1
cache,1
cachinnate,1
cackel,1
cackle,1
caddie,1
caddy,1
cadge,1
cage,1
cage in,1
cajole,1
cake,1
cakewalk,1
calcify,1
calcimine,1
calcine,1
calculate,1
calendar,1
calender,1
calibrate,1
caliper,1
calk,1
call,1
call at,1
call attention,1
call back,1
call down,1
call for,1
call forth,1
call in,1
call into question,1
call it a day,1
call it quits,1
call off,1
call on,1
call on the carpet,1
call one's bluff,1
call out,1
call the shots,1
call the tune,1
call to order,1
call up,1
calligraph,1
calliper,1
callous,1
callus,1
calm,1
calm down,1
calumniate,1
calve,1
camber,1
camouflage,1
camp,1
camp down,1
camp out,1
campaign,1
camphorate,1
can,1
canal,1
canalise,1
canalize,1
cancel,1
cancel out,1
candle,1
candy,1
cane,1
canker,1
cannibalise,1
cannibalize,1
cannon,1
cannonade,1
cannonball along,1
cannulate,1
cannulise,1
cannulize,1
canoe,1
canonise,1
canonize,1
canoodle,1
canopy,1
cant,1
cant over,1
canter,1
cantilever,1
cantillate,1
canton,1
canulate,1
canvas,1
canvass,1
cap,1
cap off,1
capacitate,1
caparison,1
caper,1
capitalise,1
capitalize,1
capitulate,1
caponise,1
caponize,1
capriole,1
capsize,1
capsulate,1
capsule,1
capsulise,1
capsulize,1
captain,1
caption,1
captivate,1
capture,1
caracole,1
caramelise,1
caramelize,1
caravan,1
carbonate,1
carbonise,1
carbonize,1
carboxylate,1
carburet,1
carburise,1
carburize,1
card,1
care,1
care a hang,1
care for,1
careen,1
career,1
caress,1
caricature,1
carjack,1
cark,1
carmine,1
carnalise,1
carnalize,1
carnify,1
carol,1
carom,1
carouse,1
carp,1
carpenter,1
carpet,1
carpet bomb,1
carry,1
carry-the can,1
carry away,1
carry back,1
carry forward,1
carry off,1
carry on,1
carry out,1
carry over,1
carry through,1
carry to term,1
carry weight,1
cart,1
cart away,1
cart off,1
cartoon,1
cartwheel,1
carve,1
carve out,1
carve up,1
cascade,1
cascade down,1
case,1
caseate,1
cash,1
cash in,1
cash in on,1
cash in one's chips,1
cash out,1
cashier,1
casket,1
cast,1
cast about,1
cast anchor,1
cast around,1
cast aside,1
cast away,1
cast down,1
cast off,1
cast on,1
cast out,1
castigate,1
castle,1
castrate,1
cat,1
catabolise,1
catabolize,1
catalog,1
catalogue,1
catalyse,1
catalyze,1
catapult,1
catcall,1
catch,1
catch a glimpse,1
catch a wink,1
catch cold,1
catch fire,1
catch it,1
catch on,1
catch one's breath,1
catch out,1
catch sight,1
catch some z's,1
catch up,1
catch up with,1
catechise,1
catechize,1
categorise,1
categorize,1
catenate,1
catenulate,1
cater,1
caterwaul,1
cathect,1
catheterise,1
catheterize,1
catholicise,1
catholicize,1
catnap,1
caucus,1
caulk,1
cause,1
cause to be perceived,1
cause to sleep,1
causeway,1
cauterise,1
cauterize,1
caution,1
cave,1
cave in,1
cavern,1
cavern out,1
cavil,1
cavort,1
caw,1
cease,1
cede,1
celebrate,1
cell phone,1
cement,1
cense,1
censor,1
censure,1
census,1
center,1
center on,1
center punch,1
centralise,1
centralize,1
centre,1
centrifugate,1
centrifuge,1
cere,1
cerebrate,1
certificate,1
certify,1
cha-cha,1
chafe,1
chaff,1
chaffer,1
chagrin,1
chain,1
chain-smoke,1
chain up,1
chair,1
chairman,1
chalk,1
chalk out,1
chalk up,1
challenge,1
chamber,1
chamfer,1
champ,1
champion,1
chance,1
chance on,1
chance upon,1
chandelle,1
change,1
change by reversal,1
change course,1
change form,1
change hands,1
change integrity,1
change intensity,1
change magnitude,1
change over,1
change owners,1
change posture,1
change shape,1
change state,1
change surface,1
change taste,1
channel,1
channel-surf,1
channelise,1
channelize,1
chant,1
chap,1
chaperon,1
chaperone,1
char,1
character,1
characterise,1
characterize,1
charcoal,1
charge,1
charge up,1
chariot,1
charleston,1
charm,1
chart,1
charter,1
chase,1
chase after,1
chase away,1
chasse,1
chasten,1
chastise,1
chat,1
chat up,1
chatter,1
chauffeur,1
chaw,1
cheapen,1
cheat,1
cheat on,1
check,1
check in,1
check into,1
check off,1
check out,1
check over,1
check up on,1
checker,1
checkmate,1
checkrow,1
cheek,1
cheep,1
cheer,1
cheer up,1
cheerlead,1
cheese,1
chelate,1
chemisorb,1
cheque,1
chequer,1
cherish,1
chevvy,1
chevy,1
chew,1
chew out,1
chew over,1
chew the fat,1
chew up,1
chicane,1
chicken-fight,1
chicken out,1
chickenfight,1
chide,1
child-proof,1
childproof,1
chill,1
chill out,1
chime,1
chime in,1
chin,1
chin up,1
chine,1
chink,1
chip,1
chip at,1
chip away,1
chip away at,1
chip in,1
chip off,1
chirk,1
chirk up,1
chiromance,1
chirp,1
chirr,1
chirrup,1
chisel,1
chisel in,1
chit-chat,1
chitchat,1
chitter,1
chivvy,1
chivy,1
chlorinate,1
chloroform,1
chock,1
chock up,1
choir,1
choke,1
choke back,1
choke down,1
choke off,1
choke up,1
chomp,1
chondrify,1
choose,1
choose up,1
chop,1
chop down,1
chop off,1
chop up,1
chord,1
choreograph,1
chortle,1
chorus,1
chouse,1
christen,1
christianise,1
christianize,1
chrome,1
chromium-plate,1
chronicle,1
chronologise,1
chronologize,1
chuck,1
chuck out,1
chuck up the sponge,1
chuckle,1
chuff,1
chug,1
chum up,1
chunk,1
church,1
churn,1
churn out,1
churn up,1
churr,1
chute,1
cicatrise,1
cicatrize,1
cinch,1
cinematise,1
cinematize,1
cipher,1
circle,1
circle around,1
circle round,1
circuit,1
circularise,1
circularize,1
circulate,1
circumambulate,1
circumcise,1
circumfuse,1
circumnavigate,1
circumscribe,1
circumstantiate,1
circumvallate,1
circumvent,1
circumvolute,1
circumvolve,1
cite,1
citify,1
citrate,1
civilise,1
civilize,1
clabber,1
clack,1
claim,1
clam,1
clam up,1
clamber,1
clamor,1
clamour,1
clamp,1
clamp down,1
clang,1
clangor,1
clangour,1
clank,1
clap,1
clap on,1
clap together,1
clap up,1
clapboard,1
clapperclaw,1
claret,1
clarify,1
clarion,1
clash,1
clasp,1
class,1
classicise,1
classicize,1
classify,1
clatter,1
claver,1
claw,1
claxon,1
clean,1
clean house,1
clean out,1
clean up,1
cleanse,1
clear,1
clear-cut,1
clear away,1
clear off,1
clear out,1
clear the air,1
clear the throat,1
clear up,1
cleat,1
cleave,1
clench,1
clerk,1
clew,1
click,1
click off,1
click open,1
climax,1
climb,1
climb down,1
climb on,1
climb up,1
clinch,1
cling,1
cling to,1
clink,1
clinker,1
clip,1
clitter,1
cloak,1
clobber,1
clock,1
clock in,1
clock off,1
clock on,1
clock out,1
clock up,1
clog,1
clog up,1
cloister,1
clomp,1
clone,1
clop,1
close,1
close down,1
close in,1
close off,1
close out,1
close up,1
closet,1
closure,1
clot,1
clothe,1
cloture,1
cloud,1
cloud over,1
cloud up,1
clout,1
clown,1
clown around,1
cloy,1
club,1
cluck,1
clue,1
clue in,1
clump,1
clunk,1
cluster,1
clutch,1
clutter,1
clutter up,1
co-author,1
co-educate,1
co-occur,1
co-occur with,1
co-opt,1
co-sign,1
co-star,1
co-vary,1
coach,1
coact,1
coagulate,1
coal,1
coalesce,1
coapt,1
coarsen,1
coast,1
coat,1
coax,1
cobble,1
cobble together,1
cobble up,1
cobblestone,1
cocainise,1
cocainize,1
cock,1
cock up,1
cocker,1
cockle,1
coconspire,1
cocoon,1
cod,1
coddle,1
code,1
codify,1
coeducate,1
coerce,1
coexist,1
coffin,1
cog,1
coggle,1
cogitate,1
cognise,1
cognize,1
cohabit,1
cohere,1
coif,1
coiffe,1
coiffure,1
coil,1
coin,1
coincide,1
coinsure,1
coke,1
cold-cream,1
cold-shoulder,1
cold work,1
coldcock,1
coldwork,1
collaborate,1
collapse,1
collar,1
collate,1
collateralize,1
collect,1
collectivise,1
collectivize,1
collide,1
collide with,1
colligate,1
collimate,1
collocate,1
collocate with,1
collogue,1
collude,1
colly,1
colonise,1
colonize,1
color,1
color in,1
colorcast,1
colorise,1
colorize,1
colour,1
colour in,1
colourise,1
colourize,1
comb,1
comb out,1
combat,1
combine,1
combust,1
come,1
come about,1
come across,1
come after,1
come alive,1
come along,1
come apart,1
come around,1
come away,1
come back,1
come before,1
come by,1
come close,1
come down,1
come forth,1
come forward,1
come home,1
come in,1
come in for,1
come in handy,1
come into,1
come into being,1
come near,1
come of age,1
come off,1
come on,1
come out,1
come out of the closet,1
come over,1
come round,1
come short,1
come through,1
come to,1
come to grips,1
come to hand,1
come to life,1
come to light,1
come to mind,1
come to the fore,1
come together,1
come up,1
come up to,1
come upon,1
come with,1
comfit,1
comfort,1
command,1
commandeer,1
commemorate,1
commence,1
commend,1
comment,1
commentate,1
commercialise,1
commercialize,1
comminate,1
commingle,1
comminute,1
commiserate,1
commission,1
commit,1
commit suicide,1
commix,1
commove,1
communalise,1
communalize,1
commune,1
communicate,1
communise,1
communize,1
commutate,1
commute,1
compact,1
companion,1
company,1
compare,1
comparison-shop,1
compart,1
compartmentalise,1
compartmentalize,1
compass,1
compassionate,1
compel,1
compensate,1
compere,1
compete,1
compile,1
complain,1
complect,1
complement,1
complete,1
complexify,1
complexion,1
complicate,1
compliment,1
complot,1
comply,1
comport,1
compose,1
compost,1
compound,1
comprehend,1
compress,1
comprise,1
compromise,1
compute,1
computerise,1
computerize,1
con,1
concatenate,1
conceal,1
concede,1
conceive,1
conceive of,1
concenter,1
concentrate,1
concentrate on,1
concentre,1
conceptualise,1
conceptualize,1
concern,1
concert,1
concertina,1
concertise,1
concertize,1
conciliate,1
conclude,1
concoct,1
concord,1
concrete,1
concretise,1
concretize,1
concur,1
concuss,1
condemn,1
condense,1
condescend,1
condition,1
condole,1
condole with,1
condone,1
conduce,1
conduct,1
cone,1
confab,1
confabulate,1
confect,1
confection,1
confederate,1
confer,1
confer with,1
confess,1
confide,1
configure,1
confine,1
confirm,1
confiscate,1
conflagrate,1
conflate,1
conflict,1
conform,1
conform to,1
confound,1
confront,1
confuse,1
confute,1
conga,1
conge,1
congeal,1
congee,1
congest,1
conglobate,1
conglobe,1
conglomerate,1
conglutinate,1
congratulate,1
congregate,1
conjecture,1
conjoin,1
conjugate,1
conjure,1
conjure up,1
conk,1
conk out,1
conn,1
connect,1
connive,1
connive at,1
connote,1
conquer,1
conscript,1
consecrate,1
consent,1
conserve,1
consider,1
consign,1
consist,1
consociate,1
console,1
consolidate,1
consonate,1
consort,1
conspire,1
constellate,1
consternate,1
constipate,1
constitute,1
constitutionalise,1
constitutionalize,1
constrain,1
constrict,1
constringe,1
construct,1
construe,1
construe with,1
consubstantiate,1
consult,1
consume,1
consummate,1
contact,1
contain,1
containerise,1
containerize,1
contaminate,1
contemn,1
contemplate,1
contemporise,1
contemporize,1
contend,1
content,1
contest,1
continue,1
contort,1
contour,1
contra danse,1
contract,1
contract in,1
contract out,1
contradance,1
contradict,1
contradistinguish,1
contraindicate,1
contrast,1
contravene,1
contredanse,1
contribute,1
contrive,1
control,1
controvert,1
contuse,1
convalesce,1
convect,1
convene,1
conventionalise,1
conventionalize,1
converge,1
converse,1
convert,1
convey,1
convict,1
convince,1
convoke,1
convolute,1
convolve,1
convoy,1
convulse,1
coo,1
cooccur,1
cooccur with,1
cook,1
cook out,1
cook up,1
cool,1
cool down,1
cool it,1
cool off,1
cool one's heels,1
coop in,1
coop up,1
cooper,1
cooperate,1
coordinate,1
cop,1
cop out,1
cope,1
cope with,1
copolymerise,1
copolymerize,1
copper,1
copper-bottom,1
copulate,1
copy,1
copy out,1
copyedit,1
copyread,1
copyright,1
coquet,1
coquette,1
corbel,1
cord,1
cordon off,1
corduroy,1
core,1
core out,1
cork,1
cork up,1
corkscrew,1
corn,1
corner,1
cornice,1
coronate,1
corrade,1
corral,1
correct,1
correlate,1
correspond,1
corroborate,1
corrode,1
corrugate,1
corrupt,1
corset,1
coruscate,1
cosh,1
cosign,1
cosponsor,1
cosset,1
cost,1
costume,1
cotton,1
cotton on,1
cotton up,1
couch,1
cough,1
cough out,1
cough up,1
counsel,1
count,1
count down,1
count off,1
count on,1
count out,1
countenance,1
counter,1
counter-drill,1
counteract,1
counterattack,1
counterbalance,1
counterchallenge,1
counterchange,1
countercheck,1
counterclaim,1
counterfeit,1
countermand,1
countermarch,1
countermine,1
counterplot,1
counterpoint,1
counterpoise,1
counterpose,1
countersign,1
countersink,1
counterstrike,1
countervail,1
counterweight,1
country-dance,1
couple,1
couple on,1
couple up,1
course,1
court,1
court-martial,1
court favor,1
court favour,1
covenant,1
cover,1
cover for,1
cover up,1
covet,1
cow,1
cower,1
cowhide,1
cowl,1
cox,1
cozen,1
cozy up,1
crab,1
crack,1
crack down,1
crack up,1
crackle,1
cradle,1
craft,1
cram,1
cramp,1
cranch,1
crane,1
crank,1
crank out,1
crank up,1
crap,1
crap up,1
crape,1
crash,1
crash-dive,1
crash land,1
crate,1
craunch,1
crave,1
crawfish,1
crawfish out,1
crawl,1
crawl in,1
crayon,1
craze,1
creak,1
cream,1
cream off,1
crease,1
create,1
create by mental act,1
create from raw material,1
create from raw stuff,1
create mentally,1
create verbally,1
credit,1
creep,1
creep in,1
creep up,1
cremate,1
crenel,1
crenelate,1
crenellate,1
creolize,1
creosote,1
crepe,1
crepitate,1
crescendo,1
crest,1
crew,1
crib,1
crick,1
cricket,1
criminalise,1
criminalize,1
criminate,1
crimp,1
crimson,1
cringe,1
crinkle,1
cripple,1
crisp,1
crispen,1
crisscross,1
criticise,1
criticize,1
critique,1
croak,1
crochet,1
crock,1
crock up,1
cronk,1
crook,1
croon,1
crop,1
crop out,1
crop up,1
croquet,1
cross,1
cross-check,1
cross-dress,1
cross-fertilise,1
cross-fertilize,1
cross-file,1
cross-index,1
cross-link,1
cross-pollinate,1
cross-refer,1
cross examine,1
cross off,1
cross oneself,1
cross out,1
cross question,1
crossbreed,1
crosscut,1
crosshatch,1
crossruff,1
crouch,1
crow,1
crowd,1
crowd out,1
crowd together,1
crown,1
crucify,1
cruise,1
crumb,1
crumble,1
crump,1
crumple,1
crunch,1
crusade,1
crush,1
crush out,1
crust,1
cry,1
cry for,1
cry out,1
cry out for,1
crystalise,1
crystalize,1
crystallise,1
crystallize,1
cub,1
cube,1
cuckold,1
cuckoo,1
cuddle,1
cudgel,1
cue,1
cuff,1
cull,1
cull out,1
culminate,1
cultivate,1
culture,1
cumber,1
cumulate,1
cup,1
curb,1
curdle,1
cure,1
curl,1
curl up,1
curry,1
curry favor,1
curry favour,1
currycomb,1
curse,1
curtail,1
curtain,1
curtain off,1
curtsey,1
curtsy,1
curve,1
curvet,1
cushion,1
cuss,1
custom-make,1
customise,1
customize,1
cut,1
cut across,1
cut away,1
cut back,1
cut corners,1
cut down,1
cut in,1
cut into,1
cut off,1
cut out,1
cut short,1
cut through,1
cut to,1
cut to ribbons,1
cut up,1
cutinize,1
cybernate,1
cycle,1
cycle on,1
cyclostyle,1
cypher,1
dab,1
dabble,1
dado,1
daisy-chain,1
dally,1
dam,1
dam up,1
damage,1
damascene,1
damn,1
damp,1
dampen,1
dance,1
dandify,1
dandle,1
dangle,1
dapple,1
dare,1
darken,1
darn,1
dart,1
dash,1
dash down,1
dash off,1
date,1
date-mark,1
date back,1
date from,1
date stamp,1
dateline,1
datemark,1
daub,1
daunt,1
dawdle,1
dawn,1
daydream,1
daze,1
dazzle,1
de-access,1
de-aerate,1
de-emphasise,1
de-emphasize,1
de-energise,1
de-energize,1
de-escalate,1
de-ice,1
de-iodinate,1
de-ionate,1
deaccession,1
deactivate,1
deaden,1
deaerate,1
deaf,1
deafen,1
deal,1
deal out,1
deaminate,1
deaminize,1
debar,1
debark,1
debase,1
debate,1
debauch,1
debilitate,1
debit,1
debone,1
debouch,1
debrief,1
debug,1
debunk,1
debut,1
decaffeinate,1
decalcify,1
decamp,1
decant,1
decapitate,1
decarbonate,1
decarbonise,1
decarbonize,1
decarboxylate,1
decarburise,1
decarburize,1
decay,1
decease,1
deceive,1
decelerate,1
decentralise,1
decentralize,1
decerebrate,1
decertify,1
dechlorinate,1
decide,1
decimalise,1
decimalize,1
decimate,1
decipher,1
deck,1
deck out,1
deck up,1
declaim,1
declare,1
declare oneself,1
declassify,1
declaw,1
decline,1
declutch,1
decoct,1
decode,1
decoke,1
decollate,1
decolonise,1
decolonize,1
decolor,1
decolorise,1
decolorize,1
decolour,1
decolourise,1
decolourize,1
decommission,1
decompose,1
decompress,1
deconcentrate,1
deconsecrate,1
deconstruct,1
decontaminate,1
decontrol,1
decorate,1
decorticate,1
decouple,1
decoy,1
decrease,1
decree,1
decrepitate,1
decrescendo,1
decriminalise,1
decriminalize,1
decry,1
decrypt,1
decussate,1
dedicate,1
dedifferentiate,1
deduce,1
deduct,1
deed over,1
deem,1
deep-dye,1
deep-fat-fry,1
deep-fry,1
deep-six,1
deep freeze,1
deepen,1
deface,1
defalcate,1
defame,1
defang,1
defat,1
default,1
default on,1
defeat,1
defecate,1
defect,1
defeminise,1
defeminize,1
defend,1
defenestrate,1
defer,1
defervesce,1
defibrillate,1
defibrinate,1
defile,1
define,1
deflagrate,1
deflate,1
deflect,1
deflower,1
defog,1
defoliate,1
deforest,1
deform,1
defraud,1
defray,1
defrock,1
defrost,1
defuse,1
defy,1
degas,1
degauss,1
degenerate,1
deglaze,1
deglycerolise,1
deglycerolize,1
degrade,1
degrease,1
degust,1
dehisce,1
dehorn,1
dehumanise,1
dehumanize,1
dehumidify,1
dehydrate,1
dehydrogenate,1
deice,1
deify,1
deign,1
deionize,1
deject,1
delay,1
delegate,1
delete,1
deliberate,1
delight,1
delimit,1
delimitate,1
delineate,1
deliquesce,1
delist,1
deliver,1
deliver the goods,1
delocalize,1
delouse,1
delude,1
deluge,1
delve,1
demagnetise,1
demagnetize,1
demand,1
demarcate,1
demasculinise,1
demasculinize,1
dematerialise,1
dematerialize,1
demean,1
demilitarise,1
demilitarize,1
demineralise,1
demineralize,1
demise,1
demist,1
demo,1
demob,1
demobilise,1
demobilize,1
democratise,1
democratize,1
demodulate,1
demolish,1
demonetise,1
demonetize,1
demonise,1
demonize,1
demonstrate,1
demoralise,1
demoralize,1
demote,1
demulsify,1
demur,1
demyelinate,1
demystify,1
demythologise,1
demythologize,1
denationalise,1
denationalize,1
denaturalise,1
denaturalize,1
denature,1
denazify,1
denigrate,1
denitrify,1
denominate,1
denote,1
denounce,1
dent,1
denudate,1
denude,1
deny,1
deodorise,1
deodorize,1
deodourise,1
deoxidise,1
deoxidize,1
deoxygenate,1
depart,1
depend,1
depend on,1
depend upon,1
depersonalise,1
depersonalize,1
depict,1
depilate,1
deplane,1
deplete,1
deplore,1
deploy,1
deplumate,1
deplume,1
depolarise,1
depolarize,1
depone,1
depopulate,1
deport,1
depose,1
deposit,1
deprave,1
deprecate,1
depreciate,1
depress,1
depressurise,1
depressurize,1
deprive,1
depute,1
deputise,1
deputize,1
deracinate,1
derail,1
derange,1
derate,1
derecognise,1
derecognize,1
deregulate,1
derequisition,1
derestrict,1
deride,1
derive,1
derogate,1
desacralize,1
desalinate,1
desalinise,1
desalinize,1
desalt,1
descale,1
descant,1
descant on,1
descend,1
describe,1
descry,1
desecrate,1
desegregate,1
desensitise,1
desensitize,1
desert,1
deserve,1
desex,1
desexualise,1
desexualize,1
desiccate,1
design,1
designate,1
desire,1
desist,1
desolate,1
desorb,1
despair,1
despatch,1
despise,1
despoil,1
despond,1
desquamate,1
destabilise,1
destabilize,1
destain,1
destalinise,1
destalinize,1
destine,1
destress,1
destroy,1
destruct,1
desulfurize,1
desulphurize,1
desynchronise,1
desynchronize,1
detach,1
detail,1
detain,1
detect,1
deter,1
deterge,1
deteriorate,1
determine,1
detest,1
dethaw,1
dethrone,1
detick,1
detonate,1
detour,1
detox,1
detoxicate,1
detoxify,1
detract,1
detrain,1
detransitivise,1
detransitivize,1
detribalise,1
detribalize,1
detusk,1
devaluate,1
devalue,1
devastate,1
devein,1
develop,1
deviate,1
devil,1
devilise,1
devilize,1
devise,1
devitalise,1
devitalize,1
devitrify,1
devoice,1
devolve,1
devolve on,1
devote,1
devour,1
diabolise,1
diabolize,1
diagnose,1
diagonalise,1
diagonalize,1
diagram,1
dial,1
dialyse,1
dialyze,1
diazotize,1
dibble,1
dice,1
dichotomise,1
dichotomize,1
dicker,1
dictate,1
didder,1
diddle,1
die,1
die away,1
die back,1
die down,1
die hard,1
die off,1
die out,1
diet,1
differ,1
differentiate,1
diffract,1
diffuse,1
dig,1
dig in,1
dig into,1
dig out,1
dig up,1
digest,1
digitalise,1
digitalize,1
digitise,1
digitize,1
dignify,1
digress,1
dike,1
dilapidate,1
dilate,1
dilly-dally,1
dillydally,1
dilute,1
dim,1
dimension,1
diminish,1
dimple,1
din,1
dine,1
dine in,1
dine out,1
ding,1
dingdong,1
dinge,1
dip,1
dip into,1
dip solder,1
diphthongise,1
diphthongize,1
direct,1
dirty,1
disable,1
disabuse,1
disaccord,1
disadvantage,1
disaffect,1
disafforest,1
disagree,1
disagree with,1
disallow,1
disambiguate,1
disappear,1
disappoint,1
disapprove,1
disarm,1
disarrange,1
disarray,1
disarticulate,1
disassemble,1
disassociate,1
disavow,1
disband,1
disbar,1
disbelieve,1
disbud,1
disburden,1
disburse,1
disc-jockey,1
discard,1
discase,1
discern,1
discerp,1
discharge,1
discipline,1
disclaim,1
disclose,1
disco,1
discolor,1
discolorise,1
discolorize,1
discolour,1
discolourise,1
discombobulate,1
discomfit,1
discommode,1
discompose,1
disconcert,1
disconnect,1
discontent,1
discontinue,1
discord,1
discount,1
discountenance,1
discourage,1
discourse,1
discover,1
discredit,1
discriminate,1
discuss,1
disdain,1
disembark,1
disembarrass,1
disembody,1
disembowel,1
disembroil,1
disenable,1
disenchant,1
disencumber,1
disenfranchise,1
disengage,1
disentangle,1
disestablish,1
disesteem,1
disfavor,1
disfavour,1
disfigure,1
disforest,1
disfranchise,1
disgorge,1
disgrace,1
disgruntle,1
disguise,1
disgust,1
dish,1
dish out,1
dish the dirt,1
dish up,1
disharmonize,1
dishearten,1
dishevel,1
dishonor,1
dishonour,1
disillusion,1
disincarnate,1
disincline,1
disinfect,1
disinfest,1
disinherit,1
disintegrate,1
disinter,1
disinvest,1
disinvolve,1
disjoin,1
disjoint,1
disk,1
disk-jockey,1
dislike,1
dislocate,1
dislodge,1
dismantle,1
dismay,1
dismember,1
dismiss,1
dismount,1
disobey,1
disoblige,1
disorder,1
disorganise,1
disorganize,1
disorient,1
disorientate,1
disown,1
disparage,1
dispatch,1
dispel,1
dispense,1
dispense with,1
disperse,1
dispirit,1
displace,1
display,1
displease,1
displume,1
disport,1
dispose,1
dispose of,1
dispossess,1
dispread,1
disprove,1
dispute,1
disqualify,1
disquiet,1
disregard,1
disrespect,1
disrobe,1
disrupt,1
diss,1
dissatisfy,1
dissect,1
dissemble,1
disseminate,1
dissent,1
dissertate,1
dissever,1
dissimilate,1
dissimulate,1
dissipate,1
dissociate,1
dissolve,1
dissonate,1
dissuade,1
distance,1
distemper,1
distend,1
distil,1
distill,1
distinguish,1
distort,1
distract,1
distrain,1
distress,1
distribute,1
district,1
distrust,1
disturb,1
disunify,1
disunite,1
ditch,1
dither,1
ditto,1
divagate,1
divaricate,1
dive,1
dive-bomb,1
diverge,1
diversify,1
divert,1
divest,1
divide,1
divine,1
divorce,1
divulge,1
divvy up,1
dizen,1
dizzy,1
dj,1
do,1
do a job on,1
do away with,1
do by,1
do drugs,1
do good,1
do in,1
do it,1
do justice,1
do one's best,1
do the dishes,1
do the honors,1
do up,1
do well,1
do well by,1
do work,1
dock,1
docket,1
doctor,1
doctor up,1
document,1
dodder,1
dodge,1
doff,1
dog,1
dogfight,1
dogmatise,1
dogmatize,1
dogsled,1
dole out,1
doll up,1
domesticate,1
domesticise,1
domesticize,1
domicile,1
domiciliate,1
dominate,1
domineer,1
don,1
donate,1
dong,1
doodle,1
doom,1
dope,1
dope off,1
dope up,1
dose,1
doss,1
doss down,1
dot,1
dote,1
double,1
double-check,1
double-date,1
double-glaze,1
double-park,1
double-space,1
double-team,1
double back,1
double birdie,1
double bogey,1
double crochet,1
double cross,1
double dye,1
double over,1
double stitch,1
double tongue,1
double up,1
doubt,1
douche,1
douse,1
dovetail,1
dower,1
down,1
downgrade,1
download,1
downplay,1
downsize,1
dowse,1
doze,1
doze off,1
draft,1
drag,1
drag a bunt,1
drag down,1
drag in,1
drag on,1
drag one's feet,1
drag one's heels,1
drag out,1
drag through the mud,1
drag up,1
draggle,1
dragoon,1
drain,1
drain the cup,1
dramatise,1
dramatize,1
drape,1
draught,1
draw,1
draw a bead on,1
draw a blank,1
draw a line,1
draw and quarter,1
draw away,1
draw back,1
draw close,1
draw in,1
draw near,1
draw off,1
draw out,1
draw rein,1
draw the line,1
draw together,1
draw up,1
drawl,1
dread,1
dream,1
dream up,1
dredge,1
dredge up,1
drench,1
dress,1
dress down,1
dress out,1
dress ship,1
dress up,1
dribble,1
drift,1
drift apart,1
drift away,1
drift off,1
drill,1
drill in,1
drink,1
drink down,1
drink in,1
drink up,1
drip,1
drip-dry,1
drive,1
drive around,1
drive away,1
drive back,1
drive home,1
drive in,1
drive off,1
drive out,1
drive up,1
drivel,1
drizzle,1
drone,1
drone on,1
drool,1
drool over,1
droop,1
drop,1
drop-kick,1
drop a line,1
drop anchor,1
drop away,1
drop back,1
drop behind,1
drop by,1
drop by the wayside,1
drop dead,1
drop down,1
drop in,1
drop like flies,1
drop off,1
drop one's serve,1
drop open,1
drop out,1
drop the ball,1
dropforge,1
dropkick,1
drown,1
drown out,1
drowse,1
drowse off,1
drub,1
drudge,1
drug,1
drum,1
drum out,1
drum up,1
dry,1
dry-dock,1
dry-nurse,1
dry-rot,1
dry-wall,1
dry clean,1
dry out,1
dry up,1
drydock,1
dub,1
duck,1
duel,1
dulcify,1
dulcorate,1
dull,1
dumbfound,1
dummy,1
dummy up,1
dump,1
dun,1
dung,1
dunk,1
dupe,1
duplex,1
duplicate,1
dusk,1
dust,1
dwarf,1
dwell,1
dwell on,1
dwindle,1
dwindle away,1
dwindle down,1
dye,1
dyke,1
dynamise,1
dynamite,1
dynamize,1
e-mail,1
eagle,1
earmark,1
earn,1
earth,1
earth up,1
ease,1
ease off,1
ease up,1
eat,1
eat at,1
eat away,1
eat in,1
eat into,1
eat on,1
eat out,1
eat up,1
eavesdrop,1
ebb,1
ebb away,1
ebb down,1
ebb off,1
ebb out,1
ebonise,1
ebonize,1
echo,1
eclipse,1
economise,1
economize,1
eddy,1
edge,1
edge in,1
edge up,1
edify,1
edit,1
edit out,1
editorialise,1
editorialize,1
educate,1
educe,1
edulcorate,1
eff,1
efface,1
effect,1
effectuate,1
effeminise,1
effeminize,1
effervesce,1
effloresce,1
effuse,1
egest,1
egg,1
egg on,1
egotrip,1
egress,1
ejaculate,1
eject,1
eke out,1
elaborate,1
elapse,1
elate,1
elbow,1
elect,1
electioneer,1
electrify,1
electrocute,1
electroplate,1
elegise,1
elegize,1
elevate,1
elicit,1
elide,1
eliminate,1
elocute,1
elongate,1
elope,1
elucidate,1
elude,1
elute,1
emaciate,1
email,1
emanate,1
emancipate,1
emasculate,1
embalm,1
embank,1
embargo,1
embark,1
embark on,1
embarrass,1
embattle,1
embed,1
embellish,1
embezzle,1
embitter,1
emblazon,1
embody,1
embolden,1
emboss,1
embower,1
embrace,1
embrangle,1
embrittle,1
embrocate,1
embroider,1
embroil,1
embrown,1
emcee,1
emend,1
emerge,1
emigrate,1
emit,1
emote,1
empale,1
empanel,1
empathise,1
empathize,1
emphasise,1
emphasize,1
emplace,1
emplane,1
employ,1
empower,1
empty,1
empurple,1
emulate,1
emulsify,1
enable,1
enact,1
enamel,1
enamor,1
enamour,1
encamp,1
encapsulate,1
encase,1
enchain,1
enchant,1
encipher,1
encircle,1
enclose,1
enclothe,1
encode,1
encompass,1
encore,1
encounter,1
encourage,1
encrimson,1
encroach,1
encroach upon,1
encrust,1
encrypt,1
encumber,1
end,1
end up,1
endanger,1
endear,1
endeavor,1
endeavour,1
endorse,1
endow,1
endue,1
endure,1
energise,1
energize,1
enervate,1
enfeeble,1
enfeoff,1
enfilade,1
enfold,1
enforce,1
enfranchise,1
engage,1
engender,1
engild,1
engineer,1
englut,1
engorge,1
engraft,1
engrave,1
engross,1
engulf,1
enhance,1
enjoin,1
enjoy,1
enkindle,1
enlace,1
enlarge,1
enlighten,1
enlist,1
enliven,1
enmesh,1
ennoble,1
enounce,1
enplane,1
enquire,1
enrage,1
enrapture,1
enrich,1
enrobe,1
enrol,1
enroll,1
ensconce,1
enshrine,1
enshroud,1
ensile,1
ensky,1
enslave,1
ensnare,1
ensnarl,1
ensue,1
ensure,1
entail,1
entangle,1
enter,1
enter upon,1
entertain,1
enthral,1
enthrall,1
enthrone,1
enthuse,1
entice,1
entitle,1
entomb,1
entrain,1
entrance,1
entrap,1
entreat,1
entrench,1
entrust,1
entwine,1
enucleate,1
enumerate,1
enunciate,1
envelop,1
envenom,1
environ,1
envisage,1
envision,1
envy,1
enwrap,1
epilate,1
epitomise,1
epitomize,1
epoxy,1
equal,1
equalise,1
equalize,1
equate,1
equilibrate,1
equilibrise,1
equilibrize,1
equip,1
equivocate,1
eradicate,1
erase,1
erect,1
erode,1
eroticize,1
err,1
eruct,1
erupt,1
escalade,1
escalate,1
escallop,1
escape,1
escape from,1
eschew,1
escort,1
espouse,1
espy,1
essay,1
establish,1
esteem,1
esterify,1
estimate,1
estivate,1
estrange,1
etch,1
eternalise,1
eternalize,1
eternise,1
eternize,1
etherealize,1
etherialise,1
etherify,1
etherise,1
etherize,1
etiolate,1
etymologise,1
etymologize,1
eulogise,1
eulogize,1
euphemise,1
euphemize,1
europeanise,1
europeanize,1
evacuate,1
evade,1
evaluate,1
evanesce,1
evangelise,1
evangelize,1
evaporate,1
even,1
even off,1
even out,1
even up,1
eventuate,1
evert,1
evict,1
evidence,1
evince,1
eviscerate,1
evoke,1
evolve,1
exacerbate,1
exact,1
exaggerate,1
exalt,1
examine,1
exasperate,1
excavate,1
exceed,1
excel,1
excel at,1
except,1
excerpt,1
exchange,1
excise,1
excite,1
exclaim,1
exclude,1
excogitate,1
excommunicate,1
excoriate,1
excrete,1
excruciate,1
exculpate,1
excuse,1
execrate,1
execute,1
exemplify,1
exempt,1
exenterate,1
exercise,1
exert,1
exfoliate,1
exhale,1
exhaust,1
exhibit,1
exhilarate,1
exhort,1
exhume,1
exile,1
exist,1
exit,1
exonerate,1
exorcise,1
exorcize,1
expand,1
expatiate,1
expatriate,1
expect,1
expectorate,1
expedite,1
expel,1
expend,1
expense,1
experience,1
experiment,1
expiate,1
expire,1
explain,1
explicate,1
explode,1
explode a bombshell,1
exploit,1
explore,1
export,1
expose,1
exposit,1
expostulate,1
expound,1
express,1
express-mail,1
express emotion,1
express feelings,1
express joy,1
express mirth,1
expropriate,1
expunge,1
expurgate,1
exsert,1
exsiccate,1
extemporise,1
extemporize,1
extend,1
extend oneself,1
extend to,1
extenuate,1
exteriorise,1
exteriorize,1
exterminate,1
externalise,1
externalize,1
extinguish,1
extirpate,1
extol,1
extort,1
extract,1
extradite,1
extrapolate,1
extravasate,1
extricate,1
extrude,1
exuberate,1
exudate,1
exude,1
exult,1
exuviate,1
eye,1
eyeball,1
eyewitness,1
fabricate,1
face,1
face-harden,1
face-lift,1
face off,1
face the music,1
face up,1
facilitate,1
facsimile,1
factor,1
factor analyse,1
factor analyze,1
factor in,1
factor out,1
factorise,1
factorize,1
fade,1
fade away,1
fade out,1
fag,1
fag out,1
faggot,1
faggot up,1
fagot,1
fail,1
faint,1
fair,1
fake,1
falcon,1
fall,1
fall all over,1
fall apart,1
fall asleep,1
fall away,1
fall back,1
fall behind,1
fall by the wayside,1
fall down,1
fall flat,1
fall for,1
fall from grace,1
fall in,1
fall in line,1
fall in love,1
fall into,1
fall into place,1
fall off,1
fall open,1
fall out,1
fall over,1
fall over backwards,1
fall short,1
fall short of,1
fall through,1
fall under,1
fall upon,1
falsify,1
falter,1
familiarise,1
familiarize,1
famish,1
fan,1
fan out,1
fancify,1
fancy,1
fancy up,1
fantasise,1
fantasize,1
fantasy,1
farce,1
fare,1
farm,1
farm out,1
farrow,1
fart,1
fascinate,1
fashion,1
fast,1
fast dye,1
fasten,1
fasten on,1
fat,1
fate,1
father,1
fathom,1
fatigue,1
fatten,1
fatten out,1
fatten up,1
fault,1
favor,1
favour,1
fawn,1
fax,1
faze,1
fear,1
feast,1
feast one's eyes,1
feather,1
feather one's nest,1
featherbed,1
feature,1
fecundate,1
federalise,1
federalize,1
federate,1
fee,1
fee-tail,1
feed,1
feed back,1
feed in,1
feed on,1
feed upon,1
feel,1
feel for,1
feel like,1
feel like a million,1
feel like a million dollars,1
feel out,1
feign,1
feint,1
felicitate,1
fell,1
fellate,1
felt,1
felt up,1
feminise,1
feminize,1
fence,1
fence in,1
fend,1
fend for,1
fend off,1
ferment,1
ferret,1
ferret out,1
ferry,1
fertilise,1
fertilize,1
fess up,1
fester,1
festinate,1
festoon,1
fetch,1
fetch up,1
fete,1
fetishize,1
fetter,1
fettle,1
feud,1
feudalize,1
fib,1
fibrillate,1
fictionalise,1
fictionalize,1
fiddle,1
fiddle with,1
fidget,1
field,1
field-test,1
fig out,1
fig up,1
fight,1
fight back,1
fight down,1
fight off,1
figure,1
figure out,1
figure skate,1
filch,1
file,1
file away,1
file in,1
file out,1
filet,1
filiate,1
filibuster,1
filigree,1
fill,1
fill again,1
fill in,1
fill out,1
fill the bill,1
fill up,1
fillet,1
film,1
film-make,1
film over,1
filter,1
filter out,1
filtrate,1
fin,1
finagle,1
finalise,1
finalize,1
finance,1
financier,1
find,1
find fault,1
find oneself,1
find out,1
fine,1
fine-tune,1
finedraw,1
finger,1
finger-paint,1
finger-spell,1
fingerprint,1
fingerspell,1
finish,1
finish off,1
finish out,1
finish up,1
fink,1
fire,1
fire up,1
firebomb,1
fireproof,1
firm,1
firm up,1
fish,1
fishtail,1
fissure,1
fistfight,1
fit,1
fit in,1
fit out,1
fit the bill,1
fix,1
fix up,1
fixate,1
fizz,1
fizzle,1
fizzle out,1
flabbergast,1
flag,1
flag down,1
flagellate,1
flail,1
flake,1
flake off,1
flake out,1
flambe,1
flame,1
flame up,1
flank,1
flap,1
flap down,1
flare,1
flare out,1
flare up,1
flash,1
flash-freeze,1
flash back,1
flat-hat,1
flatten,1
flatten out,1
flatter,1
flaunt,1
flavor,1
flavour,1
flaw,1
flay,1
fleck,1
fledge,1
flee,1
fleece,1
fleer,1
fleet,1
flense,1
flesh,1
flesh out,1
flex,1
flick,1
flicker,1
flight,1
flim-flam,1
flinch,1
fling,1
fling off,1
flip,1
flip-flop,1
flip one's lid,1
flip one's wig,1
flip out,1
flip over,1
flirt,1
flirt with,1
flit,1
flitter,1
float,1
flocculate,1
flock,1
flog,1
flood,1
flood in,1
flood out,1
floodlight,1
floor,1
flop,1
floss,1
flounce,1
flounder,1
flour,1
flourish,1
flout,1
flow,1
flow away,1
flow from,1
flow off,1
flow out,1
flower,1
flub,1
fluctuate,1
fluff,1
fluff up,1
flummox,1
flump,1
flump down,1
flunk,1
fluoresce,1
fluoridate,1
fluoridise,1
fluoridize,1
flurry,1
flush,1
flush down,1
flush it,1
fluster,1
flute,1
flutter,1
flux,1
fly,1
fly-fish,1
fly blind,1
fly by,1
fly contact,1
fly high,1
fly in the face of,1
fly in the teeth of,1
fly off the handle,1
fly on,1
fly open,1
fly the coop,1
flyfish,1
foal,1
foam,1
foam at the mouth,1
fob,1
fob off,1
focalise,1
focalize,1
focus,1
focus on,1
fodder,1
fog,1
fog up,1
foil,1
foist,1
foist off,1
fold,1
fold up,1
foliate,1
folk dance,1
follow,1
follow out,1
follow suit,1
follow through,1
follow up,1
follow up on,1
foment,1
fondle,1
fool,1
fool around,1
fool away,1
foolproof,1
foot,1
foot up,1
footle,1
footnote,1
footslog,1
forage,1
foray,1
foray into,1
forbear,1
forbid,1
force,1
force-feed,1
force-land,1
force back,1
force out,1
ford,1
forearm,1
forebode,1
forecast,1
foreclose,1
foredate,1
foredoom,1
forefend,1
foregather,1
forego,1
foreground,1
foreknow,1
foreordain,1
foresee,1
foreshadow,1
foreshorten,1
foreshow,1
forest,1
forestall,1
foreswear,1
foretell,1
forewarn,1
forfeit,1
forfend,1
forgather,1
forge,1
forget,1
forgive,1
forgo,1
fork,1
fork out,1
fork over,1
fork up,1
form,1
form bubbles,1
formalise,1
formalize,1
format,1
formicate,1
formularise,1
formularize,1
formulate,1
fornicate,1
forsake,1
forswear,1
fort,1
fort up,1
fortify,1
forward,1
fossilise,1
fossilize,1
foster,1
foul,1
foul out,1
foul up,1
found,1
founder,1
fowl,1
fox,1
foxhunt,1
foxtrot,1
fraction,1
fractionate,1
fracture,1
fragment,1
fragmentise,1
fragmentize,1
frame,1
frame in,1
frame up,1
franchise,1
frank,1
frap,1
fraternise,1
fraternize,1
fray,1
frazzle,1
freak,1
freak out,1
freckle,1
free,1
free-associate,1
free-base,1
freelance,1
freeload,1
freewheel,1
freeze,1
freeze-dry,1
freeze down,1
freeze off,1
freeze out,1
freight,1
french,1
french-fry,1
frenchify,1
frequent,1
fresco,1
freshen,1
freshen up,1
fress,1
fret,1
fricassee,1
frig around,1
fright,1
frighten,1
frighten away,1
frighten off,1
fringe,1
frisk,1
fritter,1
fritter away,1
frivol,1
frivol away,1
frizz,1
frizzle,1
frock,1
frog,1
frogmarch,1
frolic,1
front,1
frost,1
frost over,1
froth,1
froth at the mouth,1
frown,1
frown on,1
frown upon,1
fructify,1
fruit,1
frustrate,1
fry,1
ftp,1
fuck,1
fuck off,1
fuck up,1
fuddle,1
fudge,1
fudge together,1
fuel,1
fulfil,1
fulfill,1
full,1
fullback,1
fulminate,1
fumble,1
fume,1
fumigate,1
function,1
fund,1
fund-raise,1
fund raise,1
fundraise,1
funk,1
funnel,1
furbish,1
furbish up,1
furcate,1
furl,1
furlough,1
furnish,1
furrow,1
further,1
fuse,1
fusillade,1
fuss,1
fustigate,1
g.i.,1
gab,1
gabble,1
gad,1
gag,1
gage,1
gaggle,1
gain,1
gain ground,1
gain vigor,1
gainsay,1
gall,1
gallivant,1
gallop,1
galumph,1
galvanise,1
galvanize,1
gamble,1
gambol,1
game,1
gang,1
gang-rape,1
gang up,1
gangrene,1
gaol,1
gap,1
gape,1
garage,1
garb,1
garbage down,1
garble,1
garden,1
gargle,1
garland,1
garment,1
garner,1
garnish,1
garnishee,1
garotte,1
garrison,1
garrote,1
garrotte,1
garter,1
gas,1
gas up,1
gasconade,1
gash,1
gasify,1
gasp,1
gate,1
gate-crash,1
gather,1
gather in,1
gather up,1
gauffer,1
gauge,1
gawk,1
gawp,1
gaze,1
gazette,1
gazump,1
gear,1
gear up,1
gee,1
gel,1
gelatinise,1
gelatinize,1
geld,1
geminate,1
general,1
generalise,1
generalize,1
generate,1
gentle,1
gentrify,1
genuflect,1
germinate,1
gerrymander,1
gestate,1
gesticulate,1
gesture,1
get,1
get a line,1
get a load,1
get a look,1
get a noseful,1
get a whiff,1
get about,1
get across,1
get ahead,1
get along,1
get along with,1
get around,1
get around to,1
get at,1
get away,1
get back,1
get behind,1
get by,1
get cracking,1
get down,1
get dressed,1
get even,1
get going,1
get hitched with,1
get hold,1
get hold of,1
get in,1
get in touch,1
get into,1
get it,1
get it on,1
get laid,1
get married,1
get moving,1
get off,1
get off the ground,1
get on,1
get on with,1
get one's lumps,1
get onto,1
get out,1
get over,1
get rid of,1
get rolling,1
get started,1
get stuck,1
get the best,1
get the better of,1
get the goods,1
get the hang,1
get the jump,1
get the picture,1
get through,1
get to,1
get to grips,1
get together,1
get under one's skin,1
get up,1
get weaving,1
get well,1
get wind,1
get wise,1
get word,1
get worse,1
geyser,1
ghettoise,1
ghettoize,1
ghost,1
ghostwrite,1
gi,1
gibber,1
gibbet,1
gibe,1
gift,1
gift-wrap,1
giggle,1
gild,1
gild the lily,1
gimp,1
gin,1
ginger,1
ginger up,1
gip,1
gird,1
girdle,1
girth,1
give,1
give-up the ghost,1
give a damn,1
give a hang,1
give a hoot,1
give and take,1
give away,1
give back,1
give birth,1
give care,1
give chase,1
give ear,1
give forth,1
give full measure,1
give in,1
give it a try,1
give it a whirl,1
give it the deep six,1
give notice,1
give off,1
give one's best,1
give out,1
give rise,1
give suck,1
give thanks,1
give the axe,1
give the bounce,1
give the eye,1
give the gate,1
give the glad eye,1
give the once over,1
give the sack,1
give tongue to,1
give up,1
give vent,1
give voice,1
give way,1
glaciate,1
gladden,1
glam up,1
glamorise,1
glamorize,1
glamour,1
glamourise,1
glamourize,1
glance,1
glance over,1
glare,1
glass,1
glass in,1
glass over,1
glaze,1
glaze over,1
gleam,1
glean,1
glide,1
glide-bomb,1
glide by,1
glimmer,1
glimpse,1
glint,1
glissade,1
glisten,1
glitter,1
gloat,1
globalise,1
globalize,1
globe-trot,1
glom,1
glorify,1
glory,1
gloss,1
gloss over,1
glow,1
glower,1
glue,1
glug,1
glut,1
gluttonise,1
gluttonize,1
glycerolise,1
glycerolize,1
gnarl,1
gnash,1
gnaw,1
gnaw at,1
go,1
go a long way,1
go about,1
go across,1
go after,1
go against,1
go ahead,1
go all out,1
go along,1
go around,1
go away,1
go back,1
go back on,1
go bad,1
go ballistic,1
go by,1
go deep,1
go down,1
go down on,1
go dutch,1
go far,1
go for,1
go for broke,1
go forth,1
go forward,1
go home,1
go in,1
go into,1
go off,1
go off at half-cock,1
go off half-cocked,1
go on,1
go out,1
go over,1
go past,1
go steady,1
go through,1
go through the motions,1
go to,1
go to bed,1
go to pieces,1
go to pot,1
go to sleep,1
go to the dogs,1
go to war,1
go under,1
go up,1
go with,1
go wrong,1
goad,1
gobble,1
gobble up,1
goffer,1
goggle,1
gold-plate,1
gold plate,1
goldbrick,1
goldplate,1
golf,1
gong,1
goof,1
goof-proof,1
goofproof,1
google,1
goose,1
goose step,1
gore,1
gorge,1
gormandise,1
gormandize,1
gossip,1
gouge,1
gouge out,1
gourmandize,1
govern,1
gown,1
grab,1
grace,1
gradate,1
grade,1
graduate,1
graft,1
grain,1
grandstand,1
grant,1
granulate,1
graph,1
grapple,1
grasp,1
grass,1
grass over,1
grate,1
gratify,1
grave,1
gravel,1
gravitate,1
gray,1
graze,1
grease,1
grease one's palms,1
green,1
greet,1
grey,1
griddle,1
grieve,1
grill,1
grimace,1
grime,1
grin,1
grind,1
grind away,1
grind down,1
grind out,1
grind to a halt,1
grip,1
gripe,1
grit,1
grizzle,1
groak,1
groan,1
groin,1
grok,1
groom,1
groove,1
grope,1
grope for,1
gross,1
gross out,1
grouch,1
ground,1
ground out,1
group,1
grouse,1
grout,1
grovel,1
grow,1
grow over,1
grow up,1
growl,1
grub,1
grub out,1
grub up,1
grubstake,1
grudge,1
grumble,1
grunt,1
grunt-hoot,1
gruntle,1
guarantee,1
guard,1
guess,1
guesstimate,1
guffaw,1
guggle,1
guide,1
guide on,1
guillotine,1
gull,1
gulp,1
gum,1
gum up,1
gun,1
gun down,1
gurgle,1
gush,1
gussy up,1
gut,1
gutter,1
guttle,1
guy,1
guzzle,1
gybe,1
gyp,1
gyrate,1
habilitate,1
habit,1
habituate,1
hack,1
hack on,1
hackle,1
had best,1
haemagglutinate,1
haggle,1
hail,1
hale,1
halloo,1
hallow,1
hallucinate,1
halt,1
halter,1
halve,1
ham,1
ham it up,1
hammer,1
hammer in,1
hammer out,1
hamper,1
hamstring,1
hand,1
hand-build,1
hand-dye,1
hand-pick,1
hand-wash,1
hand down,1
hand out,1
hand over,1
handbuild,1
handcolor,1
handcolour,1
handcraft,1
handcuff,1
handicap,1
handle,1
handle with kid gloves,1
handstamp,1
handwash,1
handwrite,1
hang,1
hang around,1
hang back,1
hang by a hair,1
hang by a thread,1
hang glide,1
hang in,1
hang on,1
hang out,1
hang together,1
hang up,1
hanker,1
hap,1
happen,1
happen upon,1
harangue,1
harass,1
harbinger,1
harbor,1
harbour,1
hard surface,1
harden,1
hare,1
hark,1
hark back,1
harken,1
harlequin,1
harm,1
harmonise,1
harmonize,1
harness,1
harp,1
harpoon,1
harrow,1
harry,1
harsh on,1
harshen,1
harvest,1
hash,1
hash out,1
hash over,1
hasp,1
hassle,1
hasten,1
hat,1
hatch,1
hatchel,1
hate,1
haul,1
haul away,1
haul off,1
haul up,1
haunt,1
have,1
have-to doe with,1
have a ball,1
have a bun in the oven,1
have a fit,1
have a go,1
have a go at it,1
have a good time,1
have a look,1
have down,1
have got,1
have in mind,1
have intercourse,1
have it away,1
have it coming,1
have it off,1
have kittens,1
have on,1
have sex,1
have the best,1
have words,1
have young,1
haw,1
hawk,1
hay,1
hazard,1
haze,1
haze over,1
head,1
head for the hills,1
head home,1
head off,1
head up,1
headbutt,1
headline,1
headquarter,1
heal,1
heap,1
heap up,1
hear,1
hear out,1
hearken,1
hearten,1
heat,1
heat up,1
heave,1
heave up,1
heckle,1
hectograph,1
hector,1
hedge,1
hedge in,1
hedgehop,1
hee-haw,1
heed,1
heel,1
heft,1
heft up,1
heighten,1
heist,1
heliograph,1
helm,1
help,1
help oneself,1
help out,1
hem,1
hem and haw,1
hem in,1
hemagglutinate,1
hemorrhage,1
hemstitch,1
hen-peck,1
henna,1
herald,1
herd,1
hero-worship,1
hesitate,1
heterodyne,1
hew,1
hew out,1
hex,1
hibachi,1
hibernate,1
hiccough,1
hiccup,1
hide,1
hide out,1
hie,1
higgle,1
high-tail,1
highjack,1
highlight,1
hightail,1
hightail it,1
hijack,1
hike,1
hike up,1
hill,1
hinder,1
hinge,1
hinge on,1
hinge upon,1
hint,1
hire,1
hire out,1
hiss,1
hit,1
hit home,1
hit it up,1
hit the books,1
hit the ceiling,1
hit the deck,1
hit the dirt,1
hit the hay,1
hit the jackpot,1
hit the roof,1
hit the sack,1
hitch,1
hitch up,1
hitchhike,1
hive,1
hive away,1
hive off,1
hive up,1
hoard,1
hoax,1
hob,1
hobble,1
hobnail,1
hobnob,1
hock,1
hoe,1
hog,1
hog-tie,1
hoist,1
hold,1
hold back,1
hold close,1
hold dear,1
hold down,1
hold fast,1
hold firm,1
hold forth,1
hold in,1
hold off,1
hold on,1
hold one's own,1
hold open,1
hold out,1
hold over,1
hold still for,1
hold sway,1
hold the line,1
hold tight,1
hold up,1
hold water,1
hole,1
hole out,1
hole up,1
holiday,1
holler,1
holler out,1
hollo,1
hollow,1
hollow out,1
holystone,1
home,1
home-school,1
home in,1
homer,1
homestead,1
homogenise,1
homogenize,1
homologise,1
homologize,1
hone,1
honey,1
honeycomb,1
honeymoon,1
honk,1
honor,1
honour,1
hood,1
hoodoo,1
hoodwink,1
hoof,1
hoof it,1
hook,1
hook on,1
hook up,1
hook up with,1
hoop,1
hoot,1
hoover,1
hop,1
hop-skip,1
hop on,1
hop out,1
hop up,1
hope,1
hopple,1
horn,1
horn in,1
hornswoggle,1
horrify,1
horripilate,1
horse,1
horse-race,1
horse-trade,1
horse around,1
horseshoe,1
horsewhip,1
hose,1
hose down,1
hospitalise,1
hospitalize,1
host,1
hot-dog,1
hot-wire,1
hot-work,1
hot up,1
hotfoot,1
hound,1
house,1
house-train,1
housebreak,1
houseclean,1
housekeep,1
hover,1
howl,1
huckster,1
huddle,1
huddle together,1
hue,1
huff,1
hug,1
hugger mugger,1
hulk,1
hull,1
hum,1
humanise,1
humanize,1
humble,1
humbug,1
humidify,1
humify,1
humiliate,1
humor,1
humour,1
hump,1
hunch,1
hunch forward,1
hunch over,1
hunger,1
hunker,1
hunker down,1
hunt,1
hunt down,1
hurdle,1
hurl,1
hurrah,1
hurry,1
hurt,1
hurtle,1
husband,1
hush,1
hush up,1
husk,1
hustle,1
hybridise,1
hybridize,1
hydrate,1
hydrogen-bomb,1
hydrogenate,1
hydrolise,1
hydrolize,1
hydrolyse,1
hydrolyze,1
hydroplane,1
hygienise,1
hygienize,1
hymn,1
hype,1
hype up,1
hyperbolise,1
hyperbolize,1
hyperextend,1
hypertrophy,1
hyperventilate,1
hyphen,1
hyphenate,1
hypnotise,1
hypnotize,1
hypophysectomise,1
hypophysectomize,1
hypostatise,1
hypostatize,1
hypothecate,1
hypothesise,1
hypothesize,1
ice,1
ice over,1
ice skate,1
ice up,1
idealise,1
idealize,1
ideate,1
identify,1
idle,1
idolise,1
idolize,1
ignite,1
ignore,1
ill-treat,1
ill-use,1
illegalise,1
illegalize,1
illume,1
illuminate,1
illumine,1
illustrate,1
image,1
imagine,1
imbed,1
imbibe,1
imbricate,1
imbrue,1
imbue,1
imitate,1
immaterialise,1
immaterialize,1
immerse,1
immigrate,1
immingle,1
immix,1
immobilise,1
immobilize,1
immolate,1
immortalise,1
immortalize,1
immunise,1
immunize,1
immure,1
impact,1
impair,1
impale,1
impanel,1
impart,1
impeach,1
impede,1
impel,1
impend,1
imperil,1
impersonate,1
impinge,1
impinge on,1
implant,1
implement,1
implicate,1
implode,1
implore,1
imply,1
import,1
importune,1
impose,1
impound,1
impoverish,1
imprecate,1
impregnate,1
impress,1
imprint,1
imprison,1
improve,1
improvise,1
improvize,1
impugn,1
impulse-buy,1
impute,1
inactivate,1
inaugurate,1
incandesce,1
incapacitate,1
incarcerate,1
incarnadine,1
incarnate,1
incase,1
incense,1
inch,1
incinerate,1
incise,1
incite,1
incline,1
inclose,1
include,1
incommode,1
inconvenience,1
inconvenience oneself,1
incorporate,1
increase,1
incriminate,1
incrust,1
incubate,1
inculcate,1
inculpate,1
incur,1
incurvate,1
indemnify,1
indent,1
indenture,1
index,1
indicate,1
indict,1
indispose,1
indite,1
individualise,1
individualize,1
individuate,1
indoctrinate,1
indorse,1
induce,1
induct,1
indue,1
indulge,1
indurate,1
industrialise,1
industrialize,1
indwell,1
inebriate,1
infatuate,1
infect,1
infer,1
infest,1
infiltrate,1
infix,1
inflame,1
inflate,1
inflect,1
inflict,1
influence,1
inform,1
infract,1
infringe,1
infuriate,1
infuscate,1
infuse,1
ingeminate,1
ingest,1
ingraft,1
ingrain,1
ingratiate,1
ingurgitate,1
inhabit,1
inhale,1
inhere,1
inhere in,1
inherit,1
inhibit,1
inhume,1
initial,1
initialise,1
initialize,1
initiate,1
inject,1
injure,1
ink,1
inlay,1
inmarry,1
innervate,1
innovate,1
inoculate,1
inosculate,1
input,1
inquire,1
inscribe,1
inseminate,1
insert,1
inset,1
insinuate,1
insist,1
insolate,1
inspan,1
inspect,1
inspire,1
inspirit,1
inspissate,1
instal,1
install,1
instance,1
instantiate,1
instigate,1
instil,1
instill,1
institute,1
institutionalise,1
institutionalize,1
instruct,1
instrument,1
instrumentate,1
insufflate,1
insulate,1
insult,1
insure,1
integrate,1
intend,1
intensify,1
inter,1
interact,1
interbreed,1
intercalate,1
intercede,1
intercept,1
interchange,1
intercommunicate,1
interconnect,1
interdepend,1
interdict,1
interest,1
interfere,1
interiorise,1
interiorize,1
interject,1
interlace,1
interlard,1
interleave,1
interlink,1
interlock,1
interlope,1
interlude,1
intermarry,1
intermediate,1
intermingle,1
intermit,1
intermix,1
intern,1
internalise,1
internalize,1
internationalise,1
internationalize,1
interpellate,1
interpenetrate,1
interpolate,1
interpose,1
interpret,1
interrelate,1
interrogate,1
interrupt,1
intersect,1
intersperse,1
interstratify,1
intertwine,1
intervene,1
interview,1
interweave,1
intimate,1
intimidate,1
intonate,1
intone,1
intoxicate,1
intransitivise,1
intransitivize,1
intrench,1
intrigue,1
introduce,1
introject,1
intromit,1
introspect,1
introvert,1
intrude,1
intrude on,1
intrust,1
intubate,1
intuit,1
intumesce,1
intussuscept,1
inunct,1
inundate,1
inure,1
invade,1
invaginate,1
invalid,1
invalidate,1
inveigh,1
inveigle,1
invent,1
inventory,1
invert,1
invest,1
investigate,1
invigilate,1
invigorate,1
invite,1
invite out,1
invoice,1
invoke,1
involve,1
inweave,1
iodinate,1
iodise,1
iodize,1
ionate,1
ionise,1
ionize,1
iridesce,1
irk,1
iron,1
iron out,1
irradiate,1
irrigate,1
irritate,1
irrupt,1
islamise,1
islamize,1
island hop,1
isolate,1
isomerise,1
isomerize,1
issue,1
issue forth,1
italicise,1
italicize,1
itch,1
itemise,1
itemize,1
iterate,1
itinerate,1
jab,1
jabber,1
jack,1
jack off,1
jack up,1
jacket,1
jackknife,1
jacklight,1
jackrabbit,1
jactitate,1
jade,1
jag,1
jail,1
jam,1
jampack,1
jangle,1
japan,1
jar,1
jar against,1
jaundice,1
jaunt,1
jaw,1
jawbone,1
jaywalk,1
jazz,1
jazz around,1
jazz up,1
jeer,1
jell,1
jellify,1
jelly,1
jeopardise,1
jeopardize,1
jerk,1
jerk off,1
jest,1
jest at,1
jet,1
jettison,1
jewel,1
jib,1
jibe,1
jig,1
jiggle,1
jilt,1
jimmy,1
jingle,1
jingle-jangle,1
jinx,1
jitterbug,1
jive,1
job,1
jockey,1
jog,1
joggle,1
join,1
join battle,1
join forces,1
joint,1
joke,1
jollify,1
jolly,1
jolly along,1
jolly up,1
jolt,1
josh,1
jostle,1
jot,1
jot down,1
jounce,1
journey,1
joust,1
joy,1
joyride,1
jubilate,1
judder,1
judge,1
jug,1
juggle,1
juice up,1
julienne,1
jumble,1
jump,1
jump-start,1
jump for joy,1
jump off,1
jump on,1
jump out,1
jumpstart,1
junk,1
junket,1
junketeer,1
justify,1
jut,1
jut out,1
juxtapose,1
kayak,1
kayo,1
keel,1
keel over,1
keen,1
keep,1
keep abreast,1
keep an eye on,1
keep apart,1
keep away,1
keep back,1
keep company,1
keep down,1
keep going,1
keep guard,1
keep in,1
keep in line,1
keep mum,1
keep note,1
keep off,1
keep on,1
keep one's distance,1
keep one's eyes off,1
keep one's eyes open,1
keep one's eyes peeled,1
keep one's eyes skinned,1
keep one's hands off,1
keep one's mouth shut,1
keep one's nose to the grindstone,1
keep one's shoulder to the wheel,1
keep open,1
keep out,1
keep pace,1
keep quiet,1
keep step,1
keep tabs on,1
keep to oneself,1
keep track,1
keep up,1
kennel,1
keratinise,1
keratinize,1
kern,1
key,1
key out,1
keynote,1
kibbitz,1
kibitz,1
kibosh,1
kick,1
kick-start,1
kick about,1
kick around,1
kick back,1
kick down,1
kick downstairs,1
kick in,1
kick off,1
kick one's heels,1
kick out,1
kick the bucket,1
kick up,1
kick upstairs,1
kid,1
kidnap,1
kill,1
kill off,1
kill oneself,1
kindle,1
kink,1
kink up,1
kip,1
kip down,1
kiss,1
kit,1
kit out,1
kit up,1
kite,1
kitten,1
knap,1
knead,1
kneecap,1
kneel,1
knell,1
knife,1
knight,1
knit,1
knock,1
knock about,1
knock against,1
knock back,1
knock cold,1
knock down,1
knock off,1
knock out,1
knock over,1
knock up,1
knot,1
know,1
know apart,1
know the score,1
know what's going on,1
know what's what,1
knuckle,1
knuckle down,1
knuckle under,1
kotow,1
kowtow,1
kvetch,1
label,1
labialise,1
labialize,1
labor,1
labour,1
lace,1
lace into,1
lace up,1
lacerate,1
lack,1
lacquer,1
lactate,1
ladder,1
lade,1
laden,1
ladle,1
lag,1
laicise,1
laicize,1
lallygag,1
lam,1
lam into,1
lamb,1
lambast,1
lambaste,1
lame,1
lament,1
laminate,1
lampoon,1
lance,1
land,1
land up,1
landscape,1
languish,1
lap,1
lap up,1
lapidate,1
lapidify,1
lapse,1
lard,1
lark,1
lark about,1
larn,1
larrup,1
lash,1
lash out,1
lash together,1
lasso,1
last,1
last out,1
latch,1
latch on,1
lateralize,1
lather,1
latinise,1
latinize,1
laud,1
laugh,1
laugh at,1
laugh away,1
laugh loudly,1
laugh off,1
laugh softly,1
launch,1
launder,1
lave,1
lavish,1
lay,1
lay aside,1
lay away,1
lay claim,1
lay down,1
lay eyes on,1
lay hands on,1
lay in,1
lay into,1
lay off,1
lay on the line,1
lay out,1
lay over,1
lay to rest,1
lay up,1
lay waste to,1
layer,1
laze,1
leach,1
lead,1
lead astray,1
lead by the nose,1
lead off,1
lead on,1
lead up,1
leaf,1
league,1
league together,1
leak,1
leak out,1
lean,1
lean against,1
lean back,1
lean on,1
leap,1
leap out,1
leapfrog,1
learn,1
lease,1
leash,1
leather,1
leave,1
leave alone,1
leave behind,1
leave no stone unturned,1
leave off,1
leave office,1
leave out,1
leaven,1
lech after,1
lecture,1
leech,1
leech onto,1
leer,1
leg it,1
legalise,1
legalize,1
legislate,1
legitimate,1
legitimatise,1
legitimatize,1
legitimise,1
legitimize,1
lend,1
lend oneself,1
lengthen,1
lenify,1
lessen,1
let,1
let down,1
let drive,1
let fly,1
let go,1
let go of,1
let in,1
let it go,1
let loose,1
let off,1
let on,1
let out,1
let the cat out of the bag,1
let up,1
letter,1
letter bomb,1
levant,1
level,1
level off,1
lever,1
leverage,1
levitate,1
levy,1
lexicalise,1
lexicalize,1
liaise,1
libel,1
liberalise,1
liberalize,1
liberate,1
librate,1
licence,1
license,1
lick,1
lie,1
lie about,1
lie around,1
lie awake,1
lie dormant,1
lie down,1
lie in,1
lie in wait,1
lie low,1
lie with,1
lifehack,1
lift,1
lift off,1
lift out,1
lift up,1
ligate,1
light,1
light up,1
light upon,1
lighten,1
lighten up,1
lighter,1
lignify,1
like,1
liken,1
lilt,1
limber,1
limber up,1
lime,1
limit,1
limn,1
limp,1
line,1
line one's pockets,1
line up,1
linearise,1
linearize,1
linger,1
linger over,1
link,1
link up,1
lionise,1
lionize,1
lip-read,1
lip-sync,1
lip-synch,1
lip off,1
lipread,1
lipstick,1
liquefy,1
liquidate,1
liquidise,1
liquidize,1
liquify,1
lisp,1
list,1
listen,1
listen in,1
literalise,1
literalize,1
lithograph,1
litigate,1
litter,1
live,1
live down,1
live in,1
live it up,1
live on,1
live out,1
live over,1
live together,1
live up to,1
live with,1
liven,1
liven up,1
load,1
load down,1
load up,1
loaf,1
loan,1
loathe,1
lob,1
lobby,1
localise,1
localize,1
locate,1
lock,1
lock away,1
lock in,1
lock out,1
lock up,1
locomote,1
lodge,1
lodge in,1
loft,1
log,1
log-in,1
log in,1
log off,1
log on,1
log out,1
log up,1
log z's,1
logroll,1
loiter,1
loll,1
loll around,1
lollop,1
lollygag,1
long,1
look,1
look across,1
look after,1
look around,1
look at,1
look away,1
look back,1
look backward,1
look down on,1
look for,1
look forward,1
look into,1
look like,1
look on,1
look out,1
look out on,1
look out over,1
look sharp,1
look to,1
look up,1
look up to,1
look upon,1
loom,1
loop,1
loose,1
loose off,1
loosen,1
loosen up,1
loot,1
lop,1
lop off,1
lope,1
lord,1
lord it over,1
lose,1
lose it,1
lose one's temper,1
lose sight of,1
lose track,1
lose weight,1
lot,1
louden,1
lounge,1
lounge about,1
lounge around,1
lour,1
louse up,1
love,1
low,1
lowball,1
lower,1
lower oneself,1
lube,1
lubricate,1
luck into,1
luck it,1
luck out,1
luck through,1
lucubrate,1
luff,1
lug,1
luge,1
lull,1
lumber,1
luminesce,1
lump,1
lunch,1
lunge,1
lurch,1
lure,1
lurk,1
lust,1
lust after,1
lustrate,1
luxate,1
luxuriate,1
lynch,1
lyophilise,1
lyophilize,1
lyric,1
lysogenize,1
macadamise,1
macadamize,1
macerate,1
machicolate,1
machinate,1
machine,1
machine-wash,1
machine gun,1
machine wash,1
macrame,1
maculate,1
madden,1
madder,1
madrigal,1
magnetise,1
magnetize,1
magnify,1
mail,1
mail out,1
maim,1
mainline,1
maintain,1
major,1
make,1
make a clean breast of,1
make a face,1
make a motion,1
make a point,1
make a stink,1
make as if,1
make believe,1
make bold,1
make clean,1
make do,1
make for,1
make full,1
make fun,1
make good,1
make grow,1
make happy,1
make hay,1
make headway,1
make it,1
make love,1
make merry,1
make no bones about,1
make noise,1
make off,1
make out,1
make over,1
make pass,1
make peace,1
make pure,1
make relaxed,1
make sense,1
make sure,1
make unnecessary,1
make up,1
make up one's mind,1
make vibrant sounds,1
make water,1
make way,1
make whoopie,1
maledict,1
malfunction,1
malign,1
malinger,1
malnourish,1
malt,1
maltreat,1
malversate,1
mambo,1
man,1
manacle,1
manage,1
mandate,1
manducate,1
maneuver,1
mangle,1
manhandle,1
manicure,1
manifest,1
manifold,1
manipulate,1
manoeuver,1
manoeuvre,1
mantle,1
manufacture,1
manumit,1
manure,1
apply,1
apply out,1
mapquest,1
mar,1
maraud,1
marble,1
marbleise,1
marbleize,1
marcel,1
march,1
march on,1
march out,1
marginalise,1
marginalize,1
marinade,1
marinate,1
mark,1
mark down,1
mark off,1
mark out,1
mark up,1
market,1
maroon,1
marry,1
marshal,1
martyr,1
martyrise,1
martyrize,1
marvel,1
masculinise,1
masculinize,1
mash,1
mask,1
masquerade,1
mass,1
mass-produce,1
massacre,1
massage,1
master,1
mastermind,1
masticate,1
masturbate,1
mat,1
mat up,1
match,1
mate,1
materialise,1
materialize,1
matriculate,1
matt-up,1
matte,1
matte up,1
matter,1
matter to,1
maturate,1
mature,1
maul,1
maunder,1
max out,1
maximise,1
maximize,1
mean,1
meander,1
measure,1
measure out,1
measure up,1
mechanise,1
mechanize,1
meddle,1
mediate,1
medicate,1
medicine,1
meditate,1
meet,1
meet up with,1
melanise,1
melanize,1
meld,1
meliorate,1
mellow,1
mellow out,1
melodise,1
melodize,1
melt,1
melt down,1
melt off,1
memorialise,1
memorialize,1
memorise,1
memorize,1
menace,1
mend,1
menstruate,1
mensurate,1
mention,1
mentor,1
meow,1
mercerise,1
mercerize,1
merchandise,1
merge,1
merit,1
mesh,1
mesmerise,1
mesmerize,1
mess,1
mess about,1
mess around,1
mess up,1
message,1
metabolise,1
metabolize,1
metal,1
metalize,1
metallize,1
metamorphose,1
metastasise,1
metastasize,1
mete out,1
meter,1
metricate,1
metricise,1
metricize,1
metrify,1
mew,1
mewl,1
miaou,1
miaow,1
micro-cook,1
microcopy,1
microfilm,1
microwave,1
micturate,1
middle,1
miff,1
migrate,1
mildew,1
militarise,1
militarize,1
militate,1
milk,1
mill,1
mill about,1
mill around,1
mime,1
mimeo,1
mimeograph,1
mimic,1
mince,1
mind,1
mine,1
mineralize,1
mingle,1
miniate,1
miniaturise,1
miniaturize,1
minify,1
minimise,1
minimize,1
minister,1
minstrel,1
mint,1
mire,1
mirror,1
misaddress,1
misadvise,1
misalign,1
misally,1
misapply,1
misapprehend,1
misappropriate,1
misbehave,1
misbelieve,1
miscalculate,1
miscall,1
miscarry,1
miscast,1
miscegenate,1
misconceive,1
misconduct,1
misconstrue,1
miscount,1
miscreate,1
misdate,1
misdeal,1
misdeliver,1
misdemean,1
misdirect,1
misdo,1
misestimate,1
misfire,1
misfunction,1
misgauge,1
misgive,1
misgovern,1
misguide,1
mishandle,1
misidentify,1
misinform,1
misinterpret,1
misjudge,1
mislay,1
mislead,1
mismanage,1
mismarry,1
mismatch,1
mismate,1
misname,1
misperceive,1
misplace,1
misplay,1
misprint,1
mispronounce,1
misquote,1
misread,1
misremember,1
misrepresent,1
miss,1
misspeak,1
misspell,1
misspend,1
misstate,1
mist,1
mist over,1
mistake,1
mistime,1
mistranslate,1
mistreat,1
mistrust,1
misunderstand,1
misuse,1
miter,1
mitigate,1
mix,1
mix in,1
mix up,1
mizzle,1
moan,1
mob,1
mobilise,1
mobilize,1
mock,1
mock up,1
model,1
moderate,1
modernise,1
modernize,1
modify,1
modulate,1
moil,1
moisten,1
moisturise,1
moisturize,1
mold,1
molder,1
molest,1
mollify,1
mollycoddle,1
molt,1
monetise,1
monetize,1
monger,1
mongrelise,1
mongrelize,1
monish,1
monitor,1
monkey,1
monkey around,1
monologuise,1
monologuize,1
monopolise,1
monopolize,1
monumentalise,1
monumentalize,1
moo,1
mooch,1
moon,1
moon about,1
moon around,1
moon on,1
moonlight,1
moonshine,1
moor,1
moot,1
mop,1
mop up,1
mope,1
mope around,1
moralise,1
moralize,1
morph,1
mortar,1
mortgage,1
mortice,1
mortify,1
mortise,1
mosey,1
mosh,1
mothball,1
mother,1
mothproof,1
motion,1
motivate,1
motley,1
motor,1
motorbike,1
motorboat,1
motorcycle,1
motorise,1
motorize,1
mottle,1
mould,1
moulder,1
moult,1
mound,1
mound over,1
mount,1
mount up,1
mountaineer,1
mourn,1
mouse,1
mousse,1
mouth,1
mouth off,1
move,1
move around,1
move back,1
move back and forth,1
move in,1
move in on,1
move into,1
move involuntarily,1
move on,1
move out,1
move over,1
move reflexively,1
move through,1
move up,1
mow,1
mow down,1
muck,1
muck about,1
muck around,1
muck up,1
muckrake,1
mud,1
mud-wrestle,1
muddle,1
muddy,1
muddy up,1
mudwrestle,1
muff,1
muffle,1
mug,1
mug up,1
mulch,1
mulct,1
mull,1
mull over,1
multiply,1
mumble,1
mummify,1
munch,1
munition,1
murder,1
murk,1
murmur,1
muscle,1
muscle into,1
muse,1
mush,1
mushroom,1
muss,1
mussitate,1
muster,1
muster in,1
muster out,1
muster up,1
mutate,1
mute,1
mutilate,1
mutiny,1
mutter,1
muzzle,1
mystify,1
mythicise,1
mythicize,1
mythologise,1
mythologize,1
nab,1
nag,1
nail,1
nail down,1
name,1
namedrop,1
nap,1
narcotise,1
narcotize,1
nark,1
narrate,1
narrow,1
narrow down,1
nasale,1
nasalise,1
nasalize,1
nationalise,1
nationalize,1
natter,1
naturalise,1
naturalize,1
nauseate,1
navigate,1
nazify,1
near,1
neaten,1
necessitate,1
neck,1
necrose,1
need,1
needle,1
negate,1
negative,1
neglect,1
negociate,1
negotiate,1
neigh,1
neighbor,1
neighbour,1
nerve,1
nest,1
nestle,1
net,1
net fish,1
netmail,1
nett,1
nettle,1
network,1
neuter,1
neutralise,1
neutralize,1
nibble,1
nick,1
nickel,1
nickel-and-dime,1
nicker,1
nickname,1
nictate,1
nictitate,1
niggle,1
nigrify,1
nip,1
nip off,1
nitpick,1
nitrate,1
nitrify,1
nitrogenise,1
nitrogenize,1
nix,1
nobble,1
nock,1
nod,1
nod off,1
noise,1
nol.pros.,1
nolle pros,1
nolle prosequi,1
nominate,1
nonplus,1
noose,1
normalise,1
normalize,1
nose,1
nose out,1
nosedive,1
nosh,1
notarise,1
notarize,1
notate,1
notch,1
note,1
notice,1
notify,1
nourish,1
novate,1
novelise,1
novelize,1
nucleate,1
nudge,1
nuke,1
nullify,1
numb,1
number,1
numerate,1
nurse,1
nurture,1
nut,1
nutate,1
nutrify,1
nuzzle,1
o.d.,1
o.k.,1
obey,1
obfuscate,1
object,1
objectify,1
objurgate,1
obligate,1
oblige,1
obliterate,1
obnubilate,1
obscure,1
observe,1
obsess,1
obsolesce,1
obstinate,1
obstipate,1
obstruct,1
obtain,1
obtrude,1
obtrude upon,1
obtund,1
obturate,1
obviate,1
occasion,1
occidentalise,1
occidentalize,1
occlude,1
occult,1
occupy,1
occur,1
odorize,1
odourise,1
off,1
offend,1
offer,1
offer up,1
officer,1
officialise,1
officialize,1
officiate,1
offload,1
offsaddle,1
offset,1
ogle,1
oil,1
oink,1
okay,1
omen,1
omit,1
one-step,1
ooh,1
ooze,1
ooze out,1
ooze through,1
opacify,1
opalesce,1
opalise,1
opalize,1
open,1
open fire,1
open up,1
operate,1
operate on,1
opine,1
oppose,1
oppress,1
oppugn,1
opsonize,1
opt,1
opt out,1
optimise,1
optimize,1
orate,1
orb,1
orbit,1
orchestrate,1
ordain,1
order,1
ordinate,1
organise,1
organize,1
orient,1
orientalise,1
orientalize,1
orientate,1
originate,1
originate in,1
ornament,1
orphan,1
oscillate,1
osculate,1
ossify,1
ostentate,1
ostracise,1
ostracize,1
oust,1
out,1
out-herod,1
out in,1
outbalance,1
outbid,1
outbrave,1
outcall,1
outclass,1
outcrop,1
outcry,1
outdistance,1
outdo,1
outdraw,1
outface,1
outfight,1
outfit,1
outflank,1
outfox,1
outgeneral,1
outgo,1
outgrow,1
outguess,1
outlast,1
outlaw,1
outline,1
outlive,1
outmaneuver,1
outmanoeuvre,1
outmarch,1
outmatch,1
outmode,1
outnumber,1
outpace,1
outperform,1
outplay,1
outpoint,1
output,1
outrage,1
outrange,1
outrank,1
outride,1
outrival,1
outroar,1
outrun,1
outsail,1
outscore,1
outsell,1
outshine,1
outshout,1
outsmart,1
outsource,1
outspan,1
outstare,1
outstay,1
outstrip,1
outvie,1
outvote,1
outwear,1
outweigh,1
outwit,1
oven broil,1
ovenbake,1
over-correct,1
over-refine,1
overachieve,1
overact,1
overarch,1
overawe,1
overbalance,1
overbear,1
overbid,1
overboil,1
overburden,1
overcapitalise,1
overcapitalize,1
overcast,1
overcharge,1
overclothe,1
overcloud,1
overcome,1
overcompensate,1
overcook,1
overcrop,1
overcrowd,1
overcultivate,1
overdo,1
overdose,1
overdramatise,1
overdramatize,1
overdraw,1
overdress,1
overdrive,1
overeat,1
overemphasise,1
overemphasize,1
overestimate,1
overexert,1
overexert oneself,1
overexploit,1
overexpose,1
overextend,1
overfatigue,1
overfeed,1
overfill,1
overflow,1
overfly,1
overgeneralise,1
overgeneralize,1
overgorge,1
overgrow,1
overhang,1
overhaul,1
overhear,1
overheat,1
overindulge,1
overjoy,1
overlap,1
overlay,1
overleap,1
overlie,1
overload,1
overlook,1
overmaster,1
overpay,1
overplay,1
overpopulate,1
overpower,1
overpraise,1
overprice,1
overprint,1
overproduce,1
overprotect,1
overrate,1
overreach,1
overreact,1
overrefine,1
override,1
overrule,1
overrun,1
oversee,1
oversew,1
overshadow,1
overshoot,1
oversimplify,1
oversleep,1
overspecialise,1
overspecialize,1
overspend,1
overspread,1
overstate,1
overstay,1
overstep,1
overstock,1
overstrain,1
overstress,1
overstretch,1
overstuff,1
oversupply,1
overtake,1
overtax,1
overthrow,1
overtire,1
overtop,1
overtrump,1
overturn,1
overuse,1
overvalue,1
overweary,1
overwhelm,1
overwinter,1
overwork,1
overwrite,1
ovulate,1
owe,1
own,1
own up,1
oxidate,1
oxidise,1
oxidize,1
oxygenate,1
oxygenise,1
oxygenize,1
oyster,1
ozonise,1
ozonize,1
pace,1
pacify,1
pack,1
pack on,1
pack together,1
package,1
pad,1
paddle,1
padlock,1
paganise,1
paganize,1
page,1
paginate,1
pain,1
paint,1
paint a picture,1
paint the lily,1
pair,1
pair off,1
pal,1
pal up,1
palatalise,1
palatalize,1
palaver,1
pale,1
palisade,1
pall,1
palliate,1
palm,1
palm off,1
palpate,1
palpebrate,1
palpitate,1
palsy,1
palter,1
pamper,1
pan,1
pan-broil,1
pan-fry,1
pan off,1
pan out,1
pan roast,1
pander,1
panel,1
panhandle,1
panic,1
pant,1
pant-hoot,1
pantomime,1
paper,1
par,1
parachute,1
parade,1
paragraph,1
parallel,1
parallel-park,1
parallelize,1
paralyse,1
paralyze,1
paraphrase,1
parboil,1
parcel,1
parcel out,1
parch,1
pardon,1
pare,1
pare down,1
parent,1
parget,1
park,1
parlay,1
parley,1
parody,1
parole,1
parrot,1
parry,1
parse,1
part,1
part with,1
partake,1
partake in,1
parti-color,1
participate,1
particularise,1
particularize,1
partition,1
partition off,1
partner,1
partner off,1
party,1
pass,1
pass across,1
pass along,1
pass around,1
pass away,1
pass by,1
pass judgment,1
pass off,1
pass on,1
pass out,1
pass over,1
pass through,1
pass up,1
pass water,1
pass with flying colors,1
paste,1
pasteurise,1
pasteurize,1
pasture,1
pat,1
patch,1
patch up,1
patent,1
patinate,1
patinise,1
patinize,1
patrol,1
patronage,1
patronise,1
patronize,1
patter,1
pattern,1
pattern-bomb,1
pauperise,1
pauperize,1
pause,1
pave,1
paw,1
pawn,1
pay,1
pay back,1
pay cash,1
pay for,1
pay heed,1
pay off,1
pay out,1
pay up,1
peach,1
peak,1
peal,1
pearl,1
peck,1
peck at,1
peculate,1
pedal,1
peddle,1
pedicure,1
pee,1
pee-pee,1
peek,1
peel,1
peel off,1
peep,1
peer,1
peer review,1
peeve,1
peg,1
peg away,1
peg down,1
pelt,1
pelt along,1
pen,1
pen up,1
penalise,1
penalize,1
pencil,1
penetrate,1
penny-pinch,1
pension,1
pension off,1
people,1
pep up,1
pepper,1
peptise,1
peptize,1
perambulate,1
perceive,1
perch,1
percolate,1
percuss,1
peregrinate,1
perennate,1
perfect,1
perforate,1
perform,1
perfume,1
perfuse,1
peril,1
perish,1
perjure,1
perk,1
perk up,1
perm,1
permeate,1
permit,1
permute,1
perorate,1
peroxide,1
perpetrate,1
perpetuate,1
perplex,1
persecute,1
perseverate,1
persevere,1
persist,1
persist in,1
personalise,1
personalize,1
personate,1
personify,1
perspire,1
persuade,1
pertain,1
perturb,1
peruse,1
pervade,1
pervaporate,1
pervert,1
pester,1
pestle,1
pet,1
peter out,1
petition,1
petrify,1
pettifog,1
phase,1
phase in,1
phase out,1
philander,1
philosophise,1
philosophize,1
phlebotomise,1
phlebotomize,1
phonate,1
phone,1
phosphoresce,1
photocopy,1
photograph,1
photosensitise,1
photosensitize,1
photostat,1
phrase,1
pick,1
pick apart,1
pick at,1
pick off,1
pick out,1
pick over,1
pick up,1
pick up the gauntlet,1
picket,1
pickle,1
picnic,1
picture,1
piddle,1
piddle away,1
piece,1
piece-dye,1
pierce,1
piffle,1
pig,1
pig it,1
pig out,1
pigeonhole,1
piggyback,1
pigment,1
pile,1
pile up,1
pilfer,1
pillage,1
pillory,1
pillow,1
pilot,1
pimp,1
pin,1
pin down,1
pin up,1
pinch,1
pine,1
pine away,1
ping,1
pinion,1
pink,1
pinkify,1
pinnacle,1
pinpoint,1
pioneer,1
pip,1
pip out,1
pipe,1
pipe-clay,1
pipe down,1
pipe in,1
pipe up,1
pique,1
pirate,1
pirouette,1
piss,1
pistol-whip,1
pit,1
pitch,1
pitch in,1
pitch into,1
pitchfork,1
pith,1
pitter-patter,1
pity,1
pivot,1
placard,1
placate,1
place,1
place-kick,1
place down,1
place upright,1
plagiarise,1
plagiarize,1
plague,1
plain,1
plait,1
plan,1
plane,1
plank,1
plank down,1
plank over,1
plant,1
plash,1
plaster,1
plaster over,1
plasticise,1
plasticize,1
plastinate,1
plat,1
plate,1
platinize,1
platitudinize,1
play,1
play a joke on,1
play a trick on,1
play along,1
play around,1
play back,1
play down,1
play false,1
play hooky,1
play it by ear,1
play off,1
play out,1
play possum,1
play tricks,1
play up,1
playact,1
plea-bargain,1
pleach,1
plead,1
please,1
pleat,1
pledge,1
plicate,1
plight,1
plod,1
plonk,1
plonk down,1
plop,1
plot,1
plough,1
plough on,1
plow,1
plow ahead,1
pluck,1
pluck at,1
plug,1
plug away,1
plug in,1
plug into,1
plumb,1
plume,1
plummet,1
plump,1
plump down,1
plump for,1
plump in,1
plump out,1
plump up,1
plunder,1
plunge,1
plunk,1
plunk down,1
plunk for,1
pluralise,1
pluralize,1
ply,1
poach,1
pock,1
pocket,1
pockmark,1
pod,1
podcast,1
poetise,1
poetize,1
point,1
point jam,1
point out,1
point the way,1
point up,1
poise,1
poison,1
poke,1
poke at,1
poke fun,1
poke into,1
poke out,1
polarise,1
polarize,1
pole,1
poleax,1
poleaxe,1
polemicise,1
polemicize,1
polemise,1
polemize,1
police,1
polish,1
polish off,1
polish up,1
politicise,1
politicize,1
politick,1
polka,1
poll,1
pollard,1
pollenate,1
pollinate,1
pollute,1
polychrome,1
polychromise,1
polychromize,1
polymerise,1
polymerize,1
pomade,1
pommel,1
pompadour,1
ponder,1
poniard,1
pontificate,1
pony up,1
pooch,1
pooch out,1
pooh-pooh,1
pool,1
poop out,1
pop,1
pop in,1
pop off,1
pop out,1
pop the question,1
pop up,1
popularise,1
popularize,1
populate,1
porcelainize,1
pore,1
port,1
portend,1
porter,1
portion,1
portion out,1
portray,1
pose,1
posit,1
position,1
possess,1
post,1
postdate,1
postmark,1
postpone,1
postpose,1
postulate,1
posture,1
pot,1
potentiate,1
pother,1
potter,1
potter around,1
pouch,1
poultice,1
pounce,1
pound,1
pound off,1
pound up,1
pour,1
pour cold water on,1
pour down,1
pour forth,1
pour out,1
pout,1
powder,1
powderise,1
powderize,1
power,1
power-dive,1
powerwash,1
powwow,1
practice,1
practice bundling,1
practise,1
praise,1
prance,1
prang,1
prang up,1
prank,1
prate,1
prattle,1
prawn,1
pray,1
preach,1
preachify,1
preamble,1
prearrange,1
preassemble,1
precede,1
precess,1
precipitate,1
precis,1
preclude,1
preconceive,1
precondition,1
precook,1
predate,1
predecease,1
predestinate,1
predestine,1
predetermine,1
predicate,1
predict,1
predigest,1
predispose,1
predominate,1
preempt,1
preen,1
preexist,1
prefabricate,1
preface,1
prefer,1
prefigure,1
prefix,1
preform,1
preheat,1
prehend,1
preisolate,1
prejudge,1
prejudice,1
prelude,1
premeditate,1
premier,1
premiere,1
premise,1
premiss,1
preoccupy,1
preordain,1
prepare,1
prepare for,1
prepay,1
preponderate,1
prepose,1
prepossess,1
prerecord,1
presage,1
prescribe,1
present,1
preserve,1
preside,1
press,1
press down,1
press down on,1
press home,1
press on,1
press out,1
pressure,1
pressure-cook,1
pressure-wash,1
pressurise,1
pressurize,1
presume,1
presuppose,1
pretend,1
pretermit,1
prettify,1
pretty up,1
prevail,1
prevaricate,1
prevent,1
preview,1
previse,1
prey,1
price,1
prick,1
prick up,1
prickle,1
pride,1
pride oneself,1
prim,1
prim out,1
prim up,1
prime,1
primp,1
prink,1
print,1
print over,1
prioritise,1
prioritize,1
prise,1
privatise,1
privatize,1
privilege,1
prize,1
prizefight,1
probate,1
probe,1
proceed,1
process,1
proclaim,1
procrastinate,1
procreate,1
proctor,1
procure,1
prod,1
produce,1
profane,1
profess,1
professionalise,1
professionalize,1
proffer,1
profile,1
profit,1
profiteer,1
prognosticate,1
program,1
programme,1
progress,1
progress to,1
prohibit,1
project,1
prolapse,1
proliferate,1
prologise,1
prologize,1
prologuize,1
prolong,1
promenade,1
promise,1
promote,1
prompt,1
promulgate,1
pronate,1
pronk,1
pronounce,1
proof,1
proofread,1
prop,1
prop up,1
propagandise,1
propagandize,1
propagate,1
propel,1
prophesy,1
propitiate,1
proportion,1
propose,1
proposition,1
propound,1
prorate,1
prorogue,1
proscribe,1
prosecute,1
proselytise,1
proselytize,1
prospect,1
prosper,1
prostitute,1
prostrate,1
protect,1
protest,1
protract,1
protrude,1
protuberate,1
prove,1
prove oneself,1
provide,1
provision,1
provoke,1
prowl,1
prune,1
pry,1
psalm,1
psych up,1
psychoanalyse,1
psychoanalyze,1
ptyalise,1
ptyalize,1
pub-crawl,1
publicise,1
publicize,1
publish,1
pucker,1
puddle,1
puff,1
puff out,1
puff up,1
puke,1
pule,1
pull,1
pull a face,1
pull a fast one on,1
pull ahead,1
pull along,1
pull at,1
pull away,1
pull back,1
pull down,1
pull in,1
pull in one's horns,1
pull off,1
pull one's weight,1
pull out,1
pull out all the stops,1
pull over,1
pull round,1
pull someone's leg,1
pull strings,1
pull the leg of,1
pull the plug,1
pull the wool over someone's eyes,1
pull through,1
pull together,1
pull up,1
pull up short,1
pull up stakes,1
pull wires,1
pullulate,1
pullulate with,1
pulp,1
pulsate,1
pulse,1
pulverise,1
pulverize,1
pumice,1
pummel,1
pump,1
pun,1
punch,1
punch in,1
punch out,1
punctuate,1
puncture,1
punish,1
punt,1
pup,1
pupate,1
purchase,1
puree,1
purge,1
purify,1
purl,1
purl stitch,1
purloin,1
purple,1
purport,1
purpose,1
purpurate,1
purr,1
purse,1
pursue,1
purvey,1
push,1
push around,1
push aside,1
push away,1
push back,1
push down,1
push forward,1
push on,1
push out,1
push through,1
push up,1
pussyfoot,1
put,1
put across,1
put aside,1
put away,1
put back,1
put behind bars,1
put down,1
put forward,1
put in,1
put off,1
put on,1
put on airs,1
put on the line,1
put one across,1
put one over,1
put out,1
put out feelers,1
put over,1
put right,1
put through,1
put to death,1
put to sleep,1
put to work,1
put together,1
put under,1
put up,1
putrefy,1
putt,1
putter,1
putter around,1
putty,1
puzzle,1
puzzle out,1
puzzle over,1
pyramid,1
quack,1
quadruple,1
quadruplicate,1
quaff,1
quail,1
quail at,1
quake,1
qualify,1
quantify,1
quantise,1
quantize,1
quarantine,1
quarrel,1
quarry,1
quarter,1
quarterback,1
quash,1
quaver,1
queen,1
queen it over,1
queer,1
quell,1
quench,1
query,1
quest,1
quest after,1
quest for,1
question,1
quetch,1
queue,1
queue up,1
quibble,1
quick-freeze,1
quicken,1
quickstep,1
quiesce,1
quiet,1
quiet down,1
quieten,1
quilt,1
quintuple,1
quip,1
quirk,1
quit,1
quiver,1
quiz,1
quote,1
rabbet,1
rabbit,1
rabbit on,1
race,1
rachet up,1
rack,1
rack up,1
racket,1
racketeer,1
raddle,1
radiate,1
radicalize,1
radio,1
radiolocate,1
raffle,1
raffle off,1
raft,1
rafter,1
rag,1
rage,1
raid,1
rail,1
rail in,1
rail off,1
railroad,1
raiment,1
rain,1
rain buckets,1
rain cats and dogs,1
rain down,1
rain out,1
raise,1
raise a stink,1
raise hell,1
raise the roof,1
raise up,1
rake,1
rake in,1
rake off,1
rake up,1
rally,1
ram,1
ram down,1
ram home,1
ramble,1
ramble on,1
ramify,1
ramp,1
ramp up,1
rampage,1
ranch,1
randomise,1
randomize,1
range,1
range in,1
rank,1
rankle,1
ransack,1
ransom,1
rant,1
rap,1
rape,1
rappel,1
rarefy,1
rarify,1
rase,1
rasp,1
rasterize,1
rat,1
ratchet,1
ratchet down,1
rate,1
ratify,1
ratiocinate,1
ration,1
ration out,1
rationalise,1
rationalise away,1
rationalize,1
rationalize away,1
rattle,1
rattle down,1
rattle off,1
rattle on,1
ravage,1
rave,1
ravel,1
ravel out,1
raven,1
ravish,1
ray,1
raze,1
razor,1
razz,1
re-address,1
re-afforest,1
re-argue,1
re-arm,1
re-assume,1
re-create,1
re-emerge,1
re-emphasise,1
re-emphasize,1
re-enter,1
re-equip,1
re-examine,1
re-explain,1
re-explore,1
re-incorporate,1
re-introduce,1
re-start,1
reabsorb,1
reach,1
reach into,1
reach one's nostrils,1
reach out,1
reacquaint,1
react,1
reactivate,1
read,1
read between the lines,1
readapt,1
readjust,1
readmit,1
ready,1
reaffirm,1
realign,1
realine,1
realise,1
realize,1
reallocate,1
reallot,1
ream,1
reanimate,1
reap,1
reappear,1
reapportion,1
reappraise,1
rear,1
rear-end,1
rear back,1
rearm,1
rearrange,1
reason,1
reason out,1
reassail,1
reassemble,1
reassert,1
reassess,1
reassign,1
reassure,1
reattribute,1
reave,1
reawaken,1
rebate,1
rebel,1
rebind,1
reboot,1
rebound,1
rebroadcast,1
rebuff,1
rebuild,1
rebuke,1
rebury,1
rebut,1
recalcitrate,1
recalculate,1
recall,1
recant,1
recap,1
recapitulate,1
recapture,1
recast,1
recede,1
receipt,1
receive,1
recess,1
recharge,1
recidivate,1
reciprocate,1
recite,1
reckon,1
reclaim,1
reclassify,1
recline,1
recode,1
recognise,1
recognize,1
recoil,1
recollect,1
recombine,1
recommence,1
recommend,1
recommit,1
recompense,1
reconcile,1
recondition,1
reconfirm,1
reconnoiter,1
reconnoitre,1
reconquer,1
reconsecrate,1
reconsider,1
reconstitute,1
reconstruct,1
reconvene,1
reconvert,1
reconvict,1
recopy,1
record,1
recount,1
recoup,1
recover,1
recreate,1
recriminate,1
recrudesce,1
recruit,1
rectify,1
recumb,1
recuperate,1
recur,1
recurve,1
recuse,1
recycle,1
red-eye,1
red-ink,1
redact,1
redden,1
rede,1
redecorate,1
rededicate,1
redeem,1
redefine,1
redeploy,1
redeposit,1
redesign,1
redetermine,1
redevelop,1
redirect,1
rediscover,1
redispose,1
redistribute,1
redline,1
redo,1
redouble,1
redound,1
redress,1
reduce,1
reduplicate,1
reecho,1
reef,1
reek,1
reel,1
reel off,1
reelect,1
reenact,1
reenforce,1
reestablish,1
reevaluate,1
reeve,1
reexamine,1
reface,1
refashion,1
refer,1
referee,1
reference,1
refill,1
refinance,1
refine,1
refinish,1
refit,1
reflate,1
reflect,1
reflectorise,1
reflectorize,1
refloat,1
refocus,1
reforest,1
reforge,1
reform,1
reformulate,1
refract,1
refracture,1
refrain,1
refresh,1
refreshen,1
refrigerate,1
refuel,1
refund,1
refurbish,1
refurnish,1
refuse,1
refute,1
regain,1
regale,1
regard,1
regard as,1
regenerate,1
regiment,1
register,1
regorge,1
regress,1
regret,1
regroup,1
regrow,1
regularise,1
regularize,1
regulate,1
regurgitate,1
rehabilitate,1
reharmonise,1
reharmonize,1
rehash,1
rehear,1
rehearse,1
reheat,1
reheel,1
rehouse,1
reify,1
reign,1
reignite,1
reimburse,1
reimpose,1
rein,1
rein in,1
reincarnate,1
reinforce,1
reinstall,1
reinstate,1
reinsure,1
reintegrate,1
reinterpret,1
reintroduce,1
reinvent,1
reinvigorate,1
reissue,1
reiterate,1
reject,1
rejig,1
rejoice,1
rejoin,1
rejuvenate,1
rekindle,1
relace,1
relapse,1
relate,1
relativise,1
relativize,1
relax,1
relay,1
relearn,1
release,1
relegate,1
relent,1
relieve,1
relieve oneself,1
reline,1
relinquish,1
relish,1
relive,1
reload,1
relocate,1
rely,1
rely on,1
rely upon,1
relyric,1
remain,1
remain down,1
remain firm,1
remainder,1
remake,1
remand,1
remark,1
remarry,1
remediate,1
remedy,1
remember,1
remember oneself,1
remilitarise,1
remilitarize,1
remind,1
reminisce,1
remit,1
remodel,1
remold,1
remonstrate,1
remould,1
remount,1
remove,1
remunerate,1
rename,1
rend,1
render,1
render-set,1
rendezvous,1
renegade,1
renege,1
renege on,1
renegociate,1
renegotiate,1
renegue on,1
renew,1
renormalise,1
renormalize,1
renounce,1
renovate,1
rent,1
rent out,1
reopen,1
reorder,1
reorganise,1
reorganize,1
reorient,1
reorientate,1
repaint,1
repair,1
repatriate,1
repay,1
repeal,1
repeat,1
repel,1
repent,1
repercuss,1
rephrase,1
repine,1
replace,1
replant,1
replay,1
replenish,1
replete,1
replicate,1
reply,1
repoint,1
report,1
report out,1
repose,1
repose on,1
reposit,1
reposition,1
repossess,1
repot,1
reprehend,1
represent,1
repress,1
reprieve,1
reprimand,1
reprint,1
reprise,1
reprize,1
reproach,1
reprobate,1
reprocess,1
reproduce,1
reproof,1
reprove,1
republish,1
repudiate,1
repugn,1
repulse,1
repurchase,1
repute,1
request,1
require,1
requisition,1
requite,1
reread,1
rerun,1
rescale,1
reschedule,1
rescind,1
rescue,1
reseal,1
research,1
reseat,1
resect,1
reseed,1
resell,1
resemble,1
resent,1
reserve,1
reset,1
resettle,1
resew,1
reshape,1
reship,1
reshoot,1
reshuffle,1
reside,1
resift,1
resign,1
resile,1
resinate,1
resist,1
resize,1
resmudge,1
resole,1
resolve,1
resonate,1
resorb,1
resort,1
resound,1
respect,1
respire,1
respite,1
resplend,1
respond,1
rest,1
rest on,1
restart,1
restate,1
restitute,1
restock,1
restore,1
restrain,1
restrengthen,1
restrict,1
restructure,1
resublime,1
resubmit,1
result,1
resume,1
resurface,1
resurge,1
resurrect,1
resuscitate,1
resuspend,1
ret,1
retail,1
retain,1
retake,1
retaliate,1
retard,1
retch,1
retell,1
rethink,1
retick,1
reticulate,1
retie,1
retire,1
retool,1
retort,1
retouch,1
retrace,1
retract,1
retrain,1
retranslate,1
retransmit,1
retread,1
retreat,1
retrench,1
retrieve,1
retrofit,1
retroflex,1
retrograde,1
retrogress,1
retrospect,1
retrovert,1
retry,1
return,1
reunify,1
reunite,1
reuse,1
rev,1
rev up,1
revalue,1
revamp,1
reveal,1
revel,1
revenge,1
reverberate,1
revere,1
reverence,1
reverse,1
revert,1
revet,1
review,1
revile,1
revise,1
revisit,1
revitalise,1
revitalize,1
revive,1
revivify,1
revoke,1
revolt,1
revolutionise,1
revolutionize,1
revolve,1
revolve about,1
revolve around,1
reward,1
rewire,1
reword,1
rework,1
rewrite,1
rhapsodise,1
rhapsodize,1
rhumba,1
rhyme,1
rib,1
rice,1
rick,1
ricochet,1
rid,1
rid of,1
riddle,1
ride,1
ride away,1
ride herd,1
ride horseback,1
ride off,1
ride out,1
ride roughshod,1
ride the bench,1
ridge,1
ridicule,1
riff,1
riffle,1
rifle,1
rig,1
rig out,1
rig up,1
right,1
rigidify,1
rile,1
rim,1
rime,1
ring,1
ring out,1
ring up,1
rinse,1
rinse off,1
riot,1
rip,1
rip off,1
rip out,1
rip up,1
ripen,1
riposte,1
ripple,1
rise,1
rise up,1
risk,1
ritualise,1
ritualize,1
rival,1
rive,1
rivet,1
roach,1
roam,1
roar,1
roar off,1
roast,1
rob,1
robe,1
rock,1
rocket,1
roil,1
roister,1
roleplay,1
roll,1
roll around,1
roll down,1
roll in,1
roll in the hay,1
roll off,1
roll out,1
roll over,1
roll up,1
roller skate,1
rollerblade,1
rollick,1
romance,1
romanise,1
romanize,1
romanticise,1
romanticize,1
romp,1
roneo,1
roof,1
rook,1
room,1
roost,1
root,1
root for,1
root on,1
root out,1
rootle,1
rope,1
rope down,1
rope in,1
rope off,1
rope up,1
rosin,1
rot,1
rotate,1
rouge,1
rough,1
rough-dry,1
rough-hew,1
rough-house,1
rough-sand,1
rough in,1
rough out,1
rough up,1
roughcast,1
roughen,1
roughhouse,1
round,1
round down,1
round off,1
round out,1
round up,1
rouse,1
rout,1
rout out,1
rout up,1
route,1
rove,1
row,1
rub,1
rub along,1
rub down,1
rub off,1
rub out,1
rubber,1
rubberise,1
rubberize,1
rubberneck,1
rubberstamp,1
rubbish,1
rubify,1
rubric,1
rubricate,1
ruck,1
ruck up,1
ruckle,1
ruddle,1
rue,1
ruff,1
ruffle,1
ruffle up,1
ruggedise,1
ruggedize,1
ruin,1
rule,1
rule in,1
rule out,1
rumba,1
rumble,1
ruminate,1
rummage,1
rumor,1
rumour,1
rumple,1
rumpus,1
run,1
run a risk,1
run across,1
run afoul,1
run aground,1
run along,1
run around,1
run away,1
run bases,1
run by,1
run down,1
run dry,1
run for,1
run into,1
run low,1
run off,1
run on,1
run out,1
run over,1
run roughshod,1
run short,1
run through,1
run up,1
rupture,1
rush,1
rush along,1
rush away,1
rush off,1
rush out,1
rust,1
rusticate,1
rustle,1
rut,1
saber,1
sabotage,1
sabre,1
saccharify,1
sack,1
sack out,1
sack up,1
sacrifice,1
sadden,1
saddle,1
safeguard,1
sag,1
sag down,1
sail,1
sail through,1
sailplane,1
saint,1
salaam,1
salinate,1
salivate,1
sallow,1
sally forth,1
sally out,1
salt,1
salt away,1
saltate,1
salute,1
salvage,1
salve,1
samba,1
sample,1
sanctify,1
sanction,1
sand,1
sand cast,1
sandbag,1
sandblast,1
sandpaper,1
sandwich,1
sanitate,1
sanitise,1
sanitize,1
sap,1
saponify,1
sashay,1
sass,1
sate,1
satellite,1
satiate,1
satirise,1
satirize,1
satisfice,1
satisfise,1
satisfy,1
saturate,1
sauce,1
saunter,1
saute,1
savage,1
save,1
save up,1
savor,1
savour,1
savvy,1
saw,1
saw logs,1
saw wood,1
say,1
say farewell,1
scab,1
scaffold,1
scald,1
scale,1
scale down,1
scale up,1
scallop,1
scalp,1
scam,1
scamp,1
scamper,1
scan,1
scandalise,1
scandalize,1
scant,1
scar,1
scare,1
scare away,1
scare off,1
scarf,1
scarf out,1
scarify,1
scarper,1
scat,1
scatter,1
scavenge,1
scend,1
scent,1
scent out,1
schedule,1
schematise,1
schematize,1
scheme,1
schlep,1
schmoose,1
schmooze,1
schnorr,1
school,1
schuss,1
scintillate,1
scissor,1
sclaff,1
scoff,1
scold,1
scollop,1
scoop,1
scoop out,1
scoop up,1
scoot,1
scorch,1
score,1
score out,1
scorn,1
scotch,1
scotch tape,1
scour,1
scourge,1
scout,1
scowl,1
scrabble,1
scrag,1
scram,1
scramble,1
scranch,1
scrap,1
scrape,1
scrape along,1
scrape by,1
scrape up,1
scratch,1
scratch along,1
scratch off,1
scratch out,1
scratch up,1
scraunch,1
scrawl,1
screak,1
scream,1
screech,1
screen,1
screen off,1
screen out,1
screw,1
screw up,1
scribble,1
scribe,1
scrimmage,1
scrimp,1
scrimshank,1
script,1
scroll,1
scrounge,1
scrub,1
scrub up,1
scrunch,1
scrunch up,1
scruple,1
scrutinise,1
scrutinize,1
scry,1
scud,1
scuff,1
scuffle,1
scull,1
sculpt,1
sculpture,1
scum,1
scupper,1
scurry,1
scuttle,1
scythe,1
seal,1
seal in,1
seal off,1
seam,1
seaplane,1
sear,1
search,1
season,1
seat,1
secede,1
secern,1
secernate,1
seclude,1
second,1
second-guess,1
secrete,1
section,1
sectionalise,1
sectionalize,1
secularise,1
secularize,1
secure,1
sedate,1
sediment,1
seduce,1
see,1
see double,1
see eye to eye,1
see red,1
see the light,1
see through,1
see to it,1
seed,1
seek,1
seek out,1
seel,1
seem,1
seep,1
seesaw,1
seethe,1
segment,1
segregate,1
segue,1
seine,1
seize,1
seize on,1
seize with teeth,1
select,1
self-destroy,1
self-destruct,1
sell,1
sell off,1
sell out,1
sell short,1
sell up,1
sellotape,1
semaphore,1
semi-automatise,1
semi-automatize,1
send,1
send a message,1
send around,1
send away,1
send back,1
send down,1
send for,1
send in,1
send off,1
send on,1
send out,1
send packing,1
send word,1
senesce,1
sense,1
sensibilise,1
sensibilize,1
sensify,1
sensitise,1
sensitize,1
sensualise,1
sensualize,1
sentence,1
sentimentalise,1
sentimentalize,1
sentimentise,1
sentimentize,1
separate,1
separate off,1
separate out,1
sequence,1
sequester,1
sequestrate,1
serenade,1
serialise,1
serialize,1
sermonise,1
sermonize,1
serrate,1
serve,1
serve up,1
serve well,1
service,1
set,1
set ablaze,1
set about,1
set afire,1
set aflame,1
set ahead,1
set apart,1
set ashore,1
set aside,1
set back,1
set down,1
set forth,1
set free,1
set in,1
set in motion,1
set off,1
set on,1
set on fire,1
set out,1
set to music,1
set up,1
set upon,1
settle,1
settle down,1
settle on,1
sever,1
severalise,1
severalize,1
sew,1
sew together,1
sex,1
sex up,1
sexualise,1
sexualize,1
shack,1
shack up,1
shackle,1
shade,1
shade off,1
shadow,1
shadowbox,1
shaft,1
shag,1
shake,1
shake hands,1
shake off,1
shake up,1
shallow,1
sham,1
shamanise,1
shamanize,1
shamble,1
shame,1
shampoo,1
shanghai,1
shank,1
shape,1
shape up,1
share,1
shark,1
sharpen,1
sharpshoot,1
shatter,1
shave,1
she-bop,1
shear,1
sheathe,1
shed,1
shed blood,1
shed light on,1
sheer,1
sheet,1
shell,1
shell out,1
shell stitch,1
shellac,1
shellack,1
shelter,1
shelve,1
shepherd,1
shew,1
shield,1
shift,1
shill,1
shillyshally,1
shimmer,1
shimmy,1
shin,1
shine,1
shine at,1
shine up,1
shingle,1
shinny,1
ship,1
shipwreck,1
shirk,1
shirr,1
shirt,1
shit,1
shiver,1
shlep,1
shmoose,1
shmooze,1
shnorr,1
shoal,1
shock,1
shoe,1
shoehorn,1
shoetree,1
shoo,1
shoo away,1
shoo off,1
shoot,1
shoot a line,1
shoot craps,1
shoot down,1
shoot for,1
shoot one's mouth off,1
shoot the breeze,1
shoot up,1
shop,1
shop at,1
shoplift,1
shore,1
shore up,1
short,1
short-change,1
short-circuit,1
shorten,1
shortlist,1
shoulder,1
shoulder in,1
shout,1
shout down,1
shout out,1
shove,1
shove along,1
shove off,1
shovel,1
shovel in,1
show,1
show off,1
show the door,1
show up,1
shower,1
shower down,1
shred,1
shriek,1
shrill,1
shrimp,1
shrine,1
shrink,1
shrink back,1
shrink from,1
shrinkwrap,1
shrive,1
shrivel,1
shrivel up,1
shroud,1
shrug,1
shrug off,1
shuck,1
shudder,1
shuffle,1
shun,1
shunt,1
shush,1
shut,1
shut away,1
shut down,1
shut in,1
shut off,1
shut one's mouth,1
shut out,1
shut up,1
shutter,1
shuttle,1
shuttlecock,1
shy,1
shy away from,1
sibilate,1
sic,1
sick,1
sicken,1
side,1
side-slip,1
sideline,1
sidestep,1
sideswipe,1
sidetrack,1
sidle,1
sidle up,1
sieve,1
sieve out,1
sift,1
sigh,1
sight,1
sight-read,1
sight-sing,1
sightread,1
sightsee,1
sightsing,1
sign,1
sign away,1
sign in,1
sign off,1
sign on,1
sign over,1
sign up,1
signal,1
signalise,1
signalize,1
signify,1
signpost,1
silence,1
silhouette,1
silkscreen,1
silt,1
silt up,1
silver,1
silver-plate,1
silverplate,1
simmer,1
simmer down,1
simonise,1
simonize,1
simper,1
simplify,1
simulate,1
sin,1
sing,1
sing along,1
singe,1
single,1
single-foot,1
single crochet,1
single out,1
single stitch,1
singsong,1
singularise,1
singularize,1
sink,1
sink in,1
sinter,1
sip,1
siphon,1
siphon off,1
sire,1
siss,1
sit,1
sit around,1
sit back,1
sit by,1
sit down,1
sit in,1
sit out,1
sit tight,1
sit up,1
site,1
situate,1
size,1
size up,1
sizz,1
sizzle,1
skank,1
skate,1
skate over,1
skateboard,1
skedaddle,1
sketch,1
skew,1
skewer,1
ski,1
ski jump,1
skid,1
skim,1
skim off,1
skim over,1
skimcoat,1
skimp,1
skimp over,1
skin,1
skin-dive,1
skin over,1
skin pop,1
skinny-dip,1
skip,1
skip-bomb,1
skip over,1
skip town,1
skipper,1
skirl,1
skirmish,1
skirt,1
skitter,1
skittle,1
skive,1
skreak,1
skreigh,1
skulk,1
skunk,1
sky,1
sky dive,1
skydive,1
skyjack,1
skylark,1
skyrocket,1
slabber,1
slack,1
slack off,1
slack up,1
slacken,1
slacken off,1
slag,1
slake,1
slalom,1
slam,1
slam-dunk,1
slam dance,1
slam on,1
slander,1
slang,1
slant,1
slap,1
slap on,1
slap together,1
slash,1
slat,1
slate,1
slather,1
slaughter,1
slave,1
slaver,1
slay,1
sled,1
sledge,1
sledgehammer,1
sleek,1
sleek down,1
sleek over,1
sleep,1
sleep around,1
sleep in,1
sleep late,1
sleep off,1
sleep out,1
sleep over,1
sleep together,1
sleep with,1
sleepwalk,1
sleet,1
sleigh,1
slenderise,1
slenderize,1
sleuth,1
slew,1
slice,1
slice into,1
slice through,1
slice up,1
slick,1
slick down,1
slick up,1
slide,1
slide by,1
slide down,1
slight,1
slim,1
slim down,1
slime,1
sling,1
slink,1
slip,1
slip away,1
slip by,1
slip in,1
slip off,1
slip on,1
slip one's mind,1
slip up,1
slit,1
slither,1
sliver,1
slobber,1
slobber over,1
slog,1
sloganeer,1
slop,1
slope,1
slosh,1
slosh around,1
slot,1
slouch,1
slough,1
slough off,1
slow,1
slow down,1
slow up,1
slue,1
slug,1
sluice,1
sluice down,1
slum,1
slumber,1
slump,1
slur,1
slur over,1
slurp,1
slush,1
slush around,1
smack,1
smart,1
smarten up,1
smash,1
smash up,1
smatter,1
smear,1
smell,1
smell out,1
smell up,1
smelt,1
smile,1
smirch,1
smirk,1
smite,1
smock,1
smoke,1
smoke out,1
smolder,1
smooch,1
smooth,1
smooth out,1
smooth over,1
smoothen,1
smother,1
smoulder,1
smudge,1
smuggle,1
smut,1
smutch,1
snack,1
snaffle,1
snafu,1
snag,1
snail,1
snake,1
snap,1
snap at,1
snap back,1
snap off,1
snap up,1
snare,1
snarf,1
snarl,1
snarl up,1
snatch,1
snatch up,1
sneak,1
sneak away,1
sneak in,1
sneak off,1
sneak out,1
sneak up,1
sneer,1
sneeze,1
snick,1
snicker,1
sniff,1
sniff out,1
sniffle,1
snigger,1
snip,1
snip off,1
snipe,1
snitch,1
snivel,1
snog,1
snooker,1
snoop,1
snooze,1
snore,1
snorkel,1
snort,1
snow,1
snow-blind,1
snowball,1
snowboard,1
snowmobile,1
snowshoe,1
snub,1
snuff,1
snuff it,1
snuff out,1
snuffle,1
snuggle,1
soak,1
soak through,1
soak up,1
soap,1
soar,1
soar up,1
soar upwards,1
sob,1
sober,1
sober up,1
socialise,1
socialize,1
sock,1
sod,1
sodomise,1
sodomize,1
soft-pedal,1
soft-soap,1
soft-solder,1
soften,1
soil,1
sojourn,1
solace,1
solarise,1
solarize,1
solder,1
soldier,1
sole,1
solemnise,1
solemnize,1
solicit,1
solidify,1
soliloquise,1
soliloquize,1
solmizate,1
solo,1
solvate,1
solve,1
somersault,1
somnambulate,1
sonnet,1
soot,1
soothe,1
sop,1
sop up,1
sophisticate,1
sorb,1
sorcerise,1
sorcerize,1
sorrow,1
sort,1
sort out,1
sough,1
sound,1
sound off,1
sound out,1
soundproof,1
soup,1
soup up,1
sour,1
source,1
souse,1
sovietise,1
sovietize,1
sow,1
sow in,1
sow one's oats,1
sow one's wild oats,1
space,1
spacewalk,1
spade,1
spam,1
span,1
spang,1
spangle,1
spank,1
spar,1
spare,1
sparge,1
spark,1
spark off,1
sparkle,1
spat,1
spatchcock,1
spatter,1
spawn,1
spay,1
speak,1
speak for,1
speak in tongues,1
speak of the devil,1
speak out,1
speak up,1
spear,1
spear up,1
spearhead,1
specialise,1
specialize,1
speciate,1
specify,1
speck,1
speckle,1
spectate,1
speculate,1
speech-read,1
speechify,1
speed,1
speed skate,1
speed up,1
spell,1
spell out,1
spellbind,1
spelunk,1
spend,1
spend a penny,1
spew,1
spew out,1
sphacelate,1
spice,1
spice up,1
spiel,1
spiel off,1
spiff up,1
spike,1
spike out,1
spill,1
spill out,1
spill over,1
spill the beans,1
spin,1
spin-dry,1
spin around,1
spin off,1
spin out,1
spiral,1
spirit,1
spirit away,1
spirit off,1
spirit up,1
spiritise,1
spiritize,1
spiritualise,1
spiritualize,1
spirt,1
spit,1
spit out,1
spit up,1
spite,1
splash,1
splash around,1
splat,1
splatter,1
splay,1
splice,1
splint,1
splinter,1
split,1
split up,1
splosh,1
splotch,1
splurge,1
splutter,1
spoil,1
spondaise,1
spondaize,1
sponge,1
sponge down,1
sponge off,1
sponge on,1
sponge up,1
sponsor,1
spoof,1
spook,1
spool,1
spoon,1
spoonfeed,1
sport,1
sportscast,1
sporulate,1
spot,1
spot-check,1
spot-weld,1
spot jam,1
spot promote,1
spotlight,1
spotweld,1
spout,1
sprain,1
sprawl,1
spray,1
spray-dry,1
spread,1
spread-eagle,1
spread out,1
spread over,1
spreadeagle,1
spree,1
spring,1
spring-clean,1
spring to mind,1
spring up,1
sprinkle,1
sprint,1
spritz,1
sprout,1
spruce,1
spruce up,1
spud,1
spue,1
spume,1
spur,1
spurn,1
spurt,1
sputter,1
spy,1
squabble,1
squall,1
squander,1
square,1
square away,1
square dance,1
square off,1
square up,1
squash,1
squat,1
squawk,1
squeak,1
squeak by,1
squeak through,1
squeal,1
squeegee,1
squeeze,1
squeeze by,1
squeeze for,1
squeeze out,1
squelch,1
squinch,1
squint,1
squire,1
squirm,1
squirrel away,1
squirt,1
squish,1
stab,1
stabilise,1
stabilize,1
stable,1
stack,1
stack away,1
stack up,1
staff,1
stag,1
stage,1
stage direct,1
stagger,1
stagnate,1
stain,1
stake,1
stale,1
stalemate,1
stalinise,1
stalinize,1
stalk,1
stall,1
stammer,1
stamp,1
stamp down,1
stamp out,1
stampede,1
stanch,1
stand,1
stand back,1
stand by,1
stand fast,1
stand firm,1
stand for,1
stand guard,1
stand in,1
stand out,1
stand pat,1
stand sentinel,1
stand still,1
stand up,1
stand watch,1
standardise,1
standardize,1
staple,1
star,1
starboard,1
starch,1
stare,1
stare down,1
stargaze,1
start,1
start out,1
start up,1
startle,1
starve,1
stash,1
stash away,1
state,1
station,1
staunch,1
stave,1
stave in,1
stave off,1
stay,1
stay at,1
stay away,1
stay fresh,1
stay in place,1
stay off,1
stay on,1
stay over,1
stay put,1
stay together,1
stay up,1
steady,1
steady down,1
steal,1
steal away,1
steam,1
steam-heat,1
steam clean,1
steamer,1
steamroll,1
steamroller,1
steel,1
steel oneself against,1
steel onself for,1
steep,1
steepen,1
steer,1
stem,1
stencil,1
stenograph,1
step,1
step down,1
step forward,1
step in,1
step on,1
step on it,1
step out,1
step to the fore,1
step up,1
stereotype,1
sterilise,1
sterilize,1
stet,1
stew,1
stick,1
stick about,1
stick around,1
stick by,1
stick in,1
stick on,1
stick out,1
stick to,1
stick together,1
stick up,1
stick with,1
stickle,1
stiffen,1
stifle,1
stigmatise,1
stigmatize,1
still,1
still-fish,1
still-hunt,1
stimulate,1
sting,1
stink,1
stink out,1
stink up,1
stint,1
stipple,1
stipulate,1
stir,1
stir fry,1
stir up,1
stitch,1
stock,1
stock-take,1
stock up,1
stockade,1
stockpile,1
stoke,1
stomach,1
stomp,1
stone,1
stone-wash,1
stonewall,1
stonewash,1
stooge,1
stool,1
stoop,1
stoop to,1
stop,1
stop dead,1
stop over,1
stop up,1
stopper,1
stopple,1
store,1
storm,1
stow,1
stow away,1
straddle,1
strafe,1
straggle,1
straighten,1
straighten out,1
straighten up,1
strain,1
straiten,1
strand,1
strangle,1
strangulate,1
strap,1
stratify,1
straw,1
stray,1
streak,1
stream,1
streamline,1
street-walk,1
streetwalk,1
strengthen,1
stress,1
stretch,1
stretch along,1
stretch forth,1
stretch out,1
strew,1
striate,1
strickle,1
stride,1
stridulate,1
strike,1
strike a blow,1
strike a chord,1
strike a note,1
strike back,1
strike down,1
strike dumb,1
strike hard,1
strike home,1
strike off,1
strike out,1
strike up,1
string,1
string along,1
string out,1
string up,1
strip,1
strip-search,1
strip down,1
strip mine,1
stripe,1
strive,1
stroke,1
stroll,1
strong-arm,1
strop,1
structure,1
struggle,1
strum,1
strut,1
stub,1
stub out,1
stucco,1
stud,1
study,1
stuff,1
stultify,1
stumble,1
stump,1
stun,1
stunt,1
stupefy,1
stutter,1
style,1
stylise,1
stylize,1
stymie,1
stymy,1
sub,1
subcontract,1
subdivide,1
subdue,1
subedit,1
subject,1
subjoin,1
subjugate,1
sublease,1
sublet,1
sublimate,1
sublime,1
subluxate,1
submarine,1
submerge,1
submerse,1
submit,1
subordinate,1
suborn,1
subpoena,1
subrogate,1
subscribe,1
subscribe to,1
subserve,1
subside,1
subsidise,1
subsidize,1
subsist,1
substantiate,1
substitute,1
subsume,1
subtend,1
subtilise,1
subtilize,1
subtitle,1
subtract,1
suburbanise,1
suburbanize,1
subvent,1
subvention,1
subvert,1
subvocalise,1
subvocalize,1
succeed,1
succor,1
succour,1
succumb,1
succuss,1
suck,1
suck in,1
suck out,1
suck up,1
suckle,1
suction,1
sudate,1
suds,1
sue,1
suffer,1
suffice,1
suffix,1
suffocate,1
suffuse,1
sugar,1
sugarcoat,1
suggest,1
suit,1
sulfate,1
sulfur,1
sulfurette,1
sulk,1
sully,1
sulphur,1
sulphurette,1
sum,1
sum up,1
summarise,1
summarize,1
summate,1
summer,1
summerise,1
summerize,1
summit,1
summon,1
summons,1
sun,1
sunbathe,1
sunburn,1
sunder,1
suntan,1
sup,1
superannuate,1
supercede,1
supercharge,1
superfetate,1
superimpose,1
superinfect,1
superintend,1
superordinate,1
superpose,1
superscribe,1
supersede,1
supervene,1
supervene upon,1
supervise,1
supinate,1
supplant,1
supple,1
supplement,1
supplicate,1
supply,1
support,1
suppose,1
suppress,1
suppurate,1
surcharge,1
surf,1
surface,1
surface-mine,1
surface mine,1
surfboard,1
surfeit,1
surge,1
surmise,1
surmount,1
surpass,1
surprise,1
surrender,1
surround,1
surtax,1
surveil,1
survey,1
survive,1
suspect,1
suspend,1
suspire,1
suss out,1
sustain,1
susurrate,1
suture,1
swab,1
swaddle,1
swag,1
swage,1
swagger,1
swallow,1
swallow up,1
swamp,1
swan,1
swank,1
swap,1
swarm,1
swash,1
swat,1
swathe,1
swatter,1
sway,1
swear,1
swear in,1
swear off,1
swear out,1
sweat,1
sweat off,1
sweep,1
sweep away,1
sweep off,1
sweep over,1
sweep through,1
sweep under the rug,1
sweep up,1
sweet-talk,1
sweeten,1
swell,1
swell up,1
swelter,1
swerve,1
swig,1
swill,1
swill down,1
swim,1
swindle,1
swing,1
swing about,1
swing around,1
swing out,1
swing over,1
swinge,1
swipe,1
swirl,1
swish,1
switch,1
switch-hit,1
switch off,1
switch on,1
switch over,1
swivel,1
swob,1
swoon,1
swoop,1
swoop up,1
swoosh,1
swop,1
swosh,1
swot,1
swot up,1
syllabicate,1
syllabify,1
syllabise,1
syllabize,1
syllogise,1
syllogize,1
symbolise,1
symbolize,1
symmetrise,1
symmetrize,1
sympathise,1
sympathize,1
sympathize with,1
symphonise,1
symphonize,1
sync,1
synchronise,1
synchronize,1
syncopate,1
syncretise,1
syncretize,1
syndicate,1
synthesise,1
synthesize,1
syphon,1
syringe,1
systematise,1
systematize,1
systemise,1
systemize,1
table,1
taboo,1
tabularise,1
tabularize,1
tabulate,1
tack,1
tack on,1
tack together,1
tackle,1
tag,1
tag along,1
tag on,1
tail,1
tailgate,1
tailor,1
tailor-make,1
taint,1
take,1
take a bow,1
take a breath,1
take a breather,1
take a chance,1
take a crap,1
take a dare,1
take a dive,1
take a firm stand,1
take a hit,1
take a hop,1
take a joke,1
take a leak,1
take a look,1
take a powder,1
take a shit,1
take aback,1
take account,1
take advantage,1
take after,1
take aim,1
take apart,1
take arms,1
take away,1
take back,1
take care,1
take chances,1
take charge,1
take control,1
take down,1
take effect,1
take exception,1
take fire,1
take five,1
take flight,1
take for,1
take for granted,1
take form,1
take heart,1
take heed,1
take hold,1
take hold of,1
take home,1
take in,1
take in charge,1
take in vain,1
take in water,1
take into account,1
take issue,1
take it easy,1
take it on the chin,1
take kindly to,1
take leave,1
take lying down,1
take note,1
take notice,1
take off,1
take office,1
take on,1
take one's lumps,1
take orders,1
take out,1
take over,1
take pains,1
take part,1
take place,1
take pride,1
take root,1
take shape,1
take stage,1
take stock,1
take ten,1
take the air,1
take the bull by the horns,1
take the cake,1
take the count,1
take the field,1
take the fifth,1
take the fifth amendment,1
take the floor,1
take the road,1
take the stage,1
take the stand,1
take the veil,1
take time by the forelock,1
take time off,1
take to,1
take to be,1
take to heart,1
take to task,1
take to the woods,1
take turns,1
take up,1
take up arms,1
take water,1
talc,1
talk,1
talk about,1
talk down,1
talk into,1
talk of,1
talk out of,1
talk over,1
talk shop,1
talk terms,1
talk through one's hat,1
talk turkey,1
tally,1
tame,1
tamp,1
tamp down,1
tamper,1
tampon,1
tan,1
tangle,1
tangle with,1
tango,1
tank,1
tantalise,1
tantalize,1
tap,1
tap dance,1
tap out,1
tapdance,1
tape,1
tape record,1
taper,1
taper off,1
tar,1
tar-and-feather,1
target,1
tariff,1
tarmac,1
tarnish,1
tarry,1
tart up,1
task,1
taste,1
tat,1
tattle,1
tattoo,1
taunt,1
tauten,1
tax,1
taxi,1
teach,1
team,1
team up,1
tear,1
tear apart,1
tear away,1
tear down,1
tear into,1
tear off,1
tear up,1
teargas,1
tease,1
tease apart,1
tee,1
tee off,1
tee up,1
teem,1
teem in,1
teeter,1
teeter-totter,1
teetertotter,1
teethe,1
teetotal,1
telecast,1
telecommunicate,1
telefax,1
telegraph,1
telepathise,1
telepathize,1
telephone,1
teleport,1
telescope,1
televise,1
telex,1
tell,1
tell apart,1
tell off,1
tell on,1
temper,1
temporise,1
temporize,1
tempt,1
tenant,1
tend,1
tender,1
tenderise,1
tenderize,1
tense,1
tense up,1
tent,1
tenure,1
tergiversate,1
term,1
terminate,1
terrace,1
terrasse,1
terrify,1
territorialise,1
territorialize,1
terrorise,1
terrorize,1
tessellate,1
test,1
test drive,1
test fly,1
testify,1
tether,1
thank,1
thatch,1
thaw,1
theme,1
theologise,1
theologize,1
theorise,1
theorize,1
thermostat,1
thicken,1
thieve,1
thin,1
thin out,1
think,1
think about,1
think back,1
think of,1
think out,1
think over,1
think the world of,1
think twice,1
think up,1
thirst,1
thoriate,1
thrash,1
thrash about,1
thrash out,1
thread,1
threaten,1
thresh,1
thresh about,1
thrill,1
thrive,1
throb,1
thrombose,1
throne,1
throng,1
throttle,1
throw,1
throw a fit,1
throw away,1
throw back,1
throw cold water on,1
throw in,1
throw in the towel,1
throw off,1
throw out,1
throw out of kilter,1
throw overboard,1
throw together,1
throw up,1
thrum,1
thrust,1
thrust ahead,1
thrust out,1
thud,1
thumb,1
thumbtack,1
thump,1
thump out,1
thunder,1
thurify,1
thwack,1
thwart,1
tick,1
tick off,1
tick over,1
ticket,1
tickle,1
tickle pink,1
ticktack,1
ticktock,1
tide,1
tide over,1
tidy,1
tidy up,1
tie,1
tie-dye,1
tie down,1
tie in,1
tie up,1
tighten,1
tighten one's belt,1
tighten up,1
tile,1
till,1
tiller,1
tilt,1
time,1
tin,1
tinct,1
tincture,1
ting,1
tinge,1
tingle,1
tink,1
tinker,1
tinkle,1
tinsel,1
tint,1
tintinnabulate,1
tip,1
tip off,1
tip over,1
tipple,1
tippytoe,1
tiptoe,1
tire,1
tire out,1
tissue,1
tithe,1
titillate,1
titivate,1
title,1
titrate,1
titter,1
tittivate,1
tittle-tattle,1
tittup,1
toady,1
toast,1
toboggan,1
toddle,1
toe,1
toe the line,1
toenail,1
tog,1
tog out,1
tog up,1
toggle,1
toil,1
toilet-train,1
tolerate,1
toll,1
tomahawk,1
tone,1
tone down,1
tone up,1
tongue,1
tongue-tie,1
tonsure,1
tool,1
tool around,1
toot,1
tootle,1
top,1
top off,1
top out,1
topdress,1
tope,1
topicalize,1
topple,1
torch,1
torment,1
torpedo,1
torture,1
toss,1
toss away,1
toss back,1
toss in,1
toss off,1
toss out,1
tot,1
tot up,1
total,1
totalise,1
totalize,1
tote,1
tote up,1
totter,1
touch,1
touch-type,1
touch a chord,1
touch base,1
touch down,1
touch off,1
touch on,1
touch up,1
toughen,1
tour,1
tourney,1
tousle,1
tout,1
tow,1
towel,1
tower,1
toy,1
toy with,1
trace,1
track,1
track down,1
trade,1
trade in,1
trademark,1
traduce,1
traffic,1
trail,1
train,1
traipse,1
tram,1
trammel,1
tramp,1
tramp down,1
trample,1
trance,1
tranquilize,1
tranquillise,1
tranquillize,1
transact,1
transaminate,1
transcend,1
transcribe,1
transduce,1
transect,1
transfer,1
transfigure,1
transfix,1
transform,1
transfuse,1
transgress,1
transistorise,1
transistorize,1
transit,1
transition,1
transitivise,1
transitivize,1
translate,1
transliterate,1
translocate,1
transmigrate,1
transmit,1
transmogrify,1
transmute,1
transpirate,1
transpire,1
transplant,1
transport,1
transpose,1
transship,1
transubstantiate,1
transude,1
trap,1
trash,1
traumatise,1
traumatize,1
travail,1
travel,1
travel along,1
travel by,1
travel purposefully,1
travel rapidly,1
travel to,1
traverse,1
travesty,1
trawl,1
tread,1
tread down,1
tread on,1
treadle,1
treasure,1
treat,1
treble,1
tree,1
trek,1
trellis,1
tremble,1
tremor,1
trench,1
trend,1
trepan,1
trephine,1
trespass,1
triangulate,1
tribulate,1
trice,1
trice up,1
trick,1
trick out,1
trick up,1
trickle,1
trifle,1
trifle away,1
trifurcate,1
trigger,1
trigger off,1
trill,1
trim,1
trim back,1
trim down,1
trip,1
trip out,1
trip the light fantastic,1
trip the light fantastic toe,1
trip up,1
triple,1
triple-space,1
triple-tongue,1
triplicate,1
trisect,1
triumph,1
trivialise,1
trivialize,1
troat,1
troll,1
troop,1
trot,1
trot out,1
trouble,1
trouble-shoot,1
trouble oneself,1
troubleshoot,1
trounce,1
trowel,1
truck,1
truckle,1
trudge,1
true,1
true up,1
trump,1
trump out,1
trump up,1
trumpet,1
truncate,1
trundle,1
truss,1
trust,1
try,1
try for,1
try on,1
try out,1
tsk,1
tube,1
tuck,1
tuck away,1
tuck in,1
tucker,1
tucker out,1
tug,1
tumble,1
tumble dry,1
tumefy,1
tumesce,1
tump over,1
tune,1
tune in,1
tune up,1
tunnel,1
turf,1
turf out,1
turn,1
turn a blind eye,1
turn a loss,1
turn a nice dime,1
turn a nice dollar,1
turn a nice penny,1
turn a profit,1
turn a trick,1
turn around,1
turn away,1
turn back,1
turn down,1
turn in,1
turn off,1
turn on,1
turn on a dime,1
turn one's stomach,1
turn out,1
turn over,1
turn tail,1
turn the tables,1
turn the tide,1
turn thumbs down,1
turn to,1
turn turtle,1
turn up,1
turn up the heat,1
turn up the pressure,1
turtle,1
tusk,1
tussle,1
tut,1
tut-tut,1
tutor,1
twaddle,1
twang,1
tweak,1
tweedle,1
tweet,1
tweeze,1
twiddle,1
twig,1
twill,1
twin,1
twine,1
twinge,1
twinkle,1
twirl,1
twirp,1
twist,1
twist around,1
twit,1
twitch,1
twitter,1
two-step,1
two-time,1
type,1
typecast,1
typeset,1
typewrite,1
typify,1
tyrannise,1
tyrannize,1
uglify,1
ulcerate,1
ultracentrifuge,1
ululate,1
umpire,1
unarm,1
unbalance,1
unbar,1
unbelt,1
unbend,1
unbind,1
unblock,1
unbolt,1
unbosom,1
unbox,1
unbrace,1
unbraid,1
unbridle,1
unbuckle,1
unburden,1
unbutton,1
uncase,1
unchain,1
unchurch,1
unclasp,1
unclip,1
uncloak,1
unclog,1
unclothe,1
unclutter,1
uncoil,1
uncompress,1
uncork,1
uncouple,1
uncover,1
uncrate,1
uncross,1
uncurl,1
undeceive,1
underachieve,1
underact,1
underbid,1
undercharge,1
undercoat,1
undercut,1
underdevelop,1
underdress,1
underestimate,1
underexpose,1
undergird,1
undergo,1
undergrow,1
underlay,1
underlie,1
underline,1
undermine,1
undernourish,1
underpay,1
underperform,1
underpin,1
underplay,1
underprice,1
underproduce,1
underquote,1
underrate,1
underscore,1
undersell,1
undershoot,1
undersign,1
underspend,1
understand,1
understate,1
understock,1
understudy,1
undertake,1
undervalue,1
underwrite,1
undo,1
undock,1
undrape,1
undress,1
undulate,1
unearth,1
unfasten,1
unfit,1
unfold,1
unfreeze,1
unfrock,1
unfurl,1
unhallow,1
unhand,1
unharness,1
unhinge,1
unhitch,1
unhook,1
unhorse,1
unicycle,1
uniform,1
uniformise,1
uniformize,1
unify,1
unionise,1
unionize,1
unite,1
unitise,1
unitize,1
universalise,1
universalize,1
unknot,1
unlace,1
unlade,1
unlash,1
unlax,1
unlearn,1
unleash,1
unlive,1
unload,1
unlock,1
unloose,1
unloosen,1
unmake,1
unman,1
unmask,1
unmuzzle,1
unnerve,1
unpack,1
unpick,1
unpin,1
unplug,1
unravel,1
unreel,1
unroll,1
unsaddle,1
unsanctify,1
unsay,1
unscramble,1
unscrew,1
unseal,1
unseat,1
unsettle,1
unsex,1
unsheathe,1
unsnarl,1
unsolder,1
unspell,1
unstaple,1
unstrain,1
unstrap,1
unstring,1
unstuff,1
unsubstantialise,1
unsubstantialize,1
untangle,1
unteach,1
unthaw,1
untie,1
untune,1
untwine,1
untwist,1
unveil,1
unweave,1
unwind,1
unwire,1
unwrap,1
unyoke,1
unzip,1
up,1
upbraid,1
upchuck,1
update,1
upend,1
upgrade,1
upheave,1
uphold,1
upholster,1
uplift,1
upload,1
upraise,1
uprise,1
uproot,1
upset,1
upstage,1
urbanise,1
urbanize,1
urge,1
urge on,1
urinate,1
urticate,1
use,1
use up,1
usher,1
usher in,1
usher out,1
usurp,1
utilise,1
utilize,1
utter,1
vacate,1
vacation,1
vaccinate,1
vacillate,1
vacuum,1
vacuum-clean,1
vagabond,1
valet,1
validate,1
valuate,1
value,1
vamoose,1
vamp,1
vamp up,1
vandalise,1
vandalize,1
vanish,1
vanquish,1
vaporise,1
vaporize,1
variegate,1
varnish,1
vary,1
vascularise,1
vascularize,1
vasectomise,1
vasectomize,1
vaticinate,1
vault,1
vaunt,1
veer,1
vege out,1
vegetate,1
veil,1
vein,1
velcro,1
vellicate,1
vend,1
veneer,1
venerate,1
venesect,1
vent,1
ventilate,1
venture,1
verbalise,1
verbalize,1
verbify,1
verdigris,1
verge,1
verify,1
vermiculate,1
vermilion,1
verse,1
versify,1
vesicate,1
vesiculate,1
vest,1
vesture,1
vet,1
veto,1
vex,1
vibrate,1
victimise,1
victimize,1
victual,1
videotape,1
vie,1
view,1
view as,1
vilify,1
vilipend,1
vindicate,1
vinify,1
violate,1
virilise,1
virilize,1
visa,1
visit,1
visualise,1
visualize,1
vitalise,1
vitalize,1
vitaminise,1
vitaminize,1
vitiate,1
vitrify,1
vitriol,1
vituperate,1
vivify,1
vivisect,1
vocalise,1
vocalize,1
vociferate,1
voice,1
void,1
volatilise,1
volatilize,1
volley,1
volunteer,1
vomit,1
vomit up,1
voodoo,1
vote,1
vote down,1
vote in,1
vote out,1
vouch,1
vouchsafe,1
vow,1
vowelise,1
vowelize,1
voyage,1
vroom,1
vulcanise,1
vulcanize,1
vulgarise,1
vulgarize,1
wad,1
waddle,1
wade,1
waffle,1
waft,1
wag,1
wage,1
wager,1
waggle,1
wail,1
wait,1
wait on,1
waitress,1
waive,1
wake,1
wake up,1
waken,1
walk,1
walk about,1
walk around,1
walk away,1
walk in,1
walk off,1
walk on air,1
walk out,1
walk out of,1
walk over,1
walk through,1
wall,1
wall in,1
wall up,1
wallop,1
wallow,1
wallpaper,1
waltz,1
waltz around,1
wamble,1
wan,1
wander,1
wane,1
wangle,1
wank,1
want,1
wanton,1
wanton away,1
war,1
warble,1
ward,1
ward off,1
ware,1
warehouse,1
warm,1
warm the bench,1
warm to,1
warm up,1
warn,1
warp,1
warrant,1
wash,1
wash away,1
wash down,1
wash off,1
wash one's hands,1
wash out,1
wash up,1
wassail,1
waste,1
waste one's time,1
watch,1
watch out,1
watch over,1
water,1
water-wash,1
water down,1
water ski,1
watercolor,1
watercolour,1
waterproof,1
wattle,1
waul,1
wave,1
wave off,1
waver,1
wawl,1
wax,1
waylay,1
weaken,1
wean,1
weaponize,1
wear,1
wear away,1
wear down,1
wear off,1
wear on,1
wear out,1
wear round,1
wear ship,1
wear the trousers,1
wear thin,1
wear upon,1
weary,1
weather,1
weatherproof,1
weatherstrip,1
weave,1
web,1
wed,1
wedel,1
wedge,1
wee,1
wee-wee,1
weed,1
weed out,1
weekend,1
weep,1
weigh,1
weigh anchor,1
weigh down,1
weigh on,1
weigh the anchor,1
weight,1
weight-lift,1
weight down,1
weightlift,1
welch,1
welcome,1
weld,1
well,1
well out,1
well over,1
well up,1
welsh,1
welt,1
welter,1
wench,1
wend,1
westernise,1
westernize,1
wet,1
wet-nurse,1
whack,1
whale,1
wham,1
whang,1
whap,1
wharf,1
wheedle,1
wheel,1
wheel around,1
wheelbarrow,1
wheeze,1
whelk,1
whelm,1
whelp,1
whet,1
whicker,1
whiff,1
while away,1
whimper,1
whine,1
whinny,1
whip,1
whip through,1
whip up,1
whipsaw,1
whir,1
whirl,1
whirl around,1
whirligig,1
whirlpool,1
whirr,1
whish,1
whisk,1
whisk away,1
whisk by,1
whisk off,1
whisker,1
whisper,1
whistle,1
whistlestop,1
white,1
white-out,1
white out,1
whiten,1
whiteout,1
whitewash,1
whittle,1
whittle away,1
whittle down,1
whiz,1
whizz,1
whizz along,1
wholesale,1
whomp,1
whomp up,1
whoop,1
whoop it up,1
whoosh,1
whop,1
whore,1
widen,1
widow,1
wield,1
wiggle,1
wigwag,1
will,1
wilt,1
win,1
win back,1
win over,1
wince,1
winch,1
wind,1
wind off,1
wind up,1
window-dress,1
window-shop,1
windsurf,1
wine,1
wine and dine,1
wing,1
wink,1
wink at,1
winkle,1
winkle out,1
winnow,1
winnow out,1
winter,1
winterise,1
winterize,1
wipe,1
wipe away,1
wipe off,1
wipe out,1
wipe up,1
wire,1
wiretap,1
wise up,1
wisecrack,1
wish,1
wish well,1
witch,1
withdraw,1
wither,1
withhold,1
withstand,1
witness,1
wive,1
wobble,1
wolf,1
wolf-whistle,1
wolf down,1
womanise,1
womanize,1
wonder,1
woo,1
woolgather,1
woosh,1
word,1
work,1
work at,1
work in,1
work off,1
work on,1
work out,1
work over,1
work through,1
work up,1
worm,1
worry,1
worsen,1
worship,1
worst,1
wound,1
wow,1
wrack,1
wrangle,1
wrap,1
wrap up,1
wrawl,1
wreak,1
wreathe,1
wreck,1
wrench,1
wrest,1
wrestle,1
wrick,1
wriggle,1
wring,1
wring from,1
wring out,1
wrinkle,1
write,1
write about,1
write copy,1
write down,1
write in,1
write in code,1
write of,1
write off,1
write on,1
write out,1
write up,1
writhe,1
wrong,1
x-ray,1
xerox,1
yacht,1
yack,1
yack away,1
yak,1
yammer,1
yank,1
yap,1
yap away,1
yarn,1
yarn-dye,1
yaup,1
yaw,1
yawl,1
yawn,1
yawp,1
yearn,1
yell,1
yellow,1
yelp,1
yen,1
yield,1
yield up,1
yip,1
yodel,1
yoke,1
yowl,1
zap,1
zero,1
zero in,1
zest,1
zigzag,1
zinc,1
zip,1
zip by,1
zip up,1
zipper,1
zone,1
zonk out,1
zoom,1
zoom along,1
zoom in,1
